"time","freqHz","T2","clutch1.phi_rel","clutch1.w_rel","clutch2.phi_rel","clutch2.w_rel","clutch3.phi_rel","clutch3.w_rel","J1.phi","J1.w"
0.0,0.2,0.4,0.0,-10.0,0.0,0.0,0.0,0.0,0.0,10.0
8.63167457503e-13,0.2,0.4,-8.63167457502e-12,-9.99999999998,-7.45057823458e-24,-8.6316718382e-12,0.0,0.0,8.63167457502e-12,9.99999999999
1.00000031706e-09,0.2,0.4,-1.00000029981e-08,-9.99999998,-8.62508716425e-17,-1e-08,0.0,0.0,1.00000030843e-08,9.99999999
1.00000031706e-09,0.2,0.4,-1.00000029981e-08,-9.99999998,-8.62508716425e-17,-1e-08,0.0,0.0,1.00000030843e-08,9.99999999
1.00521749485e-09,0.2,0.4,-1.00521747759e-08,-9.9999999799,-8.63033156098e-17,-1.00521717614e-08,0.0,0.0,1.00521748622e-08,9.99999998995
5.31769954454e-08,0.2,0.4,-5.31769898795e-07,-9.99999893646,-2.78296785051e-14,-5.31769785875e-07,0.0,0.0,5.31769926625e-07,9.99999946823
5.74894774951e-07,0.2,0.4,-5.74894350982e-06,-9.99998850217,-2.11985913213e-12,-5.74894592883e-06,0.0,0.0,5.74894562968e-06,9.99999425112
2.66396436331e-06,0.2,0.4,-2.66395668839e-05,-9.99994672194,-3.83754204036e-11,-2.66396352248e-05,0.0,0.0,2.66396052593e-05,9.99997336157
8.27321930319e-06,0.2,0.4,-8.27314911767e-05,-9.99983454669,-3.50949198857e-10,-8.27321671493e-05,0.0,0.0,8.27318421259e-05,9.99991727886
1.97276098391e-05,0.2,0.4,-0.000197272173499,-9.99960550958,-1.96270981915e-09,-0.000197276037779,0.0,0.0,0.000197274136209,9.99980278562
4.08035070961e-05,0.2,0.4,-0.000408018374186,-9.99918419244,-8.35058570354e-09,-0.000408034949722,0.0,0.0,0.000408026724772,9.99959222739
7.81495410337e-05,0.2,0.4,-0.000781434295638,-9.99843797007,-3.05722683155e-08,-0.000781495191646,0.0,0.0,0.000781464867906,9.99921946526
0.000143517036503,0.2,0.4,-0.00143496448427,-9.9971328968,-1.03030963648e-07,-0.00143517000399,0.0,0.0,0.00143506751524,9.9985680668
0.000257990303617,0.2,0.4,-0.0025792383769,-9.99485065172,-3.32850185368e-07,-0.00257990249893,0.0,0.0,0.00257957122708,9.99743055422
0.000461539217342,0.2,0.4,-0.00461326779382,-9.99080267918,-1.06515785378e-06,-0.00461539147757,0.0,0.0,0.00461433295168,9.99541807065
0.000840149788384,0.2,0.4,-0.00839447514559,-9.98330787467,-3.52933578273e-06,-0.00840149694553,0.0,0.0,0.00839800448137,9.99170937162
0.00161527347044,0.2,0.4,-0.0161269030011,-9.96810425736,-1.30456335214e-05,-0.0161527295873,0.0,0.0,0.0161399486346,9.98425698695
0.00335302077449,0.2,0.4,-0.0334201628063,-9.93470332717,-5.62137745005e-05,-0.0335301334588,0.0,0.0,0.0334763765808,9.96823346063
0.00597703651418,0.2,0.4,-0.0594261039444,-9.88604936949,-0.000178623982716,-0.0597698699735,0.0,0.0,0.0596047279271,9.94581923946
0.0113495438744,0.2,0.4,-0.112292299714,-9.79297971307,-0.000644047788338,-0.113491731921,0.0,0.0,0.112936347503,9.90647144499
0.0167220512346,0.2,0.4,-0.164679516585,-9.70837590681,-0.00139807979823,-0.167208792909,0.0,0.0,0.166077596383,9.87558469972
0.0220945585949,0.2,0.4,-0.216629856641,-9.63161745674,-0.00244068892228,-0.220918695535,0.0,0.0,0.219070545564,9.85253615227
0.0274670659551,0.2,0.4,-0.268184795716,-9.56184150472,-0.00377183007186,-0.274618913268,0.0,0.0,0.271956625788,9.83646041798
0.0377305785747,0.2,0.4,-0.365689459089,-9.44368733253,-0.00711667452032,-0.377170594349,0.0,0.0,0.372806133609,9.82085792688
0.0479940911943,0.2,0.4,-0.462043248881,-9.3378966868,-0.0115137412551,-0.479660597047,0.0,0.0,0.473556990136,9.81755728384
0.0582576038139,0.2,0.4,-0.557328463176,-9.23449531895,-0.0169623219742,-0.582071833689,0.0,0.0,0.574290785151,9.81656715264
0.0685211164335,0.2,0.4,-0.651519532767,-9.12314113492,-0.0234615252864,-0.684387279364,0.0,0.0,0.674981058053,9.80752841429
0.0787846290532,0.2,0.4,-0.74448712636,-8.99426430153,-0.0310102812579,-0.786589928382,0.0,0.0,0.775497407618,9.78085422991
0.0890481416728,0.2,0.4,-0.83601206159,-8.84010656223,-0.039607344489,-0.888662786877,0.0,0.0,0.875619406079,9.72876934911
0.0993116542924,0.2,0.4,-0.925808153244,-8.65554299863,-0.0492512953389,-0.99058887756,0.0,0.0,0.975059448583,9.64613187619
0.103161913169,0.2,0.4,-0.958982320127,-8.57806335699,-0.0531388355016,-1.02878415945,0.0,0.0,1.01212115563,9.60684751644
0.103161913169,0.2,0.4,-0.958982320127,-8.57806335699,-0.0531388355016,-1.02878415945,0.0,0.0,1.01212115563,9.60684751644
0.104021743247,0.2,0.4,-0.966342403863,-8.55992820705,-0.0540307458349,-1.0373099946,0.0,0.0,1.0203731497,9.59723820165
0.104881573325,0.2,0.4,-0.973686698781,-8.5415654886,-0.0549299858985,-1.04583462114,0.0,0.0,1.02861668468,9.58740010975
0.106352179325,0.2,0.4,-0.986208419805,-8.50960532873,-0.0564859736601,-1.06041166394,0.0,0.0,1.04269439346,9.57001699267
0.106352179325,0.2,0.4,-0.986208419805,-8.50960532873,-0.0564859736601,-1.06041166394,0.0,0.0,1.04269439346,9.57001699267
0.10723758002,0.2,0.4,-0.993725524906,-8.49006009032,-0.0574326319909,-1.06918634297,0.0,0.0,1.0511581569,9.55924643329
0.108122980714,0.2,0.4,-1.00122511525,-8.47027835593,-0.0583870582588,-1.07795970082,0.0,0.0,1.05961217351,9.54823805675
0.110363489566,0.2,0.4,-1.02012659178,-8.41922493064,-0.0608353889973,-1.10015498468,0.0,0.0,1.08096198078,9.51937991532
0.112603998418,0.2,0.4,-1.03892444489,-8.36686780992,-0.0633279114806,-1.12234252205,0.0,0.0,1.10225235637,9.48921033197
0.11484450727,0.2,0.4,-1.05760749478,-8.31313309184,-0.0658682927077,-1.14452152085,0.0,0.0,1.12347578749,9.45765461268
0.118266176563,0.2,0.4,-1.08590375365,-8.22845552078,-0.0698430881655,-1.17837549481,0.0,0.0,1.15574684182,9.40683101559
0.123934886506,0.2,0.4,-1.13212335167,-8.08177727778,-0.076682385461,-1.23441333372,0.0,0.0,1.20880573713,9.3161906115
0.129603596449,0.2,0.4,-1.17749089577,-7.92799730365,-0.0838387110355,-1.29038878106,0.0,0.0,1.2613296068,9.21838608472
0.135272306393,0.2,0.4,-1.22197134115,-7.76841582407,-0.0913120054197,-1.34629904605,0.0,0.0,1.31328334657,9.11471487012
0.143999078007,0.2,0.4,-1.28865728769,-7.51452102867,-0.103435857017,-1.43223772649,0.0,0.0,1.3920931447,8.94675875516
0.152725849621,0.2,0.4,-1.35311496215,-7.25595920581,-0.116309049733,-1.51800597084,0.0,0.0,1.46942401189,8.77396517665
0.161452621235,0.2,0.4,-1.41532140858,-6.99960190611,-0.129929989678,-1.60359260843,0.0,0.0,1.54525139826,8.60319451454
0.17017939285,0.2,0.4,-1.47531969444,-6.75210477403,-0.144296968722,-1.68898683443,0.0,0.0,1.61961666316,8.44109160846
0.183940661417,0.2,0.4,-1.56575371941,-6.3925078314,-0.168463817737,-1.82322993631,0.0,0.0,1.73421753715,8.21573776771
0.193780912001,0.2,0.4,-1.62757052966,-6.16597145379,-0.18687566503,-1.91889205192,0.0,0.0,1.81444619469,8.0848635057
0.193780912001,0.2,0.4,-1.62757052966,-6.16597145379,-0.18687566503,-1.91889205192,0.0,0.0,1.81444619469,8.0848635057
0.195161865608,0.2,0.4,-1.636045556,-6.1370825886,-0.189544069304,-1.93229103418,0.0,0.0,1.8255896253,8.06937362279
0.196542819215,0.2,0.4,-1.6444815245,-6.10879935029,-0.192230968913,-1.9456841963,0.0,0.0,1.83671249341,8.05448354659
0.19690837351,0.2,0.4,-1.64670629482,-6.10144672231,-0.192946293484,-1.9492282239,0.0,0.0,1.83965258831,8.05067494621
0.19690837351,0.2,0.4,-1.64670629482,-6.10144672231,-0.192946293484,-1.9492282239,0.0,0.0,1.83965258831,8.05067494621
0.198294392222,0.2,0.4,-1.65512474346,-6.0738347668,-0.195666581186,-1.9626630424,0.0,0.0,1.85079132465,8.0364978092
0.199680410934,0.2,0.4,-1.66350577392,-6.04683788354,-0.198405481544,-1.97609190577,0.0,0.0,1.86191125546,8.02292978931
0.202909927574,0.2,0.4,-1.6829034943,-5.98615859668,-0.204854624347,-2.00736025894,0.0,0.0,1.88775811865,7.99351885562
0.206139444214,0.2,0.4,-1.70213336976,-5.92842679901,-0.211393465312,-2.03859920233,0.0,0.0,1.91352683507,7.96702600134
0.209368960854,0.2,0.4,-1.7211897741,-5.87384147267,-0.218029393937,-2.06980585649,0.0,0.0,1.93921916804,7.94364732916
0.214648482725,0.2,0.4,-1.751987669,-5.79132095783,-0.229093036272,-2.12074829691,0.0,0.0,1.98108070528,7.91206925474
0.224368915543,0.2,0.4,-1.80767515894,-5.65891034599,-0.25016366821,-2.21429435871,0.0,0.0,2.05783882715,7.8732047047
0.23408934836,0.2,0.4,-1.86218757285,-5.54757971154,-0.272140546474,-2.30751056532,0.0,0.0,2.13432811932,7.85509027687
0.243809781178,0.2,0.4,-1.91567886314,-5.45044953134,-0.295021348915,-2.40038329233,0.0,0.0,2.21070021206,7.85083282367
0.248879973006,0.2,0.4,-1.94320160923,-5.40359298643,-0.307314035169,-2.44868639112,0.0,0.0,2.2505156444,7.85227937755
0.253950164835,0.2,0.4,-1.97048424829,-5.35730924291,-0.319851406597,-2.49689054025,0.0,0.0,2.29033565488,7.85419978316
0.259020356663,0.2,0.4,-1.99752783382,-5.310264322,-0.332632934417,-2.54499365174,0.0,0.0,2.33016076824,7.85525797374
0.267678120538,0.2,0.4,-2.04312952332,-5.22450129316,-0.355021297009,-2.6268941892,0.0,0.0,2.39815082033,7.85139548237
0.276335884413,0.2,0.4,-2.08793966483,-5.12746926823,-0.378117534578,-2.70848508782,0.0,0.0,2.46605719941,7.83595435605
0.284993648288,0.2,0.4,-2.13184351462,-5.01428043711,-0.4019189222,-2.78975664979,0.0,0.0,2.53376243682,7.8040370869
0.301214429411,0.2,0.4,-2.21107074531,-4.74853213904,-0.448400079353,-2.94112930447,0.0,0.0,2.65947082467,7.68966144351
0.302960397699,0.2,0.4,-2.21932871025,-4.71518022217,-0.45354934941,-2.95735114612,0.0,0.0,2.67287805966,7.67253136829
0.302960397699,0.2,0.4,-2.21932871025,-4.71518022217,-0.45354934941,-2.95735114612,0.0,0.0,2.67287805966,7.67253136829
0.304406332256,0.2,0.4,-2.22610486258,-4.6863478681,-0.45784488801,-2.97076971995,0.0,0.0,2.68394975059,7.65711758805
0.305852266814,0.2,0.4,-2.23283841624,-4.65688687693,-0.462159814806,-2.98417848425,0.0,0.0,2.69499823105,7.64106536119
0.305937765678,0.2,0.4,-2.23323461771,-4.65511724968,-0.462415821827,-2.98497091113,0.0,0.0,2.69565043954,7.64008816081
0.305937765678,0.2,0.4,-2.23323461771,-4.65511724968,-0.462415821827,-2.98497091113,0.0,0.0,2.69565043954,7.64008816081
0.307388175996,0.2,0.4,-2.23994262237,-4.62490136247,-0.466764747614,-2.99841068024,0.0,0.0,2.70670736998,7.62331204271
0.308838586314,0.2,0.4,-2.24660590297,-4.59406591402,-0.471133152132,-3.01184048711,0.0,0.0,2.7177390551,7.60590640112
0.311884510695,0.2,0.4,-2.26046396893,-4.52752876233,-0.480364200441,-3.04001416876,0.0,0.0,2.74082816937,7.56754293109
0.314930435077,0.2,0.4,-2.27413720199,-4.4586847604,-0.489671448253,-3.06814825077,0.0,0.0,2.76380865024,7.52683301117
0.317976359458,0.2,0.4,-2.28760416,-4.38744328679,-0.499061137613,-3.09623908983,0.0,0.0,2.78666529761,7.48368237661
0.324126535238,0.2,0.4,-2.31411026042,-4.2368110896,-0.518279523088,-3.15282024046,0.0,0.0,2.83238978351,7.38963133006
0.330276711017,0.2,0.4,-2.33966653953,-4.07815472972,-0.537843805022,-3.20921399158,0.0,0.0,2.87751034455,7.2873687213
0.336426886797,0.2,0.4,-2.36422959127,-3.91313011677,-0.557753823113,-3.26541661399,0.0,0.0,2.92198341438,7.17854673076
0.342577062576,0.2,0.4,-2.38776681392,-3.74368293249,-0.57800872602,-3.32142463046,0.0,0.0,2.96577553994,7.06510756295
0.348727238356,0.2,0.4,-2.41025797152,-3.57195076532,-0.598607418176,-3.37723465553,0.0,0.0,3.0088653897,6.94918542085
0.354877414135,0.2,0.4,-2.43169614099,-3.40017523912,-0.619548708881,-3.43284334232,0.0,0.0,3.05124484987,6.83301858144
0.364886693135,0.2,0.4,-2.46436154767,-3.12640638733,-0.654359455812,-3.5229061023,0.0,0.0,3.11872100349,6.64931248963
0.374895972135,0.2,0.4,-2.49436106579,-2.86709325769,-0.690069194038,-3.61241337022,0.0,0.0,3.18443025983,6.47950662791
0.384905251135,0.2,0.4,-2.52187243978,-2.63021443194,-0.726672266294,-3.70135086817,0.0,0.0,3.24854470608,6.33156530011
0.394187023382,0.2,0.4,-2.54537768238,-2.4360361342,-0.761408046277,-3.78330230215,0.0,0.0,3.30678572866,6.21933843635
0.394367942526,0.2,0.4,-2.54581822919,-2.43252120959,-0.762092661942,-3.78489462048,0.0,0.0,3.30791089114,6.21741583008
0.394367942526,0.2,0.4,-2.54581822919,-2.43252120959,-0.762092661942,-3.78489462048,0.0,0.0,3.30791089114,6.21741583008
0.394368503697,0.2,0.4,-2.54581959425,-2.43251034452,-0.762094785919,-3.78489955919,0.0,0.0,3.30791438017,6.21740990372
0.395211621926,0.2,0.4,-2.54785691795,-2.41641519923,-0.765292156132,-3.79231536392,0.0,0.0,3.31314907408,6.20873056315
0.397200431337,0.2,0.4,-2.55261126786,-2.37934379517,-0.77285862406,-3.80979175165,0.0,0.0,3.32546989192,6.18913554682
0.397200431337,0.2,0.4,-2.55261126786,-2.37934379517,-0.77285862406,-3.80979175165,0.0,0.0,3.32546989192,6.18913554682
0.397200763548,0.2,0.4,-2.5526120583,-2.37933766727,-0.772859889714,-3.80979466971,0.0,0.0,3.32547194802,6.18913233699
0.398029238539,0.2,0.4,-2.55457080437,-2.36427904783,-0.776022234824,-3.81706767516,0.0,0.0,3.33059303919,6.18134672299
0.4,0.2,0.4,-2.55918428016,-2.32930203069,-0.783567474798,-3.83435295307,0.0,0.0,3.34275175496,6.16365498375
0.4,0.2,0.4,-2.55918428016,-2.32930203069,-0.783567474798,-3.83435295307,0.0,0.0,3.34275175496,6.16365498375
0.400000001,0.2,0.4,-2.55918428249,-2.32930202315,-0.783567478632,-3.83435294183,-1.20117088905e-17,-1.00000442754e-08,3.34275176112,6.16365497498
0.400000001,0.2,0.4,-2.55918428249,-2.32930202315,-0.783567478632,-3.83435294183,-1.20117088905e-17,-1.00000442754e-08,3.34275176112,6.16365497498
0.400000002202,0.2,0.4,-2.55918428529,-2.3293020141,-0.783567483242,-3.83435292833,-3.84820909086e-17,-2.20207166464e-08,3.34275176853,6.16365496445
0.400003064898,0.2,0.4,-2.55919141916,-2.32927894342,-0.783579226595,-3.8343185247,-9.38685687682e-11,-3.0648983922e-05,3.34277064585,6.1636281171
0.400012648882,0.2,0.4,-2.55921374247,-2.32920676916,-0.783615973952,-3.83421086631,-9.99959494147e-10,-0.000126488817091,3.34282971742,6.16354412428
0.400022232865,0.2,0.4,-2.55923606516,-2.32913462153,-0.783652720391,-3.83410320743,-2.72251918591e-09,-0.00022232865026,3.34288878828,6.16346015762
0.400031816848,0.2,0.4,-2.55925838719,-2.32906250277,-0.783689465838,-3.83399554802,-5.32958670793e-09,-0.000318168483429,3.34294785836,6.16337621927
0.400041400832,0.2,0.4,-2.55928070854,-2.3289904136,-0.783726210265,-3.83388788805,-8.84384174816e-09,-0.000414008316598,3.34300692765,6.16329230997
0.400061629673,0.2,0.4,-2.55932781977,-2.3288383538,-0.783803763068,-3.83366064915,-1.92732004642e-08,-0.000616296732904,3.34313160212,6.16311529968
0.400098455924,0.2,0.4,-2.55941357707,-2.32856187414,-0.78394493479,-3.83324695838,-4.87592641889e-08,-0.000984559244307,3.34335856061,6.16279339177
0.400163717207,0.2,0.4,-2.55956552605,-2.328073,-0.784195073467,-3.83251382016,-1.34317774864e-07,-0.00163717206664,3.34376073384,6.16222399223
0.4002787696,0.2,0.4,-2.55983332711,-2.32721452307,-0.784635938988,-3.83122127123,-3.88873694039e-07,-0.0027876960031,3.34446965497,6.1612234903
0.400484555496,0.2,0.4,-2.5603120786,-2.32568979702,-0.78542411237,-3.82890918272,-1.17429214393e-06,-0.00484555495834,3.34573736526,6.15944453471
0.400869864861,0.2,0.4,-2.56120764872,-2.32287207735,-0.786898592713,-3.82457938539,-3.78365895467e-06,-0.00869864861028,3.34811002509,6.15615011135
0.401664434708,0.2,0.4,-2.56305110945,-2.31721431977,-0.789933939313,-3.81564780592,-1.38520668712e-05,-0.0166443470759,3.35299890083,6.14950647277
0.403558021391,0.2,0.4,-2.56742728089,-2.30455883965,-0.797139025902,-3.79434695325,-6.32979672169e-05,-0.0355802139087,3.36462960476,6.13448600681
0.408855171447,0.2,0.4,-2.57956344635,-2.27525462585,-0.817080002162,-3.73464285892,-0.000392070780917,-0.0885517144713,3.39703551929,6.09844919923
0.417543888677,0.2,0.4,-2.59923586423,-2.24559892408,-0.849101522587,-3.6363353158,-0.00153894070264,-0.175438886772,3.44987632752,6.05737312666
0.422093967381,0.2,0.4,-2.60947394518,-2.23826232442,-0.865528746311,-3.58466439717,-0.00244071754646,-0.220939673806,3.47744340904,6.04386639539
0.422093967381,0.2,0.4,-2.60947394518,-2.23826232442,-0.865528746311,-3.58466439717,-0.00244071754646,-0.220939673806,3.47744340904,6.04386639539
0.422279757296,0.2,0.4,-2.60988976359,-2.23811074131,-0.866194348295,-3.58255174256,-0.00248211108862,-0.222797572957,3.47856622297,6.04346005682
0.422465547211,0.2,0.4,-2.61030555545,-2.23796787076,-0.866859557729,-3.58043886868,-0.00252384980972,-0.224655472108,3.47968896299,6.04306221155
0.422978244618,0.2,0.4,-2.611452836,-2.23761745167,-0.868693246186,-3.5746071639,-0.00264078247861,-0.229782446178,3.48278686466,6.04200706175
0.423490942025,0.2,0.4,-2.61259997663,-2.23732490237,-0.870524276446,-3.56877397254,-0.00276005166866,-0.234909420248,3.48588430475,6.04100829515
0.424003639432,0.2,0.4,-2.61374699181,-2.23709430533,-0.872352426315,-3.56293916917,-0.00288185208997,-0.240036394318,3.48898127022,6.04006986881
0.424516336839,0.2,0.4,-2.61489390779,-2.23692641676,-0.874177621162,-3.55710271077,-0.00300624864592,-0.245163368387,3.49207777759,6.03919249591
0.425599174667,0.2,0.4,-2.61731610059,-2.23677474285,-0.878022680834,-3.54477036112,-0.00327760763053,-0.255991746675,3.49861638906,6.03753685065
0.425652842379,0.2,0.4,-2.61743615848,-2.23677396538,-0.878212902057,-3.54415894823,-0.00329136197311,-0.256528423791,3.49894042251,6.0374613374
0.425652842379,0.2,0.4,-2.61743615848,-2.23677396538,-0.878212902057,-3.54415894823,-0.00329136197311,-0.256528423791,3.49894042251,6.0374613374
0.42586856083,0.2,0.4,-2.6179186742,-2.23678464825,-0.878976912316,-3.54170103442,-0.00334716523168,-0.258685608295,3.50024275174,6.03717129096
0.42608427928,0.2,0.4,-2.61840119451,-2.23680594232,-0.879740392293,-3.53924282271,-0.00340343383475,-0.2608427928,3.50154502064,6.03689155783
0.426679567399,0.2,0.4,-2.61973278293,-2.23691788447,-0.88184456877,-3.53245772512,-0.00356107290315,-0.266795673988,3.50513842461,6.03617128358
0.427274855518,0.2,0.4,-2.62106445833,-2.23709970509,-0.883945154145,-3.52567060747,-0.00372186190884,-0.272748555177,3.50873147438,6.03551886774
0.427870143637,0.2,0.4,-2.62239626439,-2.2373559252,-0.886041848089,-3.51888129903,-0.00388606334659,-0.278701436365,3.51232417583,6.03493866059
0.428465431755,0.2,0.4,-2.6237282454,-2.23768698979,-0.888134549601,-3.51208974098,-0.00405376471465,-0.284654317554,3.51591655971,6.03443104832
0.429722797381,0.2,0.4,-2.62654249263,-2.23862539462,-0.892541468161,-3.49773713949,-0.00441961664067,-0.297227973815,3.52350357743,6.03359050793
0.43203862721,0.2,0.4,-2.63173007548,-2.24115097324,-0.900610937432,-3.47127563087,-0.00513479817093,-0.320386272098,3.53747581108,6.03281287621
0.435945037644,0.2,0.4,-2.64049897974,-2.24747103344,-0.91408372392,-3.426560575,-0.00646269354769,-0.359450376439,3.56104539721,6.03348198488
0.439851448078,0.2,0.4,-2.64929718762,-2.25599942602,-0.927381643986,-3.38174574255,-0.00794316609052,-0.398514480781,3.5846219977,6.03625964935
0.443757858512,0.2,0.4,-2.65813175927,-2.26621182732,-0.940504303277,-3.33683035179,-0.00957623130526,-0.437578585122,3.60821229385,6.04062076423
0.450169864473,0.2,0.4,-2.67272440034,-2.28512001465,-0.961662924753,-3.26288583918,-0.012587557853,-0.501698644729,3.64697488295,6.04970449857
0.456581870434,0.2,0.4,-2.68743829089,-2.30465352866,-0.982346628726,-3.18866495274,-0.0160100206508,-0.565818704336,3.68579494026,6.05913718573
0.462993876394,0.2,0.4,-2.70227044198,-2.32225065845,-1.00255362145,-3.11416416355,-0.0198436218457,-0.629938763942,3.72466768527,6.06635358594
0.469405882355,0.2,0.4,-2.71720174518,-2.3353861265,-1.02228204622,-3.03937987818,-0.0240883617231,-0.694058823549,3.76357215312,6.06882482823
0.47740766862,0.2,0.4,-2.73589749338,-2.3425157145,-1.04622781038,-2.94565081309,-0.0299622146466,-0.774076686196,3.81208751841,6.06224321379
0.47740766862,0.2,0.4,-2.73589749338,-2.3425157145,-1.04622781038,-2.94565081309,-0.0299622146466,-0.774076686196,3.81208751841,6.06224321379
0.478045391787,0.2,0.4,-2.73739131127,-2.34242374169,-1.04810154305,-2.93815994659,-0.0304599281912,-0.780453917871,3.81595278251,6.06103760615
0.478683114955,0.2,0.4,-2.73888501081,-2.34223817407,-1.04997049678,-2.930666193,-0.0309617086442,-0.786831149546,3.81981721624,6.05973551661
0.480142887614,0.2,0.4,-2.74230340576,-2.34147747533,-1.05423189986,-2.91350260078,-0.0321245094851,-0.801428876137,3.82865981511,6.05640895224
0.480913337441,0.2,0.4,-2.74410701367,-2.34089060751,-1.05647203093,-2.90443842795,-0.0327458580612,-0.809133374409,3.83332490267,6.05446240987
0.480913337441,0.2,0.4,-2.74410701367,-2.34089060751,-1.05647203093,-2.90443842795,-0.0327458580612,-0.809133374409,3.83332490267,6.05446240987
0.481574644303,0.2,0.4,-2.74565462922,-2.34023815418,-1.05838760805,-2.89665392873,-0.0332853167817,-0.815746443029,3.83732755406,6.05263852594
0.482235951165,0.2,0.4,-2.74720174087,-2.33947616946,-1.06029803517,-2.88886630479,-0.0338291487698,-0.822359511649,3.8413289248,6.05070198591
0.483755610701,0.2,0.4,-2.75075477481,-2.33733095519,-1.064669987,-2.87095960116,-0.035094251011,-0.837556107009,3.85051901282,6.04584666335
0.485275270237,0.2,0.4,-2.75430436712,-2.33464892358,-1.06901773538,-2.853038171,-0.0363798809421,-0.852752702369,3.85970198345,6.04043979694
0.486794929773,0.2,0.4,-2.75784949265,-2.33137229339,-1.07333924344,-2.83510074922,-0.0376877492038,-0.867949297728,3.86887648529,6.03442234034
0.489205851873,0.2,0.4,-2.76346168218,-2.32487608803,-1.08013966424,-2.80660926896,-0.0398097288732,-0.892058518727,3.8834110753,6.02354387573
0.493048500274,0.2,0.4,-2.77236609426,-2.31110561013,-1.09083663118,-2.76111114276,-0.0433117296739,-0.930485002741,3.90651445511,6.00270175564
0.496891148676,0.2,0.4,-2.78120846192,-2.2930397295,-1.10135877539,-2.71550549492,-0.0469611873913,-0.968911486756,3.9295284247,5.97745671118
0.502790242234,0.2,0.4,-2.79461701044,-2.25676017331,-1.11717029442,-2.64528194678,-0.0528509629846,-1.02790242234,3.96463826784,5.92994454242
0.508689335792,0.2,0.4,-2.80777876147,-2.21022978415,-1.1325667928,-2.57480033308,-0.0590886785864,-1.08689335792,3.99943423285,5.87192347515
0.519673800694,0.2,0.4,-2.83138132174,-2.0984924328,-1.16012323367,-2.44286023853,-0.0716309435252,-1.19673800694,4.06313549893,5.73809067828
0.524357553828,0.2,0.4,-2.84106543976,-2.04144172484,-1.17143226508,-2.38632352612,-0.0773458584909,-1.24357553828,4.08984356333,5.67134078925
0.529041306962,0.2,0.4,-2.85047531994,-1.97977156319,-1.18247618036,-2.3296183428,-0.0832801476524,-1.29041306962,4.11623164796,5.59980297562
0.533725060097,0.2,0.4,-2.85958921078,-1.91425463809,-1.1932541312,-2.2727433142,-0.0894338118353,-1.33725060097,4.14227715382,5.52424855326
0.541270697788,0.2,0.4,-2.87360976861,-1.80282247731,-1.2100562027,-2.1807557488,-0.099808903662,-1.41270697788,4.18347487498,5.39628520399
0.548816335479,0.2,0.4,-2.88677948625,-1.68729412589,-1.22616268074,-2.08831897352,-0.110753361869,-1.48816335479,4.22369552886,5.2637764542
0.55636197317,0.2,0.4,-2.8990802808,-1.57180954739,-1.24157012152,-1.9954276679,-0.122267186569,-1.5636197317,4.26291758889,5.13085694699
0.563907610862,0.2,0.4,-2.91052530908,-1.46064934672,-1.2562749768,-1.90207645405,-0.134350377774,-1.63907610862,4.30115066366,5.00180190938
0.571453248553,0.2,0.4,-2.921160751,-1.35787622511,-1.27027370019,-1.80826006547,-0.147002935476,-1.71453248553,4.33843738666,4.88066877612
0.578998886244,0.2,0.4,-2.93106298467,-1.26710151164,-1.2835627442,-1.71397333995,-0.160224859663,-1.78998886244,4.37485058853,4.77106371404
0.586544523935,0.2,0.4,-2.9403338496,-1.19130117836,-1.29613853938,-1.61921118455,-0.174016150333,-1.86544523935,4.41048853932,4.67595760226
0.594090161626,0.2,0.4,-2.94909489894,-1.13266228816,-1.30799748171,-1.52396855489,-0.188376807483,-1.94090161626,4.44546918814,4.59753245932
0.601635799317,0.2,0.4,-2.95748087414,-1.09246591028,-1.3191359286,-1.42824044863,-0.203306831114,-2.01635799317,4.47992363385,4.53706435208
0.609181437009,0.2,0.4,-2.96563257909,-1.07101676178,-1.32955019875,-1.33202190522,-0.218806221227,-2.09181437009,4.51398899907,4.49485303709
0.611941635715,0.2,0.4,-2.96858342285,-1.06771817493,-1.33317810904,-1.29670162292,-0.22461813803,-2.11941635715,4.52637966992,4.483836155
0.611941635715,0.2,0.4,-2.96858342285,-1.06771817493,-1.33317810904,-1.29670162292,-0.22461813803,-2.11941635715,4.52637966992,4.483836155
0.6126415124,0.2,0.4,-2.9693304474,-1.06736595364,-1.33407936341,-1.28773309919,-0.226106366399,-2.126415124,4.52951617721,4.48151417683
0.613341389086,0.2,0.4,-2.97007733028,-1.06716353909,-1.33497433793,-1.27876029266,-0.227599493042,-2.13341389086,4.53265116124,4.47933772261
0.614297441607,0.2,0.4,-2.97109760599,-1.06712397997,-1.33618681199,-1.26649628511,-0.229647011928,-2.14297441607,4.53693142991,4.47659468116
0.614297441607,0.2,0.4,-2.97109760599,-1.06712397997,-1.33618681199,-1.26649628511,-0.229647011928,-2.14297441607,4.53693142991,4.47659468116
0.615008417266,0.2,0.4,-2.97185641261,-1.06727510786,-1.33708077203,-1.25737080478,-0.231175669439,-2.15008417266,4.54011285408,4.4747300853
0.615719392925,0.2,0.4,-2.97261543299,-1.06757576068,-1.33796824092,-1.24824089115,-0.232709381815,-2.15719392925,4.54329305572,4.47301058109
0.617223469611,0.2,0.4,-2.97422222598,-1.06865002016,-1.33982631073,-1.22891321426,-0.235969048555,-2.17223469611,4.55001758527,4.46979793052
0.618727546296,0.2,0.4,-2.97583102959,-1.07029710171,-1.34165852254,-1.20956785041,-0.239248824153,-2.18727546296,4.55673837629,4.46714041509
0.620231622982,0.2,0.4,-2.97744276193,-1.07254949933,-1.34346269783,-1.19020329377,-0.242550384349,-2.20231622982,4.5634558441,4.46506902291
0.623088601187,0.2,0.4,-2.9805165151,-1.07846333574,-1.34680977951,-1.15336572038,-0.248883669288,-2.23088601187,4.5762099639,4.46271506798
0.628466401369,0.2,0.4,-2.98636634639,-1.09486483976,-1.35282439119,-1.08382862082,-0.26102612724,-2.28466401369,4.60021686482,4.46335747426
0.63384420155,0.2,0.4,-2.99232217721,-1.1173398745,-1.3584647761,-1.01403386958,-0.273457395821,-2.3384420155,4.62424434913,4.46981575959
0.639222001732,0.2,0.4,-2.99841132742,-1.14467062655,-1.36372926012,-0.943979582474,-0.286177739511,-2.39222001732,4.64831832705,4.48087022635
0.644599801914,0.2,0.4,-3.00465541279,-1.17549048682,-1.36861634838,-0.8736639936,-0.299187246469,-2.44599801914,4.67245900764,4.49515249956
0.649977602096,0.2,0.4,-3.01106891501,-1.2083399213,-1.37312459962,-0.803085384463,-0.312485946082,-2.49977602096,4.69667946071,4.51120132673
0.655355402278,0.2,0.4,-3.01765854137,-1.24171374847,-1.37725258435,-0.732242060406,-0.326073848145,-2.55355402278,4.72098497387,4.52750983166
0.66073320246,0.2,0.4,-3.02442300837,-1.27410596967,-1.38099887102,-0.661132342803,-0.339950955923,-2.6073320246,4.74537283531,4.54257033707
0.667030921329,0.2,0.4,-3.03255614832,-1.30906181719,-1.38489906497,-0.577518081961,-0.356569506428,-2.67030921329,4.77402471972,4.55688911244
0.673328640197,0.2,0.4,-3.04089314458,-1.33868112308,-1.38827173465,-0.493533813064,-0.37358466933,-2.73328640197,4.80274954856,4.56550133811
0.679626359066,0.2,0.4,-3.04939449279,-1.3608667307,-1.39111442387,-0.409176767676,-0.39099644489,-2.79626359066,4.83150536155,4.56630708904
0.685924077935,0.2,0.4,-3.05800809109,-1.37388731241,-1.39342469998,-0.324444250108,-0.40880483314,-2.85924077935,4.86023762421,4.55757234187
0.690488339421,0.2,0.4,-3.06428580588,-1.37686281637,-1.39476494583,-0.262798340603,-0.421959318114,-2.90488339421,4.88101006983,4.54454455118
0.690488339421,0.2,0.4,-3.06428580588,-1.37686281637,-1.39476494583,-0.262798340603,-0.421959318114,-2.90488339421,4.88101006983,4.54454455118
0.691311187904,0.2,0.4,-3.06541859812,-1.37667172313,-1.39497202415,-0.251660317957,-0.424356367805,-2.91311187904,4.88474699007,4.54144392012
0.692134036387,0.2,0.4,-3.06655107467,-1.37628806572,-1.39516993221,-0.240515800592,-0.426760188292,-2.92134036387,4.88848119517,4.53814423018
0.692758750024,0.2,0.4,-3.06741045923,-1.3758535367,-1.39531342881,-0.232049999187,-0.428590174202,-2.92758750024,4.89131406224,4.53549103613
0.692758750024,0.2,0.4,-3.06741045923,-1.3758535367,-1.39531342881,-0.232049999187,-0.428590174202,-2.92758750024,4.89131406224,4.53549103613
0.693572726975,0.2,0.4,-3.06852978976,-1.37513787346,-1.39549332943,-0.221014389709,-0.430979788534,-2.93572726975,4.89500290772,4.53187953292
0.694386703926,0.2,0.4,-3.06964838173,-1.37423052001,-1.39566424213,-0.209972409572,-0.433376028451,-2.94386703926,4.89868865231,4.52806996884
0.696202674794,0.2,0.4,-3.07214071793,-1.37156551027,-1.39601569659,-0.185316742277,-0.438743990233,-2.96202674794,4.90690040476,4.51890900048
0.698018645661,0.2,0.4,-3.07462771246,-1.3680416035,-1.39632731775,-0.160632809905,-0.44414126535,-2.98018645661,4.91509629556,4.50886087001
0.699834616528,0.2,0.4,-3.0771075295,-1.36358370333,-1.39659574047,-0.135918206572,-0.44957029658,-2.99834616528,4.92327356655,4.49784807518
0.702655211319,0.2,0.4,-3.08093991819,-1.35474815928,-1.39692417865,-0.0974682177658,-0.458067686026,-3.02655211319,4.93593178287,4.47876849024
0.707304003701,0.2,0.4,-3.08718722732,-1.33514020212,-1.39722882596,-0.0339281016945,-0.472245999463,-3.07304003701,4.95666205275,4.44210834083
0.709779957154,0.2,0.4,-3.09045766301,-1.32232627602,-1.39726976116,2.10192974137e-13,-0.479885636776,-3.09779957154,4.96761306094,4.42012584756
0.709779957154,0.2,0.4,-3.09045766301,-1.32232627602,-1.39726976116,2.10192974137e-13,-0.479885636776,-3.09779957154,4.96761306094,4.42012584756
0.710596769031,0.2,0.4,-3.09152929239,-1.31196597035,-1.39726976116,2.10192974137e-13,-0.4824180503,-3.10036324787,4.97121710385,4.41232921822
0.711413580908,0.2,0.4,-3.09259230629,-1.3014182655,-1.39726976116,2.10192974137e-13,-0.484952555198,-3.10292365963,4.97481462264,4.40434192513
0.712258409068,0.2,0.4,-3.09368215608,-1.29030780027,-1.39726976116,2.10192974137e-13,-0.487576268262,-3.10556832893,4.9785281855,4.3958761292
0.712258409068,0.2,0.4,-3.09368215608,-1.29030780027,-1.39726976116,2.10192974137e-13,-0.487576268262,-3.10556832893,4.9785281855,4.3958761292
0.713078415001,0.2,0.4,-3.09473122364,-1.27934142749,-1.39726976116,2.10192974137e-13,-0.490124954995,-3.10813206465,4.98212593979,4.38747349213
0.713898420934,0.2,0.4,-3.09577114893,-1.26819239536,-1.39726976116,2.10192974137e-13,-0.492675741301,-3.11069250197,4.98571665138,4.37888489733
0.714389090476,0.2,0.4,-3.09638842438,-1.2614255587,-1.39726976116,2.10192974137e-13,-0.494203181948,-3.11222283629,4.98786136748,4.37364839499
0.714389090476,0.2,0.4,-3.09638842438,-1.2614255587,-1.39726976116,2.10192974137e-13,-0.494203181948,-3.11222283629,4.98786136748,4.37364839499
0.715213750162,0.2,0.4,-3.0974191859,-1.2499234995,-1.39726976116,2.10192974137e-13,-0.496771825736,-3.11479247825,4.99146077279,4.36471597776
0.716038409849,0.2,0.4,-3.09844031503,-1.23824305734,-1.39726976116,2.10192974137e-13,-0.499342585848,-3.11735877711,4.99505266203,4.35560183445
0.717721115377,0.2,0.4,-3.10049663411,-1.21392564565,-1.39726976116,2.10192974137e-13,-0.504594046591,-3.12258597971,5.00236044185,4.33651162535
0.719403820905,0.2,0.4,-3.10251587592,-1.18897997905,-1.39726976116,2.10192974137e-13,-0.509853311946,-3.12780077855,5.00963894902,4.3167807576
0.721086526434,0.2,0.4,-3.10449403584,-1.16337584609,-1.39726976116,2.10192974137e-13,-0.515121013724,-3.13300212057,5.01688481072,4.29637796666
0.72450668185,0.2,0.4,-3.10837814918,-1.10938748002,-1.39726976116,2.10192974137e-13,-0.525854566093,-3.14353100355,5.03150247643,4.25291848357
0.727926837267,0.2,0.4,-3.11207373865,-1.05297189821,-1.39726976116,2.10192974137e-13,-0.536623868465,-3.15400210179,5.04596736827,4.206974
0.731346992683,0.2,0.4,-3.11557294143,-0.994402012603,-1.39726976116,2.10192974137e-13,-0.547428830153,-3.16441507172,5.06027153274,4.15881708432
0.7347671481,0.2,0.4,-3.11886893241,-0.933988284252,-1.39726976116,2.10192974137e-13,-0.558269287841,-3.17476967092,5.07440798141,4.10875795517
0.740016173507,0.2,0.4,-3.12351977482,-0.838448702612,-1.39726976116,2.10192974137e-13,-0.574975112525,-3.19054722102,5.0957646485,4.02899592363
0.745265198915,0.2,0.4,-3.12766475642,-0.740533759596,-1.39726976116,2.10192974137e-13,-0.591763463703,-3.20618616608,5.11669798128,3.94671992568
0.750514224323,0.2,0.4,-3.13129356387,-0.64167818346,-1.39726976116,2.10192974137e-13,-0.608633580899,-3.22168578394,5.13719690593,3.8633639674
0.75576324973,0.2,0.4,-3.1344038902,-0.543382483156,-1.39726976116,2.10192974137e-13,-0.625584684925,-3.23704535724,5.15725833628,3.7804278404
0.761012275138,0.2,0.4,-3.13700234543,-0.447089093576,-1.39726976116,2.10192974137e-13,-0.642616026424,-3.25226420894,5.17688813301,3.69935330251
0.766261300545,0.2,0.4,-3.13910341262,-0.354161763357,-1.39726976116,2.10192974137e-13,-0.659726873268,-3.26734168576,5.19610004705,3.62150344912
0.771510325953,0.2,0.4,-3.14072840862,-0.265882514816,-1.39726976116,2.10192974137e-13,-0.67691649017,-3.28227713926,5.21491465995,3.54815965408
0.776759351361,0.2,0.4,-3.14190489322,-0.183428886838,-1.39726976116,2.10192974137e-13,-0.694184132086,-3.29706992102,5.23335878646,3.48049880786
0.782008376768,0.2,0.4,-3.14266616949,-0.107837963331,-1.39726976116,2.10192974137e-13,-0.711529047043,-3.31171938588,5.25146497769,3.41955734922
0.787257402176,0.2,0.4,-3.14305056545,-0.0399724439301,-1.39726976116,2.10192974137e-13,-0.728950479723,-3.32622489526,5.26927080633,3.36619733919
0.787425790605,0.2,0.4,-3.14305711335,-0.037931699756,-1.39726976116,2.10192974137e-13,-0.7295106165,-3.32668784092,5.269837491,3.36461954068
0.787425790605,0.2,0.4,-3.14305711335,-0.037931699756,-1.39726976116,2.10192974137e-13,-0.7295106165,-3.32668784092,5.269837491,3.36461954068
0.787574560323,0.2,0.4,-3.14306248975,-0.0361391239917,-1.39726976116,2.10192974137e-13,-0.730005587733,-3.32709666751,5.27033783864,3.3632357915
0.787723330041,0.2,0.4,-3.14306760049,-0.0343533329838,-1.39726976116,2.10192974137e-13,-0.73050061977,-3.32750537791,5.27083798142,3.36185871089
0.788086867144,0.2,0.4,-3.14307903817,-0.0300166258257,-1.39726976116,2.10192974137e-13,-0.731710533375,-3.32850364944,5.2720593327,3.35852027526
0.788450404248,0.2,0.4,-3.14308908324,-0.0257161583903,-1.39726976116,2.10192974137e-13,-0.732920769416,-3.32950130402,5.27327961381,3.35521746241
0.788813941351,0.2,0.4,-3.14309763142,-0.0214550922674,-1.39726976116,2.10192974137e-13,-0.734131354564,-3.33049829007,5.27449874714,3.35195338234
0.789177478454,0.2,0.4,-3.14310465775,-0.0172345905546,-1.39726976116,2.10192974137e-13,-0.735342297541,-3.33149459026,5.27571671645,3.34872918082
0.789340541672,0.2,0.4,-3.14310731781,-0.0153549465043,-1.39726976116,2.10192974137e-13,-0.735885579108,-3.3319412512,5.27626265808,3.3472961977
0.789340541672,0.2,0.4,-3.14310731781,-0.0153549465043,-1.39726976116,2.10192974137e-13,-0.735885579108,-3.3319412512,5.27626265808,3.3472961977
0.789340807269,0.2,0.4,-3.14310732189,-0.0153518914094,-1.39726976116,2.10192974137e-13,-0.735886464061,-3.3319419786,5.27626354711,3.34729387001
0.789428243213,0.2,0.4,-3.14310857647,-0.0143485263597,-1.39726976116,2.10192974137e-13,-0.736177816488,-3.33218140551,5.27655615411,3.34652993187
0.789697300834,0.2,0.4,-3.14311188594,-0.0112760896321,-1.39726976116,2.10192974137e-13,-0.737074497401,-3.33291791551,5.2774561445,3.34419400514
0.789966358456,0.2,0.4,-3.14311446422,-0.0082238473711,-1.39726976116,2.10192974137e-13,-0.737971354399,-3.33365408712,5.27835557978,3.34187793449
0.790235416078,0.2,0.4,-3.14311625522,-0.00519353258064,-1.39726976116,2.10192974137e-13,-0.738868402075,-3.33438989209,5.27925441846,3.33958342467
0.7905044737,0.2,0.4,-3.14311724429,-0.00218576179706,-1.39726976116,2.10192974137e-13,-0.739765645225,-3.33512532093,5.28015265067,3.33731108272
0.790701297145,0.2,0.4,-3.14311746058,8.52616588443e-16,-1.39726976116,2.10192974137e-13,-0.740422129741,-3.33566306729,5.28080935148,3.33566306729
0.790701297145,0.2,0.4,-3.14311746058,8.52616588443e-16,-1.39726976116,2.10192974137e-13,-0.740422129741,-3.33566306729,5.28080935148,3.33566306729
0.792853814289,0.2,0.4,-3.14311746058,8.52616588443e-16,-1.39726976116,2.10192974137e-13,-0.747598763396,-3.3340657354,5.28798598513,3.3340657354
0.795006331433,0.2,0.4,-3.14311746058,8.52616588443e-16,-1.39726976116,2.10192974137e-13,-0.754772984043,-3.3329447188,5.29516020578,3.3329447188
0.79921400602,0.2,0.4,-3.14311746058,8.52616588443e-16,-1.39726976116,2.10192974137e-13,-0.768794234263,-3.33198341269,5.309181456,3.33198341269
0.8,0.2,0.4,-3.14311746058,8.52616588443e-16,-1.39726976116,2.10192974137e-13,-0.771413517684,-3.33198607988,5.31180073942,3.33198607988
0.8,0.2,0.4,-3.14311746058,8.52616588443e-16,-1.39726976116,2.10192974137e-13,-0.771413517684,-3.33198607988,5.31180073942,3.33198607988
0.800000000095,0.2,0.4,-3.14311746058,8.52616588443e-16,-1.39726976116,2.10192974137e-13,-0.771413518003,-3.3319860799,5.31180073974,3.3319860799
0.800000000095,0.2,0.4,-3.14311746058,8.52616588443e-16,-1.39726976116,2.10192974137e-13,-0.771413518003,-3.3319860799,5.31180073974,3.3319860799
0.802127603783,0.2,0.4,-3.14311746058,8.52616588443e-16,-1.39726976116,2.10192974137e-13,-0.778503671682,-3.33245976168,5.31889089342,3.33245976168
0.804255207471,0.2,0.4,-3.14311746058,8.52616588443e-16,-1.39726976116,2.10192974137e-13,-0.785595836474,-3.33340500974,5.32598305821,3.33340500974
0.808778651716,0.2,0.4,-3.14311746058,8.52616588443e-16,-1.39726976116,2.10192974137e-13,-0.800684582859,-3.33681215243,5.3410718046,3.33681215243
0.81330209596,0.2,0.4,-3.14311746058,8.52616588443e-16,-1.39726976116,2.10192974137e-13,-0.815792481421,-3.34202740962,5.35617970316,3.34202740962
0.817825540204,0.2,0.4,-3.14311746058,8.52616588443e-16,-1.39726976116,2.10192974137e-13,-0.830928108682,-3.3491054145,5.37131533042,3.3491054145
0.827505723305,0.2,0.4,-3.14311746058,8.52616588443e-16,-1.39726976116,2.10192974137e-13,-0.863461763154,-3.3697168314,5.40384898489,3.3697168314
0.827505723305,0.2,0.4,-3.14311746058,8.52616588443e-16,-1.39726976116,2.10192974137e-13,-0.863461763154,-3.3697168314,5.40384898489,3.3697168314
0.830284451602,0.2,0.4,-3.14311746058,8.52616588443e-16,-1.39726976116,2.10192974137e-13,-0.872846247319,-3.37725864505,5.41323346906,3.37725864505
0.831167241495,0.2,0.4,-3.14311746058,8.52616588443e-16,-1.39726976116,2.10192974137e-13,-0.875834703461,-3.37979446109,5.4162219252,3.37979446109
0.831167241495,0.2,0.4,-3.14311746058,8.52616588443e-16,-1.39726976116,2.10192974137e-13,-0.875834703461,-3.37979446109,5.4162219252,3.37979446109
0.831167249838,0.2,0.4,-3.14311746058,-6.29546791071e-09,-1.39726976116,2.10192974137e-13,-0.875834731659,-3.37979448208,5.4162219534,3.37979448837
0.831167254663,0.2,0.4,-3.14311746058,-1.00000000258e-08,-1.39726976116,2.10192974137e-13,-0.875834747966,-3.37979449421,5.4162219697,3.37979450421
0.831167254663,0.2,0.4,-3.14311746058,-1.00000000258e-08,-1.39726976116,2.10192974137e-13,-0.875834747966,-3.37979449421,5.4162219697,3.37979450421
0.831167263012,0.2,0.4,-3.14311746058,-1.63001997943e-08,-1.39726976116,2.10192974137e-13,-0.875834776185,-3.37979451521,5.41622199792,3.37979453151
0.831236843187,0.2,0.4,-3.1431174643,-5.34451892348e-05,-1.39726976116,2.10192974137e-13,-0.876069955052,-3.37996949831,5.41645718051,3.38002294349
0.831457130159,0.2,0.4,-3.14311750182,-0.0002287458446,-1.39726976116,2.10192974137e-13,-0.87681459963,-3.38052330938,5.4172018626,3.38075205522
0.831677417131,0.2,0.4,-3.14311757486,-0.000412184858939,-1.39726976116,2.10192974137e-13,-0.877559352616,-3.38107688616,5.41794668863,3.38148907102
0.831897704103,0.2,0.4,-3.14311768796,-0.00060436685014,-1.39726976116,2.10192974137e-13,-0.878304222998,-3.38163020909,5.41869167211,3.38223457594
0.832236972848,0.2,0.4,-3.14311794804,-0.000917751811646,-1.39726976116,2.10192974137e-13,-0.879451650657,-3.38248188164,5.41983935986,3.38339963345
0.832894129292,0.2,0.4,-3.14311877881,-0.00158378542532,-1.39726976116,2.10192974137e-13,-0.881675013874,-3.38412977653,5.42206355384,3.38571356196
0.833551285735,0.2,0.4,-3.14312007478,-0.00232604590756,-1.39726976116,2.10192974137e-13,-0.88389945766,-3.38577532651,5.4242892936,3.38810137242
0.834208442178,0.2,0.4,-3.14312188343,-0.00314228625861,-1.39726976116,2.10192974137e-13,-0.88612498153,-3.38741852836,5.42651662611,3.39056081462
0.83527421476,0.2,0.4,-3.14312602845,-0.00461709322221,-1.39726976116,2.10192974137e-13,-0.889736616494,-3.3900784672,5.4301324061,3.39469556043
0.836339987341,0.2,0.4,-3.14313182797,-0.00627028089421,-1.39726976116,2.10192974137e-13,-0.893351083312,-3.39273222002,5.43375267244,3.39900250091
0.837405759923,0.2,0.4,-3.14313946851,-0.00809104081376,-1.39726976116,2.10192974137e-13,-0.89696837548,-3.39537978171,5.43737760514,3.40347082252
0.838471532505,0.2,0.4,-3.14314912913,-0.0100681456826,-1.39726976116,2.10192974137e-13,-0.900588486223,-3.39802114735,5.44100737651,3.40808929304
0.840566570997,0.2,0.4,-3.14317460413,-0.0143668950478,-1.39726976116,2.10192974137e-13,-0.907712895689,-3.40319532262,5.44815726098,3.41756221766
0.845493548954,0.2,0.4,-3.14327293353,-0.0261871864412,-1.39726976116,2.10192974137e-13,-0.924510163318,-3.41526898004,5.465052858,3.44145616648
0.850420526911,0.2,0.4,-3.14343297717,-0.0394777737947,-1.39726976116,2.10192974137e-13,-0.941366589255,-3.42720945697,5.48206932758,3.46668723076
0.855347504867,0.2,0.4,-3.1436595721,-0.0530716664202,-1.39726976116,2.10192974137e-13,-0.958281515724,-3.43901629476,5.49921084898,3.49208796118
0.860274482824,0.2,0.4,-3.14395150776,-0.0658014913351,-1.39726976116,2.10192974137e-13,-0.975254283584,-3.45068904097,5.5164755525,3.5164905323
0.866024345745,0.2,0.4,-3.14436450872,-0.0780507979994,-1.39726976116,2.10192974137e-13,-0.995134033526,-3.46414117337,5.53676830341,3.54219197137
0.871774208665,0.2,0.4,-3.14483579794,-0.0858699336295,-1.39726976116,2.10192974137e-13,-1.01509060279,-3.47740937219,5.55719616189,3.56327930582
0.876196202778,0.2,0.4,-3.14521926951,-0.0878978048018,-1.39726976116,2.10192974137e-13,-1.03049000942,-3.48748786636,5.57297904009,3.57538567116
0.876196202778,0.2,0.4,-3.14521926951,-0.0878978048018,-1.39726976116,2.10192974137e-13,-1.03049000942,-3.48748786636,5.57297904009,3.57538567116
0.876449828701,0.2,0.4,-3.14524155918,-0.0878840145908,-1.39726976116,2.10192974137e-13,-1.03137467247,-3.48806242604,5.5738859928,3.57594644063
0.876703454624,0.2,0.4,-3.14526384182,-0.0878563257881,-1.39726976116,2.10192974137e-13,-1.03225948115,-3.48863662538,5.57479308413,3.57649295117
0.877245736086,0.2,0.4,-3.14531144777,-0.087754253328,-1.39726976116,2.10192974137e-13,-1.03415174756,-3.48986323128,5.5767329565,3.57761748461
0.877788017547,0.2,0.4,-3.14535898362,-0.0875943334218,-1.39726976116,2.10192974137e-13,-1.0360446047,-3.49108837217,5.57867334948,3.57868270559
0.878244326048,0.2,0.4,-3.14539890247,-0.0874105600742,-1.39726976116,2.10192974137e-13,-1.03763786473,-3.49211805001,5.58030652836,3.57952861009
0.878244326048,0.2,0.4,-3.14539890247,-0.0874105600742,-1.39726976116,2.10192974137e-13,-1.03763786473,-3.49211805001,5.58030652836,3.57952861009
0.878489973717,0.2,0.4,-3.14542034407,-0.0872860270605,-1.39726976116,2.10192974137e-13,-1.0384958314,-3.49267172695,5.58118593663,3.57995775401
0.878735621386,0.2,0.4,-3.1454417517,-0.0871476727535,-1.39726976116,2.10192974137e-13,-1.039353934,-3.49322506542,5.58206544685,3.58037273818
0.879270423832,0.2,0.4,-3.14548823536,-0.0868023340111,-1.39726976116,2.10192974137e-13,-1.04122254844,-3.4944286754,5.58398054495,3.58123100941
0.879805226278,0.2,0.4,-3.14553453366,-0.0863975517018,-1.39726976116,2.10192974137e-13,-1.04309173454,-3.49563085865,5.58589602936,3.58202841036
0.880340028725,0.2,0.4,-3.14558060263,-0.0859276245075,-1.39726976116,2.10192974137e-13,-1.04496153926,-3.49683149585,5.58781190305,3.58275912036
0.881158666252,0.2,0.4,-3.14565057096,-0.0850759417978,-1.39726976116,2.10192974137e-13,-1.0478249365,-3.49866625694,5.59074526862,3.58374219874
0.881977303779,0.2,0.4,-3.14571977093,-0.0840613786149,-1.39726976116,2.10192974137e-13,-1.05068982787,-3.5004972684,5.59367935996,3.58455864701
0.88337332913,0.2,0.4,-3.14583552459,-0.0819440564654,-1.39726976116,2.10192974137e-13,-1.05557878454,-3.50361101245,5.59868407029,3.58555506892
0.884769354481,0.2,0.4,-3.14594793921,-0.0793288631898,-1.39726976116,2.10192974137e-13,-1.06047207767,-3.50671379693,5.60368977804,3.58604266012
0.888207592385,0.2,0.4,-3.14620538398,-0.0706761252567,-1.39726976116,2.10192974137e-13,-1.07254204193,-3.51430875116,5.61601718706,3.58498487642
0.891645830289,0.2,0.4,-3.14642770446,-0.0587741130959,-1.39726976116,2.10192974137e-13,-1.0846380088,-3.52183700562,5.62833547442,3.58061111872
0.895084068193,0.2,0.4,-3.14660395927,-0.0435033436386,-1.39726976116,2.10192974137e-13,-1.09675975838,-3.5292984227,5.6406334788,3.57280176634
0.898522306097,0.2,0.4,-3.1467221622,-0.0247747851245,-1.39726976116,2.10192974137e-13,-1.10890705491,-3.53669285903,5.65289897827,3.56146764415
0.9,0.2,0.4,-3.14675208973,-0.0156520229215,-1.39726976116,2.10192974137e-13,-1.11413553888,-3.5398502423,5.65815738976,3.55550226522
0.9,0.2,0.4,-3.14675208973,-0.0156520229215,-1.39726976116,2.10192974137e-13,-1.11413553888,-3.5398502423,5.65815738976,3.55550226522
0.900000001201,0.2,0.4,-3.14675208975,-0.0156520212429,-1.39726976116,2.10192974137e-13,-1.11413554313,-3.53985022685,5.65815739403,3.5555022601
0.900012012857,0.2,0.4,-3.14675227755,-0.0156351921378,-1.39726976116,2.10192974137e-13,-1.11417806074,-3.53969566603,5.65820010088,3.55545098674
0.900132129414,0.2,0.4,-3.14675414189,-0.0154640433032,-1.39726976116,2.10192974137e-13,-1.11460311302,-3.53815000318,5.65862712812,3.55493534062
0.900252245971,0.2,0.4,-3.14675598765,-0.0152890841493,-1.39726976116,2.10192974137e-13,-1.11502800027,-3.53660426744,5.6590541,3.5544158113
0.900466184844,0.2,0.4,-3.14675922247,-0.014967021719,-1.39726976116,2.10192974137e-13,-1.11578431196,-3.53385096705,5.65981442349,3.55347983721
0.900834233733,0.2,0.4,-3.14676461971,-0.0143813341835,-1.39726976116,2.10192974137e-13,-1.11708405931,-3.52911373233,5.66112196953,3.55183740385
0.901468987122,0.2,0.4,-3.14677338426,-0.0132769161348,-1.39726976116,2.10192974137e-13,-1.11932157176,-3.5209418815,5.6633755647,3.54890866886
0.902573278261,0.2,0.4,-3.14678676185,-0.0110710032747,-1.39726976116,2.10192974137e-13,-1.12320185196,-3.50671971581,5.66729155005,3.5435235017
0.904784485969,0.2,0.4,-3.14680467599,-0.00557236395781,-1.39726976116,2.10192974137e-13,-1.13092440527,-3.47822070024,5.6751133764,3.53163792389
0.906596168528,0.2,0.4,-3.14680896019,3.24326069473e-14,-1.39726976116,2.10192974137e-13,-1.13720464761,-3.45485017363,5.6815009972,3.52081185891
0.906596168528,0.2,0.4,-3.14680896019,3.24326069473e-14,-1.39726976116,2.10192974137e-13,-1.13720464761,-3.45485017363,5.6815009972,3.52081185891
0.906596709737,0.2,0.4,-3.14680896019,3.24326069473e-14,-1.39726976116,2.10192974137e-13,-1.1372065174,-3.45484258631,5.6815029027,3.52080968368
0.906906823952,0.2,0.4,-3.14680896019,3.24326069473e-14,-1.39726976116,2.10192974137e-13,-1.1382765619,-3.45048518637,5.68259436624,3.51955342589
0.907876624016,0.2,0.4,-3.14680896019,3.24326069473e-14,-1.39726976116,2.10192974137e-13,-1.14161399129,-3.43679467698,5.68600504809,3.51556091715
0.908846424081,0.2,0.4,-3.14680896019,3.24326069473e-14,-1.39726976116,2.10192974137e-13,-1.14493956408,-3.42301946389,5.68941223346,3.5114837047
0.909816224146,0.2,0.4,-3.14680896019,3.24326069473e-14,-1.39726976116,2.10192974137e-13,-1.14825221965,-3.40915315973,5.69281555839,3.50731540119
0.910786024211,0.2,0.4,-3.14680896019,3.24326069473e-14,-1.39726976116,2.10192974137e-13,-1.15155154457,-3.39519424253,5.69621484167,3.50305448464
0.912845307482,0.2,0.4,-3.14680896019,3.24326069473e-14,-1.39726976116,2.10192974137e-13,-1.1585121187,-3.3652491639,5.70341882109,3.49370223872
0.916608442585,0.2,0.4,-3.14680896019,3.24326069473e-14,-1.39726976116,2.10192974137e-13,-1.17107016415,-3.3094951055,5.71653115587,3.47557953135
0.923193448066,0.2,0.4,-3.14680896019,3.24326069473e-14,-1.39726976116,2.10192974137e-13,-1.1925281154,-3.20899156707,5.7392996846,3.44092604773
0.929778453548,0.2,0.4,-3.14680896019,3.24326069473e-14,-1.39726976116,2.10192974137e-13,-1.21331251092,-3.10517853214,5.76182821447,3.40296306762
0.936363459029,0.2,0.4,-3.14680896019,3.24326069473e-14,-1.39726976116,2.10192974137e-13,-1.23340507789,-2.9987298797,5.78409851674,3.36236446999
0.942948464511,0.2,0.4,-3.14680896019,3.24326069473e-14,-1.39726976116,2.10192974137e-13,-1.25279163304,-2.89043787326,5.80609642282,3.31992251837
0.949533469992,0.2,0.4,-3.14680896019,3.24326069473e-14,-1.39726976116,2.10192974137e-13,-1.27146318818,-2.7811753819,5.82781294941,3.27651008182
0.960387185923,0.2,0.4,-3.14680896019,3.24326069473e-14,-1.39726976116,2.10192974137e-13,-1.3006735167,-2.60144314055,5.86298851611,3.20531499978
0.971240901854,0.2,0.4,-3.14680896019,3.24326069473e-14,-1.39726976116,2.10192974137e-13,-1.32795536973,-2.42534440335,5.89741363818,3.13775342189
0.982094617785,0.2,0.4,-3.14680896019,3.24326069473e-14,-1.39726976116,2.10192974137e-13,-1.35336452863,-2.25649959707,5.93114409768,3.07744577492
0.992948333717,0.2,0.4,-3.14680896019,3.24326069473e-14,-1.39726976116,2.10192974137e-13,-1.3769930622,-2.0977986394,5.96427196351,3.02728197656
0.998935644984,0.2,0.4,-3.14680896019,3.24326069473e-14,-1.39726976116,2.10192974137e-13,-1.3893084967,-2.01520613958,5.98233174353,3.00456258942
0.998935644984,0.2,0.4,-3.14680896019,3.24326069473e-14,-1.39726976116,2.10192974137e-13,-1.3893084967,-2.01520613958,5.98233174353,3.00456258942
0.999827951882,0.2,0.4,-3.14680896019,3.24326069473e-14,-1.39726976116,2.10192974137e-13,-1.39109604854,-2.0032926378,5.98501006707,3.00157215662
1.00033328928,0.2,0.4,-3.14680896019,3.24326069473e-14,-1.39726976116,2.10192974137e-13,-1.39210240902,-1.99659291785,5.98652540468,2.99992581062
1.00033328928,0.2,0.4,-3.14680896019,3.24326069473e-14,-1.39726976116,2.10192974137e-13,-1.39210240902,-1.99659291785,5.98652540468,2.99992581062
1.00033330129,0.2,0.4,-3.14680896019,-5.57504730005e-09,-1.39726976116,2.10192974137e-13,-1.392102433,-1.99659275623,5.98652544072,2.99992577471
1.00033331048,0.2,0.4,-3.14680896019,-1.00000052828e-08,-1.39726976116,2.10192974137e-13,-1.39210245134,-1.99659263264,5.98652546828,2.99992574741
1.00033331048,0.2,0.4,-3.14680896019,-1.00000052828e-08,-1.39726976116,2.10192974137e-13,-1.39210245134,-1.99659263264,5.98652546828,2.99992574741
1.0003333225,0.2,0.4,-3.14680896019,-1.55792911655e-08,-1.39726976116,2.10192974137e-13,-1.39210247534,-1.9965924709,5.98652550434,2.99992571147
1.00038637136,0.2,0.4,-3.14680896155,-2.55687199435e-05,-1.39726976116,2.10192974137e-13,-1.39220835444,-1.9958787814,5.98668463862,2.99976806371
1.00055272703,0.2,0.4,-3.14680897536,-0.000111826851991,-1.39726976116,2.10192974137e-13,-1.39254013197,-1.99364061558,5.98718361289,2.99927971274
1.0007190827,0.2,0.4,-3.14680900285,-0.000206252689993,-1.39726976116,2.10192974137e-13,-1.39287157853,-1.99140230277,5.98768251584,2.99879938249
1.00088543837,0.2,0.4,-3.14680904633,-0.000309526088453,-1.39726976116,2.10192974137e-13,-1.3932026665,-1.9891638307,5.9881813427,2.99832774053
1.00105179405,0.2,0.4,-3.14680910762,-0.000421872845475,-1.39726976116,2.10192974137e-13,-1.39353338668,-1.98692519529,5.98868009289,2.99786500859
1.00140639753,0.2,0.4,-3.14680930759,-0.000691969358768,-1.39726976116,2.10192974137e-13,-1.3942371076,-1.98215277213,5.98974297827,2.99690871682
1.00206028337,0.2,0.4,-3.14680997336,-0.00129931821692,-1.39726976116,2.10192974137e-13,-1.39553032717,-1.97335049409,5.99170208645,2.99525264601
1.00330691484,0.2,0.4,-3.1468126586,-0.00284933934464,-1.39726976116,2.10192974137e-13,-1.39797989684,-1.95656189308,5.99543443098,2.99248038087
1.00575575373,0.2,0.4,-3.14682592322,-0.00738333434852,-1.39726976116,2.10192974137e-13,-1.40273076898,-1.9235558804,6.00275837628,2.98849675207
1.00820459262,0.2,0.4,-3.14685299425,-0.0138736103787,-1.39726976116,2.10192974137e-13,-1.4074007691,-1.89051395819,6.01007522104,2.98643349477
1.00953908829,0.2,0.4,-3.14687469789,-0.018226620913,-1.39726976116,2.10192974137e-13,-1.40991162163,-1.87249262509,6.01406066736,2.98611012891
1.01087358396,0.2,0.4,-3.14690252472,-0.0231461386999,-1.39726976116,2.10192974137e-13,-1.41239841892,-1.85446061256,6.0180459903,2.98634259086
1.01220807963,0.2,0.4,-3.14693726658,-0.0286245818028,-1.39726976116,2.10192974137e-13,-1.41486114585,-1.83641791467,6.02203196668,2.98712329276
1.01475797369,0.2,0.4,-3.14702578292,-0.0406131099672,-1.39726976116,2.10192974137e-13,-1.41949982036,-1.80191300575,6.02965285449,2.99010585265
1.01730786776,0.2,0.4,-3.14714710791,-0.0545459973996,-1.39726976116,2.10192974137e-13,-1.4240504657,-1.76736902722,6.03728354138,2.99499370219
1.01985776182,0.2,0.4,-3.14730606164,-0.0703459735794,-1.39726976116,2.10192974137e-13,-1.42851298314,-1.73278594135,6.0449287487,3.00170953314
1.02240765589,0.2,0.4,-3.14750744127,-0.0879219469745,-1.39726976116,2.10192974137e-13,-1.43288727013,-1.69816370942,6.05259317107,3.01016221525
1.02495754995,0.2,0.4,-3.14775575204,-0.107172322609,-1.39726976116,2.10192974137e-13,-1.43717322483,-1.66350229342,6.06028121188,3.02025011552
1.02750744401,0.2,0.4,-3.1480551631,-0.127986077411,-1.39726976116,2.10192974137e-13,-1.44137074656,-1.62880165624,6.06799693963,3.03186217379
1.03261051013,0.2,0.4,-3.14882257588,-0.173838722601,-1.39726976116,2.10192974137e-13,-1.44950520187,-1.55923783814,6.08353580331,3.05918166201
1.03771357624,0.2,0.4,-3.14983620872,-0.22440134732,-1.39726976116,2.10192974137e-13,-1.45728426641,-1.48951650126,6.09922590911,3.09105361096
1.04281664235,0.2,0.4,-3.15111764574,-0.278519698282,-1.39726976116,2.10192974137e-13,-1.4647071358,-1.41963736437,6.11508803677,3.12632348616
1.04791970846,0.2,0.4,-3.15268201738,-0.334949416314,-1.39726976116,2.10192974137e-13,-1.47177300413,-1.34960015321,6.13113651085,3.16374665415
1.06004778258,0.2,0.4,-3.15757119579,-0.470886804364,-1.39726976116,2.10192974137e-13,-1.48712873296,-1.18251214738,6.17005668088,3.2538767776
1.06776332191,0.2,0.4,-3.16152312109,-0.552403874492,-1.39726976116,2.10192974137e-13,-1.49584081613,-1.07574841793,6.19536688668,3.30578551149
1.07547886123,0.2,0.4,-3.16607295247,-0.625106244489,-1.39726976116,2.10192974137e-13,-1.50372775497,-0.968620489373,6.2210451497,3.34851534614
1.08319440055,0.2,0.4,-3.1711388164,-0.68552325851,-1.39726976116,2.10192974137e-13,-1.51078673642,-0.861127552487,6.24700678336,3.3785948165
1.09090993987,0.2,0.4,-3.17661480488,-0.730958554267,-1.39726976116,2.10192974137e-13,-1.51701494127,-0.753268832474,6.27314306044,3.39332678546
1.09862547919,0.2,0.4,-3.18237772336,-0.759635423551,-1.39726976116,2.10192974137e-13,-1.52240954445,-0.645043589098,6.29932796131,3.39093380458
1.10743750627,0.2,0.4,-3.18915477458,-0.771114298734,-1.39726976116,2.10192974137e-13,-1.5275474514,-0.520988741505,6.32913410959,3.36647810296
1.10743750627,0.2,0.4,-3.18915477458,-0.771114298734,-1.39726976116,2.10192974137e-13,-1.5275474514,-0.520988741505,6.32913410959,3.36647810296
1.10805691765,0.2,0.4,-3.1896323435,-0.771004435115,-1.39726976116,2.10192974137e-13,-1.52786474457,-0.512249498005,6.33121769991,3.36382310966
1.10805985473,0.2,0.4,-3.18963460736,-0.771003396018,-1.39726976116,2.10192974137e-13,-1.52786622341,-0.512208047638,6.3312275716,3.363809991
1.10805985473,0.2,0.4,-3.18963460736,-0.771003396018,-1.39726976116,2.10192974137e-13,-1.52786622341,-0.512208047638,6.3312275716,3.363809991
1.10868096035,0.2,0.4,-3.1901133449,-0.77078284079,-1.39726976116,2.10192974137e-13,-1.52817891438,-0.503442503803,6.33331512927,3.36103494805
1.10930206596,0.2,0.4,-3.19059187762,-0.770453053406,-1.39726976116,2.10192974137e-13,-1.52848615953,-0.494674574385,6.33540089402,3.35814828737
1.11069759178,0.2,0.4,-3.19166603692,-0.769348276893,-1.39726976116,2.10192974137e-13,-1.52915815516,-0.474966396785,6.34008089659,3.35129059144
1.11209311759,0.2,0.4,-3.19273837999,-0.767764342148,-1.39726976116,2.10192974137e-13,-1.52980569347,-0.455247509245,6.34475193667,3.34394302733
1.11348864341,0.2,0.4,-3.19380816866,-0.765669433156,-1.39726976116,2.10192974137e-13,-1.53042672306,-0.435517016168,6.34941266725,3.33607288344
1.11589388761,0.2,0.4,-3.1956433409,-0.760858441352,-1.39726976116,2.10192974137e-13,-1.53143279819,-0.401482591677,6.35741812094,3.32127990914
1.1199581795,0.2,0.4,-3.19870965463,-0.749449851854,-1.39726976116,2.10192974137e-13,-1.53294695741,-0.343891206715,6.37085608387,3.29292285352
1.12039425978,0.2,0.4,-3.19903539557,-0.747997187808,-1.39726976116,2.10192974137e-13,-1.53309552062,-0.337705835063,6.37229055612,3.28964562068
1.12039425978,0.2,0.4,-3.19903539557,-0.747997187808,-1.39726976116,2.10192974137e-13,-1.53309552062,-0.337705835063,6.37229055612,3.28964562068
1.12102417927,0.2,0.4,-3.19950503999,-0.745742763027,-1.39726976116,2.10192974137e-13,-1.5333021678,-0.32876756273,6.37435943918,3.28475211847
1.12102417927,0.2,0.4,-3.19950503999,-0.745742763027,-1.39726976116,2.10192974137e-13,-1.5333021678,-0.32876756273,6.37435943918,3.28475211847
1.12170917035,0.2,0.4,-3.20001412019,-0.74319245327,-1.39726976116,2.10192974137e-13,-1.53352071088,-0.319045153957,6.3766057505,3.27932931072
1.12239416143,0.2,0.4,-3.20052138174,-0.740537448145,-1.39726976116,2.10192974137e-13,-1.53373259221,-0.309319835436,6.37884827354,3.27379889786
1.12376130579,0.2,0.4,-3.20152872776,-0.734968640719,-1.39726976116,2.10192974137e-13,-1.53413777887,-0.289901759735,6.38331371603,3.26248345839
1.12512845016,0.2,0.4,-3.2025289889,-0.729051526685,-1.39726976116,2.10192974137e-13,-1.53451935853,-0.270473376786,6.3877650807,3.25080940507
1.12649559453,0.2,0.4,-3.20352116494,-0.722771877105,-1.39726976116,2.10192974137e-13,-1.5348753514,-0.251033825005,6.39220077209,3.23876164737
1.12948768158,0.2,0.4,-3.20566042508,-0.707837182916,-1.39726976116,2.10192974137e-13,-1.5355619469,-0.208448701535,6.40184888865,3.21116270029
1.13247976864,0.2,0.4,-3.20775267469,-0.691405134447,-1.39726976116,2.10192974137e-13,-1.53612155379,-0.165808204592,6.41141216351,3.18201102545
1.1354718557,0.2,0.4,-3.20979389946,-0.673681047117,-1.39726976116,2.10192974137e-13,-1.53655366427,-0.123112151578,6.42088632015,3.15151175569
1.13846394276,0.2,0.4,-3.21178063599,-0.654891513423,-1.39726976116,2.10192974137e-13,-1.53685799809,-0.0803604612946,6.43026769682,3.11989140229
1.14327086309,0.2,0.4,-3.21485165842,-0.62309032671,-1.39726976116,2.10192974137e-13,-1.53707888665,-0.0115613753382,6.44513791676,3.06736033292
1.14407765954,0.2,0.4,-3.21535211566,-0.617615986598,-1.39726976116,2.10192974137e-13,-1.53708353818,1.83082715655e-13,6.44760897984,3.05839258203
1.14407765954,0.2,0.4,-3.21535211566,-0.617615986598,-1.39726976116,2.10192974137e-13,-1.53708353818,1.83082715655e-13,6.44760897984,3.05839258203
1.14587765251,0.2,0.4,-3.21642602127,-0.596616556263,-1.39726976116,2.10192974137e-13,-1.53708353818,1.83082715655e-13,6.45307768377,3.03818071134
1.14767764549,0.2,0.4,-3.2174620398,-0.575568098178,-1.39726976116,2.10192974137e-13,-1.53708353818,1.83082715655e-13,6.458509894,3.01790635675
1.14947763846,0.2,0.4,-3.21846018633,-0.554528018624,-1.39726976116,2.10192974137e-13,-1.53708353818,1.83082715655e-13,6.46390560139,2.99762692057
1.15078947798,0.2,0.4,-3.21916756278,-0.53922482729,-1.39726976116,2.10192974137e-13,-1.53708353818,1.83082715655e-13,6.46781864939,2.98287093692
1.15210131751,0.2,0.4,-3.21985493361,-0.523974786258,-1.39726976116,2.10192974137e-13,-1.53708353818,1.83082715655e-13,6.47171240025,2.96816095091
1.15341315704,0.2,0.4,-3.22052239773,-0.508800131088,-1.39726976116,2.10192974137e-13,-1.53708353818,1.83082715655e-13,6.47558694347,2.95351919664
1.15472499657,0.2,0.4,-3.2211700831,-0.493723017838,-1.39726976116,2.10192974137e-13,-1.53708353818,1.83082715655e-13,6.47944239764,2.93896782871
1.15603683609,0.2,0.4,-3.22179814659,-0.478765485444,-1.39726976116,2.10192974137e-13,-1.53708353818,1.83082715655e-13,6.48327891023,2.92452888463
1.15734867562,0.2,0.4,-3.22240677378,-0.463949418306,-1.39726976116,2.10192974137e-13,-1.53708353818,1.83082715655e-13,6.48709665743,2.91022424739
1.15866051515,0.2,0.4,-3.2229961787,-0.449296509129,-1.39726976116,2.10192974137e-13,-1.53708353818,1.83082715655e-13,6.49089584388,2.89607560831
1.15997235467,0.2,0.4,-3.22356660355,-0.434828222097,-1.39726976116,2.10192974137e-13,-1.53708353818,1.83082715655e-13,6.49467670239,2.8821044302
1.1612841942,0.2,0.4,-3.22411831833,-0.420565756426,-1.39726976116,2.10192974137e-13,-1.53708353818,1.83082715655e-13,6.49843949357,2.86833191093
1.16259603373,0.2,0.4,-3.22465162047,-0.406530010378,-1.39726976116,2.10192974137e-13,-1.53708353818,1.83082715655e-13,6.50218450544,2.85477894742
1.16311879875,0.2,0.4,-3.22486123622,-0.400975092293,-1.39726976116,2.10192974137e-13,-1.53708353818,1.83082715655e-13,6.50367408008,2.84941527929
1.16364156378,0.2,0.4,-3.22506796875,-0.395459760778,-1.39726976116,2.10192974137e-13,-1.53708353818,1.83082715655e-13,6.5051608709,2.84409005989
1.1641643288,0.2,0.4,-3.22527183943,-0.389985298619,-1.39726976116,2.10192974137e-13,-1.53708353818,1.83082715655e-13,6.50664489864,2.8388045719
1.16595557434,0.2,0.4,-3.22594840672,-0.371568947381,-1.39726976116,2.10192974137e-13,-1.53708353818,1.83082715655e-13,6.51170866514,2.82102682924
1.16774681989,0.2,0.4,-3.22659623498,-0.353641494347,-1.39726976116,2.10192974137e-13,-1.53708353818,1.83082715655e-13,6.51674469523,2.803726105
1.16953806543,0.2,0.4,-3.22721375595,-0.336284060961,-1.39726976116,2.10192974137e-13,-1.53708353818,1.83082715655e-13,6.52175148528,2.78698252801
1.17132931097,0.2,0.4,-3.22780119678,-0.319554600754,-1.39726976116,2.10192974137e-13,-1.53708353818,1.83082715655e-13,6.52672926821,2.77085371887
1.17312055651,0.2,0.4,-3.22835944154,-0.303502070777,-1.39726976116,2.10192974137e-13,-1.53708353818,1.83082715655e-13,6.53167891413,2.75538852166
1.17609445323,0.2,0.4,-3.2292250726,-0.278466555332,-1.39726976116,2.10192974137e-13,-1.53708353818,1.83082715655e-13,6.53983760347,2.73129861747
1.17906834995,0.2,0.4,-3.23001919851,-0.25559410269,-1.39726976116,2.10192974137e-13,-1.53708353818,1.83082715655e-13,6.54792754996,2.70933490756
1.18204224667,0.2,0.4,-3.23074845305,-0.235055282131,-1.39726976116,2.10192974137e-13,-1.53708353818,1.83082715655e-13,6.55595527856,2.68966793292
1.18704545127,0.2,0.4,-3.23184979476,-0.206169412257,-1.39726976116,2.10192974137e-13,-1.53708353818,1.83082715655e-13,6.56934105276,2.66216554938
1.19204865588,0.2,0.4,-3.23282552061,-0.184890788699,-1.39726976116,2.10192974137e-13,-1.53708353818,1.83082715655e-13,6.58260787323,2.64216588906
1.19705186049,0.2,0.4,-3.23371457403,-0.171629667675,-1.39726976116,2.10192974137e-13,-1.53708353818,1.83082715655e-13,6.59579415868,2.63007915784
1.19818200271,0.2,0.4,-3.23390757053,-0.169766268978,-1.39726976116,2.10192974137e-13,-1.53708353818,1.83082715655e-13,6.59876569504,2.6284665515
1.19818200271,0.2,0.4,-3.23390757053,-0.169766268978,-1.39726976116,2.10192974137e-13,-1.53708353818,1.83082715655e-13,6.59876569504,2.6284665515
1.19839859828,0.2,0.4,-3.23394425961,-0.169472265524,-1.39726976116,2.10192974137e-13,-1.53708353818,1.83082715655e-13,6.59933494082,2.62821985054
1.19839859828,0.2,0.4,-3.23394425961,-0.169472265524,-1.39726976116,2.10192974137e-13,-1.53708353818,1.83082715655e-13,6.59933494082,2.62821985054
1.19867567671,0.2,0.4,-3.233991118,-0.169115977299,-1.39726976116,2.10192974137e-13,-1.53708353818,1.83082715655e-13,6.60006308184,2.62792382317
1.19895275514,0.2,0.4,-3.23403788471,-0.168785074653,-1.39726976116,2.10192974137e-13,-1.53708353818,1.83082715655e-13,6.60079114778,2.62765286048
1.19970779461,0.2,0.4,-3.2341649335,-0.168009087753,-1.39726976116,2.10192974137e-13,-1.53708353818,1.83082715655e-13,6.60277482021,2.62703862145
1.20046283408,0.2,0.4,-3.23429154588,-0.167400758824,-1.39726976116,2.10192974137e-13,-1.53708353818,1.83082715655e-13,6.60475816372,2.62658992207
1.20121787355,0.2,0.4,-3.234417798,-0.166974025162,-1.39726976116,2.10192974137e-13,-1.53708353818,1.83082715655e-13,6.606741262,2.62632052298
1.20197291301,0.2,0.4,-3.23454380891,-0.16673342458,-1.39726976116,2.10192974137e-13,-1.53708353818,1.83082715655e-13,6.60872423542,2.62623490304
1.2023812176,0.2,0.4,-3.23461197816,-0.166681699212,-1.39726976116,2.10192974137e-13,-1.53708353818,1.83082715655e-13,6.60979664646,2.62626599255
1.2023812176,0.2,0.4,-3.23461197816,-0.166681699212,-1.39726976116,2.10192974137e-13,-1.53708353818,1.83082715655e-13,6.60979664646,2.62626599255
1.20256488586,0.2,0.4,-3.23464259383,-0.166687247489,-1.39726976116,2.10192974137e-13,-1.53708353818,1.83082715655e-13,6.61027901986,2.62630842964
1.20256488586,0.2,0.4,-3.23464259383,-0.166687247489,-1.39726976116,2.10192974137e-13,-1.53708353818,1.83082715655e-13,6.61027901986,2.62630842964
1.20284021123,0.2,0.4,-3.23468849394,-0.166712243989,-1.39726976116,2.10192974137e-13,-1.53708353818,1.83082715655e-13,6.61100213125,2.62638851229
1.2031155366,0.2,0.4,-3.23473440781,-0.166762218656,-1.39726976116,2.10192974137e-13,-1.53708353818,1.83082715655e-13,6.61172527147,2.62649325615
1.2038684861,0.2,0.4,-3.23486010236,-0.167023230706,-1.39726976116,2.10192974137e-13,-1.53708353818,1.83082715655e-13,6.61370309366,2.62690246854
1.20462143559,0.2,0.4,-3.23498605465,-0.16744969355,-1.39726976116,2.10192974137e-13,-1.53708353818,1.83082715655e-13,6.61568127172,2.62747502443
1.20537438509,0.2,0.4,-3.23511239665,-0.168054903731,-1.39726976116,2.10192974137e-13,-1.53708353818,1.83082715655e-13,6.6176599444,2.62822404466
1.20612733459,0.2,0.4,-3.23523926406,-0.168842821815,-1.39726976116,2.10192974137e-13,-1.53708353818,1.83082715655e-13,6.61963924846,2.62915343113
1.20772406712,0.2,0.4,-3.2355108914,-0.17112026519,-1.39726976116,2.10192974137e-13,-1.53708353818,1.83082715655e-13,6.62383956535,2.63172304085
1.21190974578,0.2,0.4,-3.23625080111,-0.180915758053,-1.39726976116,2.10192974137e-13,-1.53708353818,1.83082715655e-13,6.63488022537,2.64223380237
1.21609542444,0.2,0.4,-3.23704459786,-0.196082963087,-1.39726976116,2.10192974137e-13,-1.53708353818,1.83082715655e-13,6.64597758797,2.6580430083
1.21829470954,0.2,0.4,-3.23748810466,-0.206138932999,-1.39726976116,2.10192974137e-13,-1.53708353818,1.83082715655e-13,6.65183596879,2.66840693291
1.22049399464,0.2,0.4,-3.23795491251,-0.217551769993,-1.39726976116,2.10192974137e-13,-1.53708353818,1.83082715655e-13,6.65771830936,2.68010748209
1.22269327974,0.2,0.4,-3.23844811926,-0.230259462954,-1.39726976116,2.10192974137e-13,-1.53708353818,1.83082715655e-13,6.66362766057,2.69308264168
1.22756860174,0.2,0.4,-3.23965096805,-0.262658033363,-1.39726976116,2.10192974137e-13,-1.53708353818,1.83082715655e-13,6.67683881346,2.72600192913
1.23244392373,0.2,0.4,-3.24102341093,-0.300291039903,-1.39726976116,2.10192974137e-13,-1.53708353818,1.83082715655e-13,6.6902218722,2.7640561338
1.23731924573,0.2,0.4,-3.24258825958,-0.34226568598,-1.39726976116,2.10192974137e-13,-1.53708353818,1.83082715655e-13,6.70379917548,2.80635244344
1.24219456772,0.2,0.4,-3.24436515092,-0.387555599721,-1.39726976116,2.10192974137e-13,-1.53708353818,1.83082715655e-13,6.71758986195,2.85186447331
1.24706988972,0.2,0.4,-3.24636833845,-0.435065987305,-1.39726976116,2.10192974137e-13,-1.53708353818,1.83082715655e-13,6.73160768922,2.89949742075
1.25063369673,0.2,0.4,-3.24798065447,-0.470549547342,-1.39726976116,2.10192974137e-13,-1.53708353818,1.83082715655e-13,6.7420028277,2.93500758196
1.25063369673,0.2,0.4,-3.24798065447,-0.470549547342,-1.39726976116,2.10192974137e-13,-1.53708353818,1.83082715655e-13,6.7420028277,2.93500758196
1.25063753781,0.2,0.4,-3.24798246204,-0.470587950488,-1.39726976116,2.10192974137e-13,-1.53708353818,1.83082715655e-13,6.74201410146,2.93504598511
1.2532870887,0.2,0.4,-3.24929913598,-0.496942310003,-1.39726976116,2.10192974137e-13,-1.53708353818,1.83082715655e-13,6.74986048237,2.96140034462
1.25431345351,0.2,0.4,-3.24981961775,-0.507111865195,-1.39726976116,2.10192974137e-13,-1.53708353818,1.83082715655e-13,6.75291039716,2.97156989981
1.25533981833,0.2,0.4,-3.25035048589,-0.517231432654,-1.39726976116,2.10192974137e-13,-1.53708353818,1.83082715655e-13,6.75597069831,2.98168946727
1.25636618314,0.2,0.4,-3.2508916783,-0.527290492094,-1.39726976116,2.10192974137e-13,-1.53708353818,1.83082715655e-13,6.75904132373,2.99174852671
1.25826964695,0.2,0.4,-3.25191636882,-0.545791084019,-1.39726976116,2.10192974137e-13,-1.53708353818,1.83082715655e-13,6.76475702093,3.01024911864
1.26017311077,0.2,0.4,-3.25297244695,-0.564019066214,-1.39726976116,2.10192974137e-13,-1.53708353818,1.83082715655e-13,6.77050410575,3.02847710083
1.26207657458,0.2,0.4,-3.25406257538,-0.581892152921,-1.39726976116,2.10192974137e-13,-1.53708353818,1.83082715655e-13,6.77628524087,3.04635018754
1.26398003839,0.2,0.4,-3.25518653736,-0.599343206509,-1.39726976116,2.10192974137e-13,-1.53708353818,1.83082715655e-13,6.78210020953,3.06380124113
1.2658835022,0.2,0.4,-3.25634339255,-0.616309999017,-1.39726976116,2.10192974137e-13,-1.53708353818,1.83082715655e-13,6.78794807141,3.08076803364
1.27017062974,0.2,0.4,-3.25906255612,-0.652388107572,-1.39726976116,2.10192974137e-13,-1.53708353818,1.83082715655e-13,6.80123268088,3.11684614219
1.27445775728,0.2,0.4,-3.26192927661,-0.68507102143,-1.39726976116,2.10192974137e-13,-1.53708353818,1.83082715655e-13,6.81466484728,3.14952905605
1.27874488482,0.2,0.4,-3.26492830929,-0.713789632599,-1.39726976116,2.10192974137e-13,-1.53708353818,1.83082715655e-13,6.82822932586,3.17824766722
1.28303201235,0.2,0.4,-3.26804134071,-0.738006109362,-1.39726976116,2.10192974137e-13,-1.53708353818,1.83082715655e-13,6.84190780319,3.20246414398
1.29024164459,0.2,0.4,-3.27347480642,-0.767446639697,-1.39726976116,2.10192974137e-13,-1.53708353818,1.83082715655e-13,6.865109105,3.23190467432
1.29745127683,0.2,0.4,-3.27906517799,-0.781456982414,-1.39726976116,2.10192974137e-13,-1.53708353818,1.83082715655e-13,6.88846731267,3.24591501703
1.29791918115,0.2,0.4,-3.27943072388,-0.781815089302,-1.39726976116,2.10192974137e-13,-1.53708353818,1.83082715655e-13,6.88998598912,3.24627312392
1.29791918115,0.2,0.4,-3.27943072388,-0.781815089302,-1.39726976116,2.10192974137e-13,-1.53708353818,1.83082715655e-13,6.88998598912,3.24627312392
1.29810129606,0.2,0.4,-3.27957315474,-0.7818999313,-1.39726976116,2.10192974137e-13,-1.53708353818,1.83082715655e-13,6.89057723452,3.24635796592
1.29810129606,0.2,0.4,-3.27957315474,-0.7818999313,-1.39726976116,2.10192974137e-13,-1.53708353818,1.83082715655e-13,6.89057723452,3.24635796592
1.29869862273,0.2,0.4,-3.28004035025,-0.782144074145,-1.39726976116,2.10192974137e-13,-1.53708353818,1.83082715655e-13,6.89251651655,3.24660210876
1.2992959494,0.2,0.4,-3.28050762468,-0.782276182487,-1.39726976116,2.10192974137e-13,-1.53708353818,1.83082715655e-13,6.89445587749,3.24673421711
1.30092798263,0.2,0.4,-3.28178411125,-0.782079348339,-1.39726976116,2.10192974137e-13,-1.53708353818,1.83082715655e-13,6.89975444148,3.24653738296
1.3020569293,0.2,0.4,-3.28266647118,-0.78150851272,-1.39726976116,2.10192974137e-13,-1.53708353818,1.83082715655e-13,6.9034190431,3.24596654734
1.3020569293,0.2,0.4,-3.28266647118,-0.78150851272,-1.39726976116,2.10192974137e-13,-1.53708353818,1.83082715655e-13,6.9034190431,3.24596654734
1.30227244028,0.2,0.4,-3.28283478748,-0.781328971744,-1.39726976116,2.10192974137e-13,-1.53708353818,1.83082715655e-13,6.90411847715,3.24578700636
1.30227244028,0.2,0.4,-3.28283478748,-0.781328971744,-1.39726976116,2.10192974137e-13,-1.53708353818,1.83082715655e-13,6.90411847715,3.24578700636
1.3028705181,0.2,0.4,-3.28330176087,-0.780790355989,-1.39726976116,2.10192974137e-13,-1.53708353818,1.83082715655e-13,6.90605938823,3.24524839061
1.30346859591,0.2,0.4,-3.28376834526,-0.780139924667,-1.39726976116,2.10192974137e-13,-1.53708353818,1.83082715655e-13,6.9079999103,3.24459795929
1.30499692234,0.2,0.4,-3.28495846622,-0.777992974697,-1.39726976116,2.10192974137e-13,-1.53708353818,1.83082715655e-13,6.9129565276,3.24245100932
1.30652524876,0.2,0.4,-3.28614501561,-0.775203243474,-1.39726976116,2.10192974137e-13,-1.53708353818,1.83082715655e-13,6.91790957332,3.23966127809
1.30805357518,0.2,0.4,-3.28732682837,-0.771722864274,-1.39726976116,2.10192974137e-13,-1.53708353818,1.83082715655e-13,6.92285788241,3.23618089889
1.3103695361,0.2,0.4,-3.28910571642,-0.765113463192,-1.39726976116,2.10192974137e-13,-1.53708353818,1.83082715655e-13,6.93034435894,3.22957149781
1.3150769384,0.2,0.4,-3.29265972083,-0.746881868558,-1.39726976116,2.10192974137e-13,-1.53708353818,1.83082715655e-13,6.94549955877,3.21133990318
1.3197843407,0.2,0.4,-3.29611188449,-0.722530829527,-1.39726976116,2.10192974137e-13,-1.53708353818,1.83082715655e-13,6.96055291785,3.18698886415
1.32449174299,0.2,0.4,-3.29943610766,-0.692580053325,-1.39726976116,2.10192974137e-13,-1.53708353818,1.83082715655e-13,6.97547833644,3.15703808794
1.32919914529,0.2,0.4,-3.30260815648,-0.657679425368,-1.39726976116,2.10192974137e-13,-1.53708353818,1.83082715655e-13,6.99025158067,3.12213745999
1.33390654759,0.2,0.4,-3.30560680595,-0.618589534275,-1.39726976116,2.10192974137e-13,-1.53708353818,1.83082715655e-13,7.00485142556,3.08304756889
1.33644245944,0.2,0.4,-3.3071456931,-0.596001037243,-1.39726976116,2.10192974137e-13,-1.53708353818,1.83082715655e-13,7.01263996102,3.06045907186
1.33897837128,0.2,0.4,-3.30862664486,-0.572568828569,-1.39726976116,2.10192974137e-13,-1.53708353818,1.83082715655e-13,7.0203705611,3.03702686319
1.34151428312,0.2,0.4,-3.31004750801,-0.548449208355,-1.39726976116,2.10192974137e-13,-1.53708353818,1.83082715655e-13,7.02804107257,3.01290724297
1.34624728443,0.2,0.4,-3.31253334972,-0.502167197928,-1.39726976116,2.10192974137e-13,-1.53708353818,1.83082715655e-13,7.0421911974,2.96662523255
1.35098028575,0.2,0.4,-3.31479875216,-0.455014698053,-1.39726976116,2.10192974137e-13,-1.53708353818,1.83082715655e-13,7.05612088294,2.91947273267
1.35571328706,0.2,0.4,-3.31684176497,-0.408021837052,-1.39726976116,2.10192974137e-13,-1.53708353818,1.83082715655e-13,7.06982817886,2.87247987167
1.36044628837,0.2,0.4,-3.31866517563,-0.36225190462,-1.39726976116,2.10192974137e-13,-1.53708353818,1.83082715655e-13,7.08331587263,2.82670993924
1.36517928968,0.2,0.4,-3.32027692538,-0.318733565939,-1.39726976116,2.10192974137e-13,-1.53708353818,1.83082715655e-13,7.0965919055,2.78319160056
1.36991229099,0.2,0.4,-3.32168987134,-0.278434267547,-1.39726976116,2.10192974137e-13,-1.53708353818,1.83082715655e-13,7.10966913457,2.74289230217
1.37464529231,0.2,0.4,-3.32292136065,-0.242244468171,-1.39726976116,2.10192974137e-13,-1.53708353818,1.83082715655e-13,7.12256490699,2.70670250279
1.37937829362,0.2,0.4,-3.32399276437,-0.210962246956,-1.39726976116,2.10192974137e-13,-1.53708353818,1.83082715655e-13,7.13530059382,2.67542028158
1.38411129493,0.2,0.4,-3.32492897855,-0.185277386828,-1.39726976116,2.10192974137e-13,-1.53708353818,1.83082715655e-13,7.14790109112,2.64973542145
1.38884429624,0.2,0.4,-3.32575787356,-0.165756456723,-1.39726976116,2.10192974137e-13,-1.53708353818,1.83082715655e-13,7.16039426923,2.63021449134
1.39357729755,0.2,0.4,-3.32650968353,-0.152830193843,-1.39726976116,2.10192974137e-13,-1.53708353818,1.83082715655e-13,7.17281036232,2.61728822846
1.39369793678,0.2,0.4,-3.32652812071,-0.152589422008,-1.39726976116,2.10192974137e-13,-1.53708353818,1.83082715655e-13,7.17312610981,2.61704745663
1.39369793678,0.2,0.4,-3.32652812071,-0.152589422008,-1.39726976116,2.10192974137e-13,-1.53708353818,1.83082715655e-13,7.17312610981,2.61704745663
1.39397092866,0.2,0.4,-3.32656963607,-0.15207543736,-1.39726976116,2.10192974137e-13,-1.53708353818,1.83082715655e-13,7.17384040221,2.61653347198
1.39424392055,0.2,0.4,-3.3266110174,-0.151584465199,-1.39726976116,2.10192974137e-13,-1.53708353818,1.83082715655e-13,7.17455456058,2.61604249982
1.39425514221,0.2,0.4,-3.32661271406,-0.151565100159,-1.39726976116,2.10192974137e-13,-1.53708353818,1.83082715655e-13,7.17458391256,2.61602313478
1.39425514221,0.2,0.4,-3.32661271406,-0.151565100159,-1.39726976116,2.10192974137e-13,-1.53708353818,1.83082715655e-13,7.17458391256,2.61602313478
1.39452683908,0.2,0.4,-3.32665376752,-0.151100231104,-1.39726976116,2.10192974137e-13,-1.53708353818,1.83082715655e-13,7.17529455156,2.61555826572
1.39479853596,0.2,0.4,-3.32669470089,-0.150658227713,-1.39726976116,2.10192974137e-13,-1.53708353818,1.83082715655e-13,7.17600507047,2.61511626233
1.39549757444,0.2,0.4,-3.32679953396,-0.149622169045,-1.39726976116,2.10192974137e-13,-1.53708353818,1.83082715655e-13,7.17783265455,2.61408020366
1.39619661293,0.2,0.4,-3.32690378626,-0.148721300476,-1.39726976116,2.10192974137e-13,-1.53708353818,1.83082715655e-13,7.17965965786,2.6131793351
1.39689565141,0.2,0.4,-3.32700749355,-0.147967234965,-1.39726976116,2.10192974137e-13,-1.53708353818,1.83082715655e-13,7.18148611617,2.61242526958
1.3975946899,0.2,0.4,-3.32711073809,-0.147364062336,-1.39726976116,2.10192974137e-13,-1.53708353818,1.83082715655e-13,7.18331211171,2.61182209695
1.39900394512,0.2,0.4,-3.32731801976,-0.146613280316,-1.39726976116,2.10192974137e-13,-1.53708353818,1.83082715655e-13,7.18699244373,2.61107131494
1.40139841539,0.2,0.4,-3.32766996644,-0.146766443754,-1.39726976116,2.10192974137e-13,-1.53708353818,1.83082715655e-13,7.19324546191,2.61122447837
1.40523965721,0.2,0.4,-3.32824438933,-0.150754395167,-1.39726976116,2.10192974137e-13,-1.53708353818,1.83082715655e-13,7.20328646408,2.61521242979
1.40622359597,0.2,0.4,-3.32839554527,-0.152507658772,-1.39726976116,2.10192974137e-13,-1.53708353818,1.83082715655e-13,7.20586249579,2.61696569339
1.40622359597,0.2,0.4,-3.32839554527,-0.152507658772,-1.39726976116,2.10192974137e-13,-1.53708353818,1.83082715655e-13,7.20586249579,2.61696569339
1.40649691929,0.2,0.4,-3.32843738059,-0.153061664696,-1.39726976116,2.10192974137e-13,-1.53708353818,1.83082715655e-13,7.20657792496,2.61751969932
1.4067702426,0.2,0.4,-3.32847937361,-0.153638632214,-1.39726976116,2.10192974137e-13,-1.53708353818,1.83082715655e-13,7.20729351182,2.61809666683
1.40688449259,0.2,0.4,-3.3284969964,-0.153889266245,-1.39726976116,2.10192974137e-13,-1.53708353818,1.83082715655e-13,7.20759269891,2.61834730086
1.40688449259,0.2,0.4,-3.3284969964,-0.153889266245,-1.39726976116,2.10192974137e-13,-1.53708353818,1.83082715655e-13,7.20759269891,2.61834730086
1.40715959851,0.2,0.4,-3.32853950105,-0.154502845046,-1.39726976116,2.10192974137e-13,-1.53708353818,1.83082715655e-13,7.20831319055,2.61896087967
1.40743470442,0.2,0.4,-3.32858218087,-0.155139578328,-1.39726976116,2.10192974137e-13,-1.53708353818,1.83082715655e-13,7.20903385735,2.61959761295
1.40812811597,0.2,0.4,-3.32869054351,-0.156842187551,-1.39726976116,2.10192974137e-13,-1.53708353818,1.83082715655e-13,7.21085110364,2.62130022217
1.40882152751,0.2,0.4,-3.32880001556,-0.158674518163,-1.39726976116,2.10192974137e-13,-1.53708353818,1.83082715655e-13,7.21266945934,2.62313255278
1.40951493905,0.2,0.4,-3.32891076906,-0.160646641576,-1.39726976116,2.10192974137e-13,-1.53708353818,1.83082715655e-13,7.21448909649,2.62510467619
1.41057300358,0.2,0.4,-3.32908256312,-0.163931158265,-1.39726976116,2.10192974137e-13,-1.53708353818,1.83082715655e-13,7.21726844618,2.62838919288
1.41249020186,0.2,0.4,-3.32940371832,-0.170721297041,-1.39726976116,2.10192974137e-13,-1.53708353818,1.83082715655e-13,7.22231445607,2.63517933166
1.4160362659,0.2,0.4,-3.33003829834,-0.18603662592,-1.39726976116,2.10192974137e-13,-1.53708353818,1.83082715655e-13,7.23168816211,2.65049466054
1.41958232994,0.2,0.4,-3.3307339457,-0.204785085661,-1.39726976116,2.10192974137e-13,-1.53708353818,1.83082715655e-13,7.24112293548,2.66924312028
1.42312839398,0.2,0.4,-3.33150185041,-0.226739667583,-1.39726976116,2.10192974137e-13,-1.53708353818,1.83082715655e-13,7.2506299662,2.6911977022
1.42667445801,0.2,0.4,-3.33235268269,-0.251629993912,-1.39726976116,2.10192974137e-13,-1.53708353818,1.83082715655e-13,7.26021992449,2.71608802853
1.43022052205,0.2,0.4,-3.33329621144,-0.279148083409,-1.39726976116,2.10192974137e-13,-1.53708353818,1.83082715655e-13,7.26990257925,2.74360611803
1.43376658609,0.2,0.4,-3.33434109904,-0.308952974167,-1.39726976116,2.10192974137e-13,-1.53708353818,1.83082715655e-13,7.27968659287,2.77341100879
1.43731265013,0.2,0.4,-3.33549476567,-0.340675218948,-1.39726976116,2.10192974137e-13,-1.53708353818,1.83082715655e-13,7.28957938551,2.80513325357
1.44085871417,0.2,0.4,-3.33676328773,-0.373921554898,-1.39726976116,2.10192974137e-13,-1.53708353818,1.83082715655e-13,7.29958703358,2.83837958952
1.44440477821,0.2,0.4,-3.33815131932,-0.408279808928,-1.39726976116,2.10192974137e-13,-1.53708353818,1.83082715655e-13,7.30971419118,2.87273784355
1.44795084225,0.2,0.4,-3.33966203342,-0.443324017674,-1.39726976116,2.10192974137e-13,-1.53708353818,1.83082715655e-13,7.31996403129,2.90778205229
1.45150783518,0.2,0.4,-3.34130216683,-0.478807319586,-1.39726976116,2.10192974137e-13,-1.53708353818,1.83082715655e-13,7.33037022452,2.9432653542
1.45506482811,0.2,0.4,-3.34306794948,-0.514153140565,-1.39726976116,2.10192974137e-13,-1.53708353818,1.83082715655e-13,7.34090206697,2.97861117518
1.45862182104,0.2,0.4,-3.34495836527,-0.548888826414,-1.39726976116,2.10192974137e-13,-1.53708353818,1.83082715655e-13,7.35155854258,3.01334686103
1.46836326212,0.2,0.4,-3.35073617702,-0.637488212324,-1.39726976116,2.10192974137e-13,-1.53708353818,1.83082715655e-13,7.38134372705,3.10194624694
1.47810470319,0.2,0.4,-3.35729698021,-0.710122395647,-1.39726976116,2.10192974137e-13,-1.53708353818,1.83082715655e-13,7.41191190297,3.17458043027
1.48417008861,0.2,0.4,-3.36170710604,-0.744054312429,-1.39726976116,2.10192974137e-13,-1.53708353818,1.83082715655e-13,7.43126991662,3.20851234705
1.48945709431,0.2,0.4,-3.36569884525,-0.765393234404,-1.39726976116,2.10192974137e-13,-1.53708353818,1.83082715655e-13,7.4482912595,3.22985126902
1.48945709431,0.2,0.4,-3.36569884525,-0.765393234404,-1.39726976116,2.10192974137e-13,-1.53708353818,1.83082715655e-13,7.4482912595,3.22985126902
1.48945834406,0.2,0.4,-3.3656998018,-0.765397298031,-1.39726976116,2.10192974137e-13,-1.53708353818,1.83082715655e-13,7.44829529601,3.22985533265
1.48995420364,0.2,0.4,-3.36608009455,-0.76693637174,-1.39726976116,2.10192974137e-13,-1.53708353818,1.83082715655e-13,7.44989761387,3.23139440636
1.49040898837,0.2,0.4,-3.36642970679,-0.768259983652,-1.39726976116,2.10192974137e-13,-1.53708353818,1.83082715655e-13,7.45136802401,3.23271801827
1.49040898837,0.2,0.4,-3.36642970679,-0.768259983652,-1.39726976116,2.10192974137e-13,-1.53708353818,1.83082715655e-13,7.45136802401,3.23271801827
1.4904101525,0.2,0.4,-3.36643060115,-0.768263438055,-1.39726976116,2.10192974137e-13,-1.53708353818,1.83082715655e-13,7.45137178731,3.23272147267
1.49090448945,0.2,0.4,-3.36681107096,-0.769656831833,-1.39726976116,2.10192974137e-13,-1.53708353818,1.83082715655e-13,7.45297052979,3.23411486645
1.49239259965,0.2,0.4,-3.36796012211,-0.773403501575,-1.39726976116,2.10192974137e-13,-1.53708353818,1.83082715655e-13,7.45778696608,3.23786153619
1.49388070985,0.2,0.4,-3.36911353169,-0.776547859161,-1.39726976116,2.10192974137e-13,-1.53708353818,1.83082715655e-13,7.4626077608,3.24100589378
1.49536882005,0.2,0.4,-3.37027086079,-0.779034286961,-1.39726976116,2.10192974137e-13,-1.53708353818,1.83082715655e-13,7.46743247504,3.24349232158
1.49685693025,0.2,0.4,-3.3714312889,-0.780841102778,-1.39726976116,2.10192974137e-13,-1.53708353818,1.83082715655e-13,7.47226028829,3.2452991374
1.49979792889,0.2,0.4,-3.37372873045,-0.782374416751,-1.39726976116,2.10192974137e-13,-1.53708353818,1.83082715655e-13,7.48180569756,3.24683245137
1.5,0.2,0.4,-3.37388682104,-0.782380811763,-1.39726976116,2.10192974137e-13,-1.53708353818,1.83082715655e-13,7.48246178393,3.24683884638
