"time","driveAngle","spring.w_rel","PI.I.y","inertia1.phi","spring.phi_rel","integrator.y","inertia1.w"
0.0,1.57,0.0,-0.1,0.0,0.001,0.0,0.0
1.71612953244e-05,1.57,0.0,-0.1,0.0,0.001,0.0,0.0
0.171630114539,1.57,0.0,-0.1,0.0,0.001,0.0,0.0
0.5,1.57,0.0,-0.1,0.0,0.001,0.0,0.0
0.5,1.57,0.0,-0.1,0.0,0.001,0.0,0.0
0.500000006755,1.57,-4.56253049357e-15,-0.1,3.08182983723e-23,0.001,6.7546503888e-09,4.56253049357e-15
0.500067553259,1.57,-4.48864043152e-07,-0.0999999546744,3.04240448478e-11,0.000999999969681,6.75532585383e-05,4.50416277624e-07
0.500258190903,1.57,-4.02615564092e-06,-0.0999995890483,5.74479200028e-10,0.000999999429466,0.00025819090301,4.05559765395e-06
0.500448828547,1.57,-1.06166511446e-05,-0.0999989103724,2.11821940204e-09,0.000999997900106,0.000448828547481,1.07197229125e-05
0.500639466192,1.57,-2.03121081423e-05,-0.0999978975829,5.2472694438e-09,0.000999994808817,0.000639466191952,2.05715139447e-05
0.501071326999,1.57,-5.31651642174e-05,-0.099994364361,2.24885882612e-08,0.000999977914101,0.00107132699865,5.4308791909e-05
0.501503187805,1.57,-0.000100172110229,-0.0999891557609,5.79283482042e-08,0.000999943442257,0.00150318780535,0.000103132721967
0.501935048612,1.57,-0.000159792198159,-0.0999823258975,1.17489601068e-07,0.000999885946317,0.00193504861205,0.000165845101508
0.502366909419,1.57,-0.000230698544277,-0.0999739298105,2.06846940516e-07,0.000999800361231,0.00236690941875,0.000241409688313
0.503064382524,1.57,-0.0003658209458,-0.0999571952088,4.27486832706e-07,0.00099959137955,0.00306438252411,0.000388070980931
0.503761855629,1.57,-0.000522010763136,-0.0999366986223,7.5837590693e-07,0.000999282114359,0.00376185562948,0.000561730307661
0.504459328735,1.57,-0.000694799966776,-0.0999126201672,1.21754906575e-06,0.000998858976294,0.00445932873484,0.000758920783074
0.505697742733,1.57,-0.00103000930809,-0.0998615005403,2.39489863167e-06,0.000997798426585,0.00569774273299,0.00115739197966
0.507641222609,1.57,-0.00159210168228,-0.0997610267287,5.30943974433e-06,0.000995279710107,0.00764122260876,0.00187888601113
0.508970061401,1.57,-0.00197548725048,-0.0996791185824,8.15545308486e-06,0.00099291694143,0.00897006140085,0.00241970978397
0.510298900193,1.57,-0.00234480778172,-0.0995870092513,1.17471890331e-05,0.000990043452588,0.0102989001929,0.00298911672113
0.512193306532,1.57,-0.00283217081146,-0.0994386669639,1.82176722027e-05,0.000985119812692,0.0121933065317,0.00383923901688
0.51408771287,1.57,-0.0032613772744,-0.0992709011737,2.63345806641e-05,0.000979325505678,0.0140877128704,0.00472540823785
0.515982119209,1.57,-0.00362308233145,-0.0990842688388,3.61535936114e-05,0.000972787157314,0.0159821192092,0.00564038531278
0.517876525548,1.57,-0.00391770467386,-0.0988793204789,4.77297708951e-05,0.000965631651886,0.0178765255479,0.00658409848215
0.519770931887,1.57,-0.00414449161214,-0.098656604889,6.11179978215e-05,0.000957984562634,0.0197709318866,0.00755513900127
0.521665338225,1.57,-0.00431066809462,-0.0984166963445,7.6375709073e-05,0.000949965746198,0.0216653382254,0.0085579504885
0.523559744564,1.57,-0.00441761769632,-0.0981601887074,9.35622858062e-05,0.000941689254614,0.0235597445641,0.00959207612429
0.525454150903,1.57,-0.00447604249321,-0.0978877394537,0.000112743479478,0.000933256883422,0.0254541509028,0.0106640330827
0.527348557242,1.57,-0.00449049604687,-0.0976000709272,0.000133991522559,0.000924757343973,0.0273485572416,0.0117752802412
0.52924296358,1.57,-0.00446569837283,-0.097297946844,0.000157382785365,0.000916268695003,0.0292429635803,0.0129271969801
0.531137369919,1.57,-0.00440631368661,-0.0969821535212,0.000182995897822,0.000907860286604,0.0311373699191,0.0141209473465
0.535218153231,1.57,-0.00419327486724,-0.0962594652764,0.000246118333763,0.000890256503574,0.0352181532313,0.016847345664
0.539298936544,1.57,-0.00389979201885,-0.0954859429338,0.000320810149237,0.000873681500589,0.0392989365436,0.019790943128
0.543379719856,1.57,-0.00356707920724,-0.0946704981155,0.000407962510298,0.00085839456253,0.0433797198559,0.0229563007973
0.547460503168,1.57,-0.00321969041728,-0.0938219948808,0.000508461821072,0.000844513497621,0.0474605031682,0.0263352022024
0.55154128648,1.57,-0.00287516513516,-0.0929489254887,0.000623157307733,0.000832059758197,0.0515412864805,0.0299150042168
0.555622069793,1.57,-0.00254451681616,-0.0920591948755,0.000752839464391,0.000820994687586,0.0556220697927,0.0336795608039
0.559702853105,1.57,-0.00223384160646,-0.0911599985051,0.000898227837715,0.000811245327884,0.059702853105,0.0376107523486
0.563783636417,1.57,-0.00194603464503,-0.0902577715779,0.00105996594782,0.0008027213778,0.0637836364173,0.0416899090655
0.56786441973,1.57,-0.00168207244039,-0.0893581883629,0.00123862122162,0.000795325562341,0.0678644197296,0.0458987855038
0.571945203042,1.57,-0.00144180827113,-0.0884661924366,0.00143468801674,0.000788959648628,0.0719452030419,0.0502200989352
0.576025986354,1.57,-0.00122443142499,-0.0875860430494,0.00164859225821,0.000783527866716,0.0760259863541,0.0546377797062
0.580106769666,1.57,-0.0010287414924,-0.0867213682622,0.00188069675213,0.000778938860112,0.0801067696664,0.0591370668439
0.586796625962,1.57,-0.000751056624477,-0.0853447425327,0.00230131404522,0.000773020899435,0.0867966259624,0.0666558080884
0.593486482258,1.57,-0.000521345289029,-0.0840280422661,0.00277267806184,0.000768800153104,0.0934864822583,0.0743071244973
0.600176338554,1.57,-0.000333183987504,-0.082778904299,0.00329555248568,0.000765974423927,0.100176338554,0.0820472315675
0.60686619485,1.57,-0.000180556949089,-0.0816021298585,0.00387041743945,0.000764284786488,0.10686619485,0.0898405336456
0.613556051146,1.57,-5.81105711542e-05,-0.0805002834953,0.0044975293782,0.000763511285403,0.113556051146,0.0976584379923
0.620245907442,1.57,3.88076023459e-05,-0.0794741927208,0.00517697105309,0.000763467873673,0.120245907442,0.105478218881
0.632104531861,1.57,0.000159717756709,-0.0778388014767,0.00650969646952,0.00076472649938,0.132104531861,0.119293553607
0.64396315628,1.57,0.000231111089019,-0.0764291306937,0.00800562090518,0.000767109994787,0.14396315628,0.132991227184
0.655821780699,1.57,0.000267488399982,-0.07522912581,0.00966313890387,0.000770103771829,0.155821780699,0.146528610102
0.667680405118,1.57,0.000279536177114,-0.0742183262566,0.0114802044087,0.000773360823157,0.167680405118,0.159887607683
0.687234444325,1.57,0.000266961727002,-0.0729084050396,0.0148192217276,0.000778696614375,0.187234444325,0.181516881305
0.706788483532,1.57,0.00023359854325,-0.0719598650229,0.0185767376158,0.000783520070692,0.206788483532,0.202686284206
0.726342522739,1.57,0.000192826056111,-0.0712865478234,0.0227441362351,0.000787620091772,0.226342522739,0.223466338969
0.745896561946,1.57,0.000152266209792,-0.070818503834,0.0273144226247,0.000790953370156,0.245896561946,0.24392933808
0.765450601153,1.57,0.000116091093761,-0.07050118269,0.0322821417481,0.000793556413969,0.265450601153,0.264139908448
0.785004640361,1.57,8.60379476373e-05,-0.0702921206557,0.0376430472318,0.000795517458959,0.285004640361,0.284155376436
0.804558679568,1.57,6.22384145647e-05,-0.0701585840007,0.0433938657027,0.000796952196925,0.304558679568,0.304025527791
0.835207840452,1.57,3.59728318435e-05,-0.070044766817,0.0531866374846,0.000798411644675,0.335207840452,0.334971888351
0.865857001336,1.57,1.98000574661e-05,-0.0699963455075,0.0639253199169,0.000799230243207,0.365857001336,0.36577069292
0.896506162221,1.57,1.00985035241e-05,-0.0699806013865,0.0756066411309,0.000799672171438,0.396506162221,0.396489140726
0.927155323105,1.57,4.51469548765e-06,-0.0699802962956,0.0882288773108,0.000799894198147,0.427155323105,0.427164699518
0.95780448399,1.57,1.68081939286e-06,-0.0699853585291,0.101791021286,0.000799987595685,0.45780448399,0.457819223247
0.988453644874,1.57,5.17051909645e-07,-0.0699903581524,0.116292530063,0.000800015152388,0.488453644874,0.488466088433
1.01910280576,1.57,9.93819196833e-08,-0.0699937192221,0.131733246048,0.000800019266124,0.519102805758,0.51911201456
1.04975196664,1.57,-9.8259727444e-08,-0.0699959678206,0.148113221849,0.000800018786567,0.549751966643,0.549758631873
1.10084189831,1.57,-3.63468018871e-07,-0.0699981220138,0.177505318236,0.000800021326166,0.600841898309,0.600846478653
1.15193182998,1.57,-4.84410396062e-07,-0.0699993885036,0.20950750697,0.000800021426946,0.651931829975,0.651935021266
1.20302176164,1.57,-3.4183700604e-07,-0.0700002319759,0.244119834521,0.000800012666084,0.703021761641,0.703022991731
1.25411169331,1.57,-1.06315251387e-07,-0.0700005291639,0.28134228856,0.00080000225125,0.754111693307,0.754111372244
1.30520162497,1.57,2.26059950367e-08,-0.0700003558565,0.321174876668,0.000799997791715,0.805201624973,0.805200972147
1.45682005224,1.57,2.51140783101e-07,-0.0699993031909,0.454752249155,0.000799992640085,0.956820052239,0.956819959058
1.5,1.57,8.94110389173e-08,-0.0699993825793,0.496999950911,0.000799998742529,1.0,1.00000053536
1.5,1.57,8.94110389173e-08,-0.0699993825793,0.496999950911,0.000799998742529,1.0,1.00000053536
1.50011066162,1.57,1.28175856077e-06,-0.069999504305,0.497110624699,0.000799998884371,1.0,1.00010999815
1.50022132323,1.57,3.63531512307e-06,-0.0699997458644,0.49722131047,0.000799999286661,1.0,1.00021828647
1.50058334856,1.57,1.91510345489e-05,-0.070001371796,0.497583498395,0.000800004347459,1.0,1.0005645382
1.50094537389,1.57,4.44857857196e-05,-0.0700040873387,0.497945795281,0.000800016771046,1.0,1.00090058567
1.50130739923,1.57,7.9686455527e-05,-0.070007951922,0.498308207071,0.000800040144586,1.0,1.0012261859
1.50191368868,1.57,0.00015856891035,-0.0700169645718,0.498915397791,0.000800115222873,1.0,1.00174958137
1.50251997814,1.57,0.000259659063891,-0.0700290538361,0.499522896173,0.000800245201336,1.0,1.00224770055
1.50312626759,1.57,0.000379519477639,-0.0700440906009,0.500130689304,0.000800441926596,1.0,1.00272320672
1.50428051033,1.57,0.0006474850716,-0.0700804024338,0.501288563226,0.000801037695653,1.0,1.00357535309
1.50543475307,1.57,0.00095345708201,-0.070126254681,0.502447391189,0.000801960791714,1.0,1.00436879836
1.50658899581,1.57,0.00128127807487,-0.070181040794,0.503607112539,0.000803246570786,1.0,1.00511598306
1.50774323855,1.57,0.00161735823927,-0.0702442558564,0.504767676784,0.000804915225823,1.0,1.00582730385
1.50889748128,1.57,0.00195127532862,-0.0703155128655,0.505929045223,0.000806971816676,1.0,1.00651067398
1.51005172402,1.57,0.00227529718868,-0.0703945180656,0.507091188482,0.000809409661899,1.0,1.00717192097
1.51120596676,1.57,0.00258375688823,-0.0704810423452,0.508254083648,0.000812213791954,1.0,1.00781529275
1.5123602095,1.57,0.00287257378113,-0.0705749000062,0.509417712153,0.000815363528728,1.0,1.00844384365
1.51351445224,1.57,0.00313892397322,-0.0706759346047,0.510582058351,0.000818834290412,1.0,1.00905969912
1.51466869498,1.57,0.00338100083538,-0.0707840091573,0.511747108545,0.000822598911522,1.0,1.00966424695
1.51662379438,1.57,0.00373344567414,-0.0709827850263,0.51372208554,0.000829564839966,1.0,1.01066433585
1.51857889379,1.57,0.00401290557367,-0.071200824209,0.515698988867,0.000837149032991,1.0,1.01163528574
1.5205339932,1.57,0.00422203376375,-0.0714375480495,0.517677760659,0.000845211038201,1.0,1.0125760178
1.52248909261,1.57,0.00436622411844,-0.0716923449097,0.519658339754,0.000853617687087,1.0,1.01348377704
1.52444419202,1.57,0.00445221607223,-0.0719645419802,0.521640658869,0.00086224783652,1.0,1.0143551582
1.52639929143,1.57,0.00448710967157,-0.0722533959213,0.523624643672,0.000870994475026,1.0,1.01518679627
1.52835439084,1.57,0.0044779233241,-0.0725580978084,0.525610213269,0.000879764799528,1.0,1.01597564916
1.53234417254,1.57,0.00434936457775,-0.0732253623141,0.529666721419,0.000897436070343,1.0,1.01744308571
1.53633395423,1.57,0.00411506169768,-0.0739470986348,0.533728676751,0.000914389300975,1.0,1.01870711203
1.54032373593,1.57,0.00381715563593,-0.0747150956899,0.537795258156,0.000930271826338,1.0,1.0197602389
1.54431351763,1.57,0.00348747110217,-0.0755209794449,0.541865628231,0.000944886072389,1.0,1.02060352727
1.54830329933,1.57,0.0031483069396,-0.0763565224984,0.545938964236,0.000958149801126,1.0,1.0212450279
1.55229308103,1.57,0.00281428792919,-0.077213901149,0.5500144838,0.000970057798937,1.0,1.02169764198
1.55628286273,1.57,0.00249441478422,-0.0780858646682,0.554091461852,0.000980652485296,1.0,1.02197711829
1.56027264443,1.57,0.00219382211757,-0.0789658244289,0.558169239527,0.000990003761378,1.0,1.0221004992
1.56426242613,1.57,0.00191508756953,-0.0798478847785,0.562247227262,0.000998195965732,1.0,1.02208505359
1.56825220783,1.57,0.0016591347448,-0.080726836754,0.566324904159,0.00100531963764,1.0,1.02194760349
1.57224198953,1.57,0.00142583742584,-0.0815981300514,0.570401815188,0.00101146636264,1.0,1.02170412457
1.57623177123,1.57,0.00121442313544,-0.0824578330976,0.574477567192,0.00101672558359,1.0,1.02136952496
1.58227144428,1.57,0.000933312325438,-0.083730123977,0.580644469331,0.00102318443974,1.0,1.02071926909
1.58831111733,1.57,0.000695054357386,-0.0849589919356,0.586807029177,0.00102807488052,1.0,1.01993336298
1.59785233058,1.57,0.000394186216553,-0.0867956443239,0.596531907663,0.00103318248517,1.0,1.01850081905
1.60739354383,1.57,0.000169927883704,-0.0884882249983,0.606242378978,0.00103579882392,1.0,1.01693553459
1.61693475707,1.57,6.28884931384e-06,-0.0900276585535,0.615937535581,0.0010365894094,1.0,1.01532544398
1.62647597032,1.57,-0.000109819261879,-0.0914130685617,0.625617289829,0.00103606621613,1.0,1.01373154339
1.63601718357,1.57,-0.000188786913669,-0.0926487679977,0.635282073019,0.00103462313154,1.0,1.01219529559
1.65065138842,1.57,-0.000256751217282,-0.0942693852999,0.650078339601,0.00103132083089,1.0,1.01001506944
1.66528559327,1.57,-0.00028040027168,-0.0955888346991,0.664844489393,0.00102738235105,1.0,1.00809331374
1.67991979812,1.57,-0.000276306611484,-0.0966474123292,0.679584552008,0.00102331283338,1.0,1.00644473453
1.69455400297,1.57,-0.000256127967196,-0.097485190634,0.69430253469,0.00101942146057,1.0,1.00506129447
1.70918820783,1.57,-0.000227812110727,-0.0981393581427,0.709002156292,0.00101588468163,1.0,1.00392257259
1.72382241268,1.57,-0.00019654195622,-0.0986433983623,0.723686765166,0.00101278542382,1.0,1.0030012665
1.73845661753,1.57,-0.000165544830682,-0.0990267351978,0.738359303701,0.00101014341081,1.0,1.00226714205
1.75299640861,1.57,-0.000136878729241,-0.099312930415,0.752927714308,0.00100795258537,1.0,1.00169342458
1.75299640861,1.57,-0.000136878729241,-0.099312930415,0.752927714308,0.00100795258537,1.0,1.00169342458
1.75300250022,1.57,-0.000136867286537,-0.0993130335588,0.75293381623,0.00100795175163,1.0,1.00169321263
1.75750833405,1.57,-0.000128719531889,-0.0993827831739,0.757446625021,0.00100737176281,1.0,1.00154798463
1.77124601348,1.57,-0.000105909126487,-0.099560657767,0.771202091911,0.00100581236317,1.0,1.00116819807
1.78498369291,1.57,-8.58103433904e-05,-0.0996988979983,0.784953595365,0.0010045066733,1.0,1.00086203096
1.79872137234,1.57,-6.85652630545e-05,-0.0998020482497,0.798701589821,0.0010034434916,1.0,1.00062314208
1.82058248023,1.57,-4.65723076335e-05,-0.0999132486346,0.820573817744,0.00100216275475,1.0,1.00034981293
1.84244358811,1.57,-3.04458872824e-05,-0.0999762480124,0.842441225567,0.00100129212192,1.0,1.00017793643
1.864304696,1.57,-1.90744758691e-05,-0.100008294337,0.864305538084,0.00100072391819,1.0,1.00007579578
1.88616580388,1.57,-1.13602068464e-05,-0.100021777236,0.886167994258,0.00100036895248,1.0,1.00001921763
1.90802691177,1.57,-6.33287017787e-06,-0.100024956839,0.908029420103,0.00100015833487,1.0,0.999990979204
1.92988801965,1.57,-3.19853798534e-06,-0.100023016421,0.929890333946,0.00100004151328,1.0,0.999979413543
1.95174912754,1.57,-1.34488313107e-06,-0.100019013248,0.951751041513,0.000999982972322,1.0,0.999976970282
1.97361023542,1.57,-3.22346064999e-07,-0.100014617023,0.973611709775,0.000999958760776,1.0,0.999978991223
2.00985129261,1.57,3.3681777316e-07,-0.100008353634,1.00985214063,0.000999955820408,1.0,0.999985574202
2.04609234981,1.57,3.56152124679e-07,-0.100004121928,1.04609277465,0.000999970686107,1.0,0.999991999882
2.07,1.57,2.84300453219e-07,-0.100002492139,1.07000026187,0.000999979548342,1.0,0.999994842849
2.07,1.57,2.84300453219e-07,-0.100002492139,1.07000026187,0.000999979548342,1.0,0.999994842849
2.07011066478,1.57,1.47675671944e-06,-0.100002607582,1.07011092594,0.000999979711767,0.99988933522,0.999993653448
2.07022132956,1.57,3.83049134397e-06,-0.100002842877,1.07022158976,0.000999980135667,0.999778670441,0.99999128949
2.07058343659,1.57,1.9351703746e-05,-0.100004448912,1.07058368983,0.000999985269609,0.999416563414,0.999975541327
2.07094554361,1.57,4.46961094575e-05,-0.100007145138,1.07094578237,0.000999997770772,0.999054456388,0.999949584395
2.07130765064,1.57,7.99104066737e-05,-0.100010991012,1.0713078636,0.00100002122857,0.998692349362,0.99991317576
2.07191612144,1.57,0.000159124376446,-0.10002000912,1.07191625315,0.00100009682843,0.99808387856,0.999829979868
2.07252459224,1.57,0.000260690152308,-0.100032125707,1.07252458382,0.00100022777661,0.997475407758,0.999721337596
2.07313306304,1.57,0.000381135674392,-0.100047210351,1.07313284158,0.00100042603262,0.996866936956,0.999589939032
2.07428981635,1.57,0.000649994835673,-0.100083607341,1.07428894128,0.00100102549377,0.995710183649,0.999286835823
2.07544656966,1.57,0.000956890506048,-0.100129582278,1.07544466086,0.00100195402335,0.994553430341,0.998924879071
2.07660332297,1.57,0.00128558642696,-0.100184525706,1.0765999392,0.0010032470618,0.993396677034,0.998516569317
2.07776007627,1.57,0.00162243746142,-0.100247930659,1.07775472557,0.0010049247681,0.992239923726,0.998072344859
2.07891682958,1.57,0.00195698776885,-0.100319408808,1.07890898117,0.00100699207534,0.991083170419,0.997600143779
2.08007358289,1.57,0.00228148782484,-0.10039866554,1.08006267653,0.00100944211622,0.989926417112,0.997105806177
2.0812303362,1.57,0.00259026461986,-0.100485471139,1.08121578871,0.001012259703,0.988769663804,0.996593584274
2.0823870895,1.57,0.00287923925357,-0.100579639406,1.08236829908,0.00101542392509,0.987612910497,0.996066531138
2.08354384281,1.57,0.00314559505668,-0.100681013422,1.08352019194,0.00101890996563,0.986456157189,0.995526767258
2.08470059612,1.57,0.00338753642205,-0.10078945569,1.08467145355,0.00102269042957,0.985299403882,0.994975673103
2.08665794739,1.57,0.00373914608026,-0.100988703629,1.08661803977,0.00102967640013,0.983342052611,0.994019209085
2.08861529866,1.57,0.00401762548919,-0.101207252017,1.08856272481,0.00103727956219,0.981384701341,0.993033531483
2.09057264993,1.57,0.00422569222284,-0.101444519767,1.09050545057,0.00104535906923,0.97942735007,0.9920175229
2.0925300012,1.57,0.00436879160901,-0.10169989204,1.09244615555,0.00105378149262,0.9774699988,0.990968401177
2.09448735247,1.57,0.00445370241869,-0.101972692275,1.09438477211,0.00106242553876,0.975512647529,0.989882744057
2.09644470374,1.57,0.00448755426731,-0.102262173063,1.09632122549,0.00107118412751,0.973555296259,0.988757177434
2.09840205501,1.57,0.00447738718364,-0.102567521246,1.0982554344,0.00107996444934,0.971597944988,0.987588656283
2.1010691914,1.57,0.00440413943131,-0.103007516457,1.10088726135,0.00109183832265,0.968930808596,0.985923292239
2.1010691914,1.57,0.00440413943131,-0.103007516457,1.10088726135,0.00109183832265,0.968930808596,0.985923292239
2.1012397218,1.57,0.00439591863788,-0.103035067445,1.10105537279,0.00109258796041,0.968760278195,0.985815085835
2.1014102522,1.57,0.00438603737274,-0.103061199284,1.10122346597,0.00109333591312,0.968589747795,0.985707986411
2.10196163096,1.57,0.00434320239558,-0.103135920059,1.10176683979,0.00109573853543,0.968038369036,0.985368957223
2.10251300972,1.57,0.00428674746274,-0.103197784063,1.10231005079,0.0010981151572,0.967486990277,0.985039008006
2.10306438848,1.57,0.00421670036328,-0.103245966104,1.10285308956,0.0011004573638,0.966935611518,0.984718120233
2.10341023344,1.57,0.00416744063779,-0.103269369917,1.10319361729,0.00110189865424,0.966589766563,0.984520396746
2.10341023344,1.57,0.00416744063779,-0.103269369917,1.10319361729,0.00110189865424,0.966589766563,0.984520396746
2.1036187056,1.57,0.00413377797666,-0.103279791484,1.10339883809,0.00110276043186,0.966381294405,0.984403857081
2.10382717775,1.57,0.00409854519271,-0.10328829133,1.1036040348,0.00110361486442,0.966172822247,0.984288364165
2.10440746259,1.57,0.00399303283361,-0.103302227914,1.10417507997,0.00110595236991,0.965592537408,0.983971849179
2.10498774743,1.57,0.00387846041319,-0.103303481074,1.10474596422,0.00110823194626,0.965012252569,0.983661374233
2.10556803227,1.57,0.00375518236892,-0.103291378556,1.10531667696,0.00111044452197,0.96443196773,0.983356703037
2.10666137333,1.57,0.00350399997707,-0.103233240391,1.10639151346,0.00111440677378,0.963338626669,0.982795263924
2.10775471439,1.57,0.0032334673275,-0.103131306334,1.10746574608,0.00111808437945,0.962245285609,0.982246724984
2.10884805545,1.57,0.00295050557976,-0.102988872708,1.10853938362,0.00112146085394,0.961151944548,0.981706472109
2.10994139651,1.57,0.00266148498094,-0.102809468103,1.10961243195,0.00112452628598,0.960058603488,0.981170258468
2.11103473757,1.57,0.00237201816566,-0.102596682334,1.11068489326,0.00112727704656,0.958965262428,0.980634342304
2.11212807863,1.57,0.00208691750526,-0.102354076521,1.11175676614,0.00112971510849,0.957871921367,0.980095515371
2.11322141969,1.57,0.0018102138046,-0.102085125237,1.11282804605,0.00113184724985,0.956778580307,0.979551090464
2.11431476075,1.57,0.00154519951066,-0.101793174323,1.1138987258,0.00113368425035,0.955685239246,0.97899887262
2.11540810181,1.57,0.00129448258566,-0.101481408625,1.11496879604,0.0011352401245,0.954591898186,0.978437123196
2.11650144287,1.57,0.00106004528898,-0.101152827398,1.11603824574,0.0011365314099,0.953498557125,0.977864520687
2.11759478393,1.57,0.000843305036633,-0.100810226254,1.11710706262,0.00113757651839,0.952405216065,0.977280120148
2.118688125,1.57,0.000645175636388,-0.100456184856,1.11817523357,0.00113839515256,0.951311875005,0.976683312375
2.11978146606,1.57,0.000466127701134,-0.100093059705,1.11924274491,0.00113900778832,0.950218533944,0.976073783625
2.12144374356,1.57,0.000230392805718,-0.09952912765,1.1208644506,0.00113960074526,0.948556256443,0.975122755221
2.12310602106,1.57,3.74348893234e-05,-0.0989555209909,1.12248455005,0.00113983988236,0.946893978942,0.974143208831
2.12476829856,1.57,-0.000115111204627,-0.0983773546978,1.12410299872,0.00113979203021,0.945231701441,0.973136721226
2.12643057606,1.57,-0.000230495492554,-0.0977988429705,1.1257197543,0.00113952064785,0.943569423939,0.972105459084
2.12809285356,1.57,-0.000312585072359,-0.0972232778099,1.12733477809,0.00113908378497,0.941907146438,0.97105200047
2.12975513106,1.57,-0.0003656071597,-0.0966530930333,1.12894803571,0.00113853300364,0.940244868937,0.969979163527
2.13141740856,1.57,-0.000393924576441,-0.0960899609813,1.13055949746,0.00113791286856,0.938582591436,0.968889856804
2.13445450895,1.57,-0.00039660000075,-0.0950821939822,1.1334990345,0.00113672257143,0.935545491049,0.966866906829
2.13749160934,1.57,-0.000353871956773,-0.0941026514521,1.13643239079,0.00113557942013,0.932508390661,0.964813687875
2.14052870973,1.57,-0.000286362709131,-0.0931497888365,1.13935949261,0.00113459398935,0.929471290274,0.962743948118
2.14356581011,1.57,-0.000210970546923,-0.0922194486479,1.14228030065,0.00113382524887,0.926434189887,0.960668953085
2.1466029105,1.57,-0.00013940769625,-0.0913060747811,1.14519480753,0.0011332842768,0.923397089499,0.958596510927
2.14964001089,1.57,-7.85288669441e-05,-0.0904039602661,1.14810302749,0.0011329497019,0.920359989112,0.956531191449
2.15267711128,1.57,-3.13415947548e-05,-0.0895080885304,1.15100498607,0.00113278322867,0.917322888725,0.954474999676
2.15571421166,1.57,1.8673025001e-06,-0.0886145319218,1.15390071235,0.00113274121633,0.914285788337,0.952428126819
2.15875131205,1.57,2.25226651472e-05,-0.0877205292527,1.15679023407,0.00113278206012,0.91124868795,0.950389622986
2.16178841244,1.57,3.29482878233e-05,-0.0868243768514,1.1596735749,0.00113287027237,0.908211587563,0.94835793898
2.16482551282,1.57,3.57642109115e-05,-0.0859252319597,1.16255075325,0.00113297822829,0.905174487176,0.946331328106
2.17015354014,1.57,2.9333035804e-05,-0.0843406201099,1.16758337097,0.00113316701208,0.899846459857,0.942783597343
2.17548156746,1.57,1.71517070006e-05,-0.082747773932,1.17259709682,0.00113330572694,0.894518432538,0.939239700017
2.18080959478,1.57,6.02892544618e-06,-0.0811493565931,1.17759194225,0.00113337719696,0.889190405219,0.935695096992
2.1861376221,1.57,-1.04296736712e-06,-0.0795483989122,1.1825678986,0.00113339442593,0.8838623779,0.932147793375
2.19146564942,1.57,-3.90090100083e-06,-0.0779471614779,1.18752495009,0.00113338105848,0.878534350582,0.928597680451
2.20059045412,1.57,-4.19258477531e-06,-0.0752069215973,1.1959704649,0.00113335094021,0.869409545879,0.922514671772
2.20971525882,1.57,-2.01832014178e-06,-0.0724688130651,1.20436046646,0.00113332862293,0.860284741177,0.916430019128
2.21884006353,1.57,-7.49516392569e-08,-0.0697318396222,1.21269495038,0.0011333207279,0.851159936475,0.910345520414
2.22796486823,1.57,7.95601490959e-07,-0.0669951219953,1.22097391951,0.00113332293602,0.842035131772,0.90426173691
2.23708967293,1.57,7.97288489403e-07,-0.0642581840114,1.22919737836,0.00113332852213,0.83291032707,0.898178532651
2.25556837264,1.57,2.94141844054e-07,-0.0587148317631,1.24568073464,0.00113333474777,0.81443162736,0.885859734941
2.27404707235,1.57,-1.01168476388e-07,-0.0531710584421,1.26193645296,0.00113333557668,0.795952927649,0.873540865341
2.29252577206,1.57,-1.36318797685e-07,-0.0476273007872,1.2779645312,0.00113333417365,0.777474227939,0.861221755634
2.32784431891,1.57,-3.683038183e-08,-0.0370316960743,1.30796582974,0.00113333306051,0.742155681095,0.837675991413
2.36316286575,1.57,1.74144625385e-08,-0.0264361681198,1.33713552767,0.0011333330995,0.706837134251,0.814130257354
2.41671053063,1.57,9.65311851784e-09,-0.0103718832916,1.3797745182,0.00113333331354,0.653289469368,0.778431819273
2.5879975543,1.57,4.57108466173e-09,0.0410142227559,1.50333004057,0.0011333333537,0.482002445702,0.66424047355
2.75928457796,1.57,-2.7941156714e-10,0.0924003346247,1.60732606666,0.00113333333518,0.310715422037,0.550049127674
3.05422548594,1.57,-2.1711902909e-11,0.180882607373,1.74056134269,0.00113333333244,0.0157745140561,0.353421855515
3.07,1.57,5.08229889853e-11,0.185614961522,1.74605345561,0.00113333333286,4.51028103754e-15,0.342905512762
3.07,1.57,5.08229889853e-11,0.185614961522,1.74605345561,0.00113333333286,4.51028103754e-15,0.342905512762
3.07051594395,1.57,5.03574596985e-11,0.185746962314,1.74623019817,0.00113333333289,4.51028103754e-15,0.342561550132
3.07103188789,1.57,4.97283351712e-11,0.185857298488,1.74640676327,0.00113333333292,4.51028103754e-15,0.342217587501
3.0724159149,1.57,4.74654678885e-11,0.186058125611,1.7468795503,0.00113333333298,4.51028103754e-15,0.341294902832
3.0737999419,1.57,4.45147041364e-11,0.186142801509,1.74735120221,0.00113333333305,4.51028103754e-15,0.340372218164
3.07518396891,1.57,4.10376628694e-11,0.186114729282,1.74782162439,0.0011333333331,4.51028103754e-15,0.339449533496
3.07822313447,1.57,3.23703729353e-11,0.185728664976,1.74885015087,0.00113333333322,4.51028103754e-15,0.337423423127
3.08126230003,1.57,2.32784883484e-11,0.184969473253,1.74987254501,0.0011333333333,4.51028103754e-15,0.335397312758
3.0843014656,1.57,1.53018843646e-11,0.183927549821,1.7508887899,0.00113333333336,4.51028103754e-15,0.333371202388
3.08734063116,1.57,8.21081946586e-12,0.182675583575,1.75189887993,0.00113333333339,4.51028103754e-15,0.331345092018
3.09037979672,1.57,2.82869995264e-12,0.181269109197,1.75290281321,0.00113333333341,4.51028103754e-15,0.329318981646
3.09341896228,1.57,-1.22303934464e-12,0.179749550401,1.75390058912,0.00113333333342,4.51028103754e-15,0.327292871274
3.09645812785,1.57,-3.69669018366e-12,0.178147440797,1.75489220745,0.00113333333341,4.51028103754e-15,0.325266760901
3.09949729341,1.57,-5.07099751475e-12,0.176485151352,1.75587766813,0.0011333333334,4.51028103754e-15,0.323240650527
3.10253645897,1.57,-5.3922777831e-12,0.174779021589,1.75685697113,0.00113333333338,4.51028103754e-15,0.321214540152
3.10557562453,1.57,-5.10406202688e-12,0.173040966449,1.75783011646,0.00113333333337,4.51028103754e-15,0.319188429777
3.11060533554,1.57,-3.8500955767e-12,0.170116492692,1.75942710935,0.00113333333334,4.51028103754e-15,0.315835289103
3.11563504655,1.57,-2.1090915598e-12,0.167152211063,1.76100723692,0.00113333333333,4.51028103754e-15,0.312482148429
3.12470175105,1.57,3.76375687366e-13,0.161754180182,1.76381301851,0.00113333333332,4.51028103754e-15,0.306437678762
3.13376845555,1.57,6.36903164423e-13,0.156329514051,1.76656399668,0.00113333333332,4.51028103754e-15,0.300393209096
3.14283516005,1.57,2.47953357445e-12,0.150898986971,1.76926017143,0.00113333333334,4.51028103754e-15,0.294348739429
3.15190186455,1.57,-3.32600931721e-12,0.145466062539,1.77190154276,0.00113333333333,4.51028103754e-15,0.288304269767
3.17043018795,1.57,3.15644105337e-11,0.134355545226,1.77712890459,0.00113333333373,4.51028103754e-15,0.275952054142
3.19857098066,1.57,-8.29755144614e-11,0.11747343092,1.78463044607,0.00113333333233,4.51028103754e-15,0.257191525743
3.22671177338,1.57,2.04552205121e-10,0.100588538883,1.79160405141,0.0011333333357,4.51028103754e-15,0.238430997076
3.28669887319,1.57,-7.86639461135e-10,0.0645955129428,1.80470735141,0.00113333331455,4.51028103754e-15,0.198439597858
3.34668597301,1.57,2.4754644122e-09,0.0286032288232,1.81541168325,0.00113333337981,4.51028103754e-15,0.158448195804
3.4371587015,1.57,-7.23977783617e-09,-0.0256803186075,1.82701848601,0.00113333305929,4.51028103754e-15,0.0981330499531
3.47635878572,1.57,-3.61040986382e-09,-0.0492003419437,1.83035309406,0.00113333313934,4.51028103754e-15,0.0719996580563
3.47635878572,1.57,-3.61040986382e-09,-0.0492003419437,1.83035309406,0.00113333313934,4.51028103754e-15,0.0719996580563
3.47636623049,1.57,-3.58474011595e-09,-0.04920480878,1.83035363004,0.00113333313931,4.51028103754e-15,0.0719946948595
3.49128558214,1.57,6.05704617257e-09,-0.0581564027841,1.83127935275,0.00113333322968,4.51028103754e-15,0.062048454
3.49435839362,1.57,6.79448278793e-09,-0.0600000874832,1.83143889673,0.00113333324309,4.51028103754e-15,0.0599999125168
3.49435839362,1.57,6.79448278793e-09,-0.0600000874832,1.83143889673,0.00113333324309,4.51028103754e-15,0.0599999125168
3.49478273629,1.57,-1.12056879999e-06,-0.0602534971562,1.8314642377,0.00113333276758,4.51028103754e-15,0.059718169747
3.49520707895,1.57,-3.30384850858e-06,-0.0605057159674,1.83148945958,0.00113333136562,4.51028103754e-15,0.0594375328878
3.49626072658,1.57,-1.26372238773e-05,-0.0611271134278,1.83155159932,0.00113332132847,4.51028103754e-15,0.0587449825789
3.49731437421,1.57,-2.66390593523e-05,-0.061742062275,1.83161309421,0.00113329927063,4.51028103754e-15,0.0580577914201
3.49836802183,1.57,-4.50337680508e-05,-0.0623500725016,1.83167389523,0.00113326028487,4.51028103754e-15,0.057376005211
3.50032532948,1.57,-8.82774678624e-05,-0.0634607330469,1.83178496129,0.00113312544843,4.51028103754e-15,0.0561226179844
3.50228263713,1.57,-0.000140728590728,-0.0645471316637,1.83189360115,0.00113289687018,4.51028103754e-15,0.0548849667276
3.50538591694,1.57,-0.000235338337354,-0.0662204025623,1.83206092824,0.0011323108617,4.51028103754e-15,0.0529514873485
3.50848919676,1.57,-0.000336341252375,-0.0678340752532,1.83222229551,0.00113142578728,4.51028103754e-15,0.051050317411
3.51159247657,1.57,-0.000436073191235,-0.0693891509581,1.83237780308,0.00113022885089,4.51028103754e-15,0.0491793335559
3.51469575638,1.57,-0.000529789390683,-0.0708866412802,1.83252755211,0.00112872869363,4.51028103754e-15,0.0473384624189
3.51779903619,1.57,-0.00061538796003,-0.0723275213698,1.83267164012,0.00112694837648,4.51028103754e-15,0.0455290980613
3.52090231601,1.57,-0.000692130193553,-0.0737127800634,1.83281016599,0.00112491613165,4.51028103754e-15,0.0437531681071
3.52400559582,1.57,-0.000759765031378,-0.0750434675337,1.83294323473,0.00112266056517,4.51028103754e-15,0.0420126033441
3.52897265852,1.57,-0.000849303090103,-0.0770626561359,1.8331451536,0.00111865446417,4.51028103754e-15,0.0393046295667
3.53393972123,1.57,-0.000916932763487,-0.0789498692166,1.8333338749,0.00111425803601,4.51028103754e-15,0.0366985366237
3.53890678394,1.57,-0.000964923009907,-0.0807102826748,1.83350991625,0.0011095744184,4.51028103754e-15,0.0342000704906
3.54387384664,1.57,-0.000996001409955,-0.0823493409995,1.83367382208,0.00110469481151,4.51028103754e-15,0.0318134817539
3.55146283431,1.57,-0.00101661359977,-0.0846321033106,1.83390209831,0.00109702746623,4.51028103754e-15,0.0283879435606
3.55905182198,1.57,-0.0010117470601,-0.0866650986259,1.83410539784,0.00108930154056,4.51028103754e-15,0.0252321603847
3.56664080966,1.57,-0.000988005455009,-0.0884686768863,1.83428575567,0.00108168930815,4.51028103754e-15,0.0223435999618
3.57825747186,1.57,-0.000926422657275,-0.0908303611378,1.8345219241,0.00107052345722,4.51028103754e-15,0.0184206002957
3.58987413407,1.57,-0.00084661044954,-0.0927694662409,1.83471583461,0.00106019917644,4.51028103754e-15,0.0150638546365
3.60149079627,1.57,-0.000758417649256,-0.0943491653051,1.83487380451,0.00105087286242,4.51028103754e-15,0.0122218170506
3.61310745848,1.57,-0.000668360800646,-0.0956261041333,1.83500149839,0.00104259459902,4.51028103754e-15,0.00983766935553
3.62472412069,1.57,-0.00058081771752,-0.0966501145423,1.83510389944,0.00103535072794,4.51028103754e-15,0.00785469433697
3.6432264807,1.57,-0.000453358989087,-0.0978640546353,1.83522529344,0.00102582446399,4.51028103754e-15,0.00539375219447
3.66172884071,1.57,-0.000344999616973,-0.0986893076744,1.83530781875,0.00101848976766,4.51028103754e-15,0.0036199876954
3.68023120072,1.57,-0.000256515114747,-0.0992367567937,1.83536256366,0.00101296880356,4.51028103754e-15,0.00236636608139
3.69873356073,1.57,-0.000186531586469,-0.0995894438815,1.83539783237,0.00100889601618,4.51028103754e-15,0.00149821124487
3.71723592074,1.57,-0.000132772760587,-0.0998085941215,1.83541974739,0.00100595689553,4.51028103754e-15,0.000910915920871
3.73573828075,1.57,-9.25465783866e-05,-0.0999385845238,1.83543274643,0.001003886465,4.51028103754e-15,0.000524173580196
3.75424064076,1.57,-6.31814528307e-05,-0.100010770711,1.83543996505,0.00100246095374,4.51028103754e-15,0.000276969875342
3.77274300077,1.57,-4.22142192113e-05,-0.100046622534,1.83544355023,0.00100149844085,4.51028103754e-15,0.000124291930816
3.79124536078,1.57,-2.74563450487e-05,-0.100060449678,1.83544493295,0.00100086163307,4.51028103754e-15,3.42646907869e-05
3.81950047985,1.57,-1.31350700297e-05,-0.100058961914,1.83544478417,0.00100030000727,4.51028103754e-15,-2.99408248906e-05
3.84775559892,1.57,-5.32492877676e-06,-0.100046136006,1.83544350158,0.00100003971485,4.51028103754e-15,-4.62894247548e-05
3.87601071798,1.57,-1.5696414897e-06,-0.100031914269,1.83544207941,0.000999944180309,4.51028103754e-15,-4.18244418144e-05
3.90426583705,1.57,-1.02077705399e-07,-0.100020669605,1.83544095494,0.00099992716953,4.51028103754e-15,-3.14162195699e-05
3.93252095612,1.57,3.84270191419e-07,-0.100013039916,1.83544019197,0.000999936717108,4.51028103754e-15,-2.18595181704e-05
3.96077607519,1.57,5.25558775278e-07,-0.100007977446,1.83543968573,0.000999950458338,4.51028103754e-15,-1.46510049963e-05
3.98903119425,1.57,4.87462206577e-07,-0.10000451502,1.83543933948,0.000999963837432,4.51028103754e-15,-9.24223095465e-06
4.0,1.57,4.40540311723e-07,-0.100003590571,1.83543924704,0.000999968974163,4.51028103754e-15,-7.60734543398e-06
