"time","outputs[1]","outputs[2]","outputs[3]","outputs[4]"
0.000000000000000000,10.000000000000000000,0.000000000000000000,0.000000000000000000,0.000000000000000000
0.000000000000000000,10.000000000000000000,0.000000000000000000,0.000000000000000000,0.000000000000000000
0.003006012024048096,9.971358249549842512,0.030060084432044595,0.000000000000000000,0.000000000000000000
0.006012024048096192,9.945546041871860865,0.060119830376066892,0.000000000000000000,0.000000000000000000
0.009018036072144289,9.922534163969579879,0.090178808936418137,0.000000000000000000,0.000000000000000000
0.012024048096192385,9.902247498923008706,0.120236591137297094,0.000000000000000000,0.000000000000000000
0.015030060120240480,9.884590986968527559,0.150292748042152952,0.000000000000000000,0.000000000000000000
0.018036072144288578,9.869451283267924424,0.180346850761097105,0.000000000000000000,0.000000000000000000
0.021042084168336674,9.856696757908382622,0.210398470450903069,0.000000000000000000,0.000000000000000000
0.024048096192384769,9.846177495902509236,0.240447178315007060,0.000000000000000000,0.000000000000000000
0.027054108216432865,9.837725297188306683,0.270492545603507162,0.000000000000000000,0.000000000000000000
0.030060120240480961,9.831153676629195814,0.300534143613163995,0.000000000000000000,0.000000000000000000
0.033066132264529056,9.826257864013999921,0.330571543687400438,0.000000000000000000,0.000000000000000000
0.036072144288577156,9.822814804056946514,0.360604317216301651,0.000000000000000000,0.000000000000000000
0.039078156312625255,9.820583156397677982,0.390632035636615138,0.000000000000000000,0.000000000000000000
0.042084168336673354,9.819308590498705414,0.420654270447821721,0.000000000000000000,0.000000000000000000
0.045090180360721453,9.818748795741386814,0.450670593295002475,0.000000000000000000,0.000000000000000000
0.048096192384769552,9.818630276303512261,0.480680575839822710,0.000000000000000000,0.000000000000000000
0.051102204408817652,9.818678779835515513,0.510683789840690516,0.000000000000000000,0.000000000000000000
0.054108216432865751,9.818625647541255219,0.540679807171100535,0.000000000000000000,0.000000000000000000
0.057114228456913850,9.818207814178022019,0.570668199819631794,0.000000000000000000,0.000000000000000000
0.060120240480961949,9.817167808056542100,0.600648539889949484,0.000000000000000000,0.000000000000000000
0.063126252505010041,9.815253751040975416,0.630620399600803738,0.000000000000000000,0.000000000000000000
0.066132264529058141,9.812219358548922798,0.660583351286030629,0.000000000000000000,0.000000000000000000
0.069138276553106240,9.807823939551408188,0.690536967394551726,0.000000000000000000,0.000000000000000000
0.072144288577154339,9.801832700756479611,0.720480820491549045,0.000000000000000000,0.000000000000000000
0.075150300601202438,9.794034837398415405,0.750414483319424619,0.000000000000000000,0.000000000000000000
0.078156312625250537,9.784233121233588903,0.780337528737467978,0.000000000000000000,0.000000000000000000
0.081162324649298637,9.772244726145100202,0.810249529743281349,0.000000000000000000,0.000000000000000000
0.084168336673346736,9.757909792784504432,0.840150059510307856,0.000000000000000000,0.000000000000000000
0.087174348697394835,9.741091428571793998,0.870038691387829743,0.000000000000000000,0.000000000000000000
0.090180360721442934,9.721675707695395019,0.899914998900968932,0.000000000000000000,0.000000000000000000
0.093186372745491033,9.699571671112174442,0.929778555750687241,0.000000000000000000,0.000000000000000000
0.096192384769539133,9.674711326547436485,0.959628935813786055,0.000000000000000000,0.000000000000000000
0.099198396793587232,9.647049648494935070,0.989465713142906211,0.000000000000000000,0.000000000000000000
0.102204408817635331,9.616562970084260087,1.019288461983128613,0.000000000000000000,0.000000000000000000
0.105210420841683430,9.583250439069033177,1.049096756830580235,0.000000000000000000,0.000000000000000000
0.108216432865731529,9.547152714370138682,1.078890172299358685,0.000000000000000000,0.000000000000000000
0.111222444889779629,9.508333239004963744,1.108668283226391660,0.000000000000000000,0.000000000000000000
0.114228456913827728,9.466875777981176299,1.138430664689604521,0.000000000000000000,0.000000000000000000
0.117234468937875827,9.422884418296673559,1.168176892007916967,0.000000000000000000,0.000000000000000000
0.120240480961923926,9.376483568939642410,1.197906540741246584,0.000000000000000000,0.000000000000000000
0.123246492985972025,9.327817960888502569,1.227619186690505293,0.000000000000000000,0.000000000000000000
0.126252505010020111,9.277052647111945660,1.257314405897601572,0.000000000000000000,0.000000000000000000
0.129258517034068210,9.224373002568913904,1.286991774645440234,0.000000000000000000,0.000000000000000000
0.132264529058116309,9.169984724208614324,1.316650869457922202,0.000000000000000000,0.000000000000000000
0.135270541082164408,9.114113830970504537,1.346291267099943845,0.000000000000000000,0.000000000000000000
0.138276553106212508,9.056992593695072813,1.375912544622159395,0.000000000000000000,0.000000000000000000
0.141282565130260607,8.998859448989898979,1.405514279376526732,0.000000000000000000,0.000000000000000000
0.144288577154308706,8.939983678485344143,1.435096048931662205,0.000000000000000000,0.000000000000000000
0.147294589178356805,8.880633148990950687,1.464657431161847212,0.000000000000000000,0.000000000000000000
0.150300601202404904,8.821073592401869945,1.494198004249156053,0.000000000000000000,0.000000000000000000
0.153306613226453003,8.761568605698881740,1.523717346683461482,0.000000000000000000,0.000000000000000000
0.156312625250501103,8.702379650948365963,1.553215037262428488,0.000000000000000000,0.000000000000000000
0.159318637274549202,8.643766055302311457,1.582690655091517851,0.000000000000000000,0.000000000000000000
0.162324649298597301,8.585985010998335554,1.612143779583985914,0.000000000000000000,0.000000000000000000
0.165330661322645400,8.529291575359660982,1.641573990460883259,0.000000000000000000,0.000000000000000000
0.168336673346693499,8.473937568561346723,1.670980867754667365,0.000000000000000000,0.000000000000000000
0.171342685370741599,8.420149962462655679,1.700363991872434477,0.000000000000000000,0.000000000000000000
0.174348697394789698,8.368149176223132812,1.729722943524182766,0.000000000000000000,0.000000000000000000
0.177354709418837797,8.318141437738116650,1.759057303761478508,0.000000000000000000,0.000000000000000000
0.180360721442885896,8.270311624352997271,1.788366654003187506,0.000000000000000000,0.000000000000000000
0.183366733466933995,8.224823262863214524,1.817650576035478194,0.000000000000000000,0.000000000000000000
0.186372745490982095,8.181818529514270466,1.846908652011820084,0.000000000000000000,0.000000000000000000
0.189378757515030194,8.141418250001722257,1.876140464452984657,0.000000000000000000,0.000000000000000000
0.192384769539078293,8.103721899471178602,1.905345596247044249,0.000000000000000000,0.000000000000000000
0.195390781563126392,8.068807602518310418,1.934523630649372938,0.000000000000000000,0.000000000000000000
0.198396793587174491,8.036732174066136380,1.963674151320363936,0.000000000000000000,0.000000000000000000
0.201402805611222591,8.007521399624829783,1.992796742316087055,0.000000000000000000,0.000000000000000000
0.204408817635270690,7.981171583073266795,2.021890988041326942,0.000000000000000000,0.000000000000000000
0.207414829659318789,7.957656119933315786,2.050956473327012475,0.000000000000000000,0.000000000000000000
0.210420841683366888,7.936925549261951041,2.079992783431265035,0.000000000000000000,0.000000000000000000
0.213426853707414987,7.918907553651233222,2.108999504039393180,0.000000000000000000,0.000000000000000000
0.216432865731463087,7.903506959228330686,2.137976221263898413,0.000000000000000000,0.000000000000000000
0.219438877755511186,7.890605735655483066,2.166922521644467192,0.000000000000000000,0.000000000000000000
0.222444889779559285,7.880062996130050124,2.195837992147981588,0.000000000000000000,0.000000000000000000
0.225450901803607384,7.871714997384467338,2.224722220168506404,0.000000000000000000,0.000000000000000000
0.228456913827655483,7.865375750795134735,2.253574793529209419,0.000000000000000000,0.000000000000000000
0.231462925851703583,7.860858280726890079,2.282395300557645612,0.000000000000000000,0.000000000000000000
0.234468937875751682,7.857938998075795212,2.311183329992541058,0.000000000000000000,0.000000000000000000
0.237474949899799781,7.856374560455467559,2.339938471016894450,0.000000000000000000,0.000000000000000000
0.240480961923847880,7.855918162594933918,2.368660313304534526,0.000000000000000000,0.000000000000000000
0.243486973947895979,7.856319536338641107,2.397348447020120510,0.000000000000000000,0.000000000000000000
0.246492985971944079,7.857324950646457751,2.426002462819143002,0.000000000000000000,0.000000000000000000
0.249498997995992178,7.858677211593659173,2.454621951847918204,0.000000000000000000,0.000000000000000000
0.252505010020040277,7.860115662370947831,2.483206505743596804,0.000000000000000000,0.000000000000000000
0.255511022044088376,7.861376183284435548,2.511755716634156421,0.000000000000000000,0.000000000000000000
0.258517034068136475,7.862191191755652397,2.540269177138409162,0.000000000000000000,0.000000000000000000
0.261523046092184575,7.862290273121406159,2.568746480367769980,0.000000000000000000,0.000000000000000000
0.264529058116232674,7.861423728970617475,2.597187219989061546,0.000000000000000000,0.000000000000000000
0.267535070140280773,7.859344440993940140,2.625590990166018379,0.000000000000000000,0.000000000000000000
0.270541082164328872,7.855812889460704440,2.653957385580355766,0.000000000000000000,0.000000000000000000
0.273547094188376971,7.850607641491045285,2.682286001462849345,0.000000000000000000,0.000000000000000000
0.276553106212425071,7.843525351055915529,2.710576433593335999,0.000000000000000000,0.000000000000000000
0.279559118236473170,7.834380758977067316,2.738828278300712515,0.000000000000000000,0.000000000000000000
0.282565130260521269,7.823006692927071626,2.767041132462934705,0.000000000000000000,0.000000000000000000
0.285571142284569368,7.809254067429307611,2.795214593507022727,0.000000000000000000,0.000000000000000000
0.288577154308617467,7.792991883857965263,2.823348259409053984,0.000000000000000000,0.000000000000000000
0.291583166332665567,7.774111472335557771,2.851441728733234537,0.000000000000000000,0.000000000000000000
0.294589178356713666,7.752532882064115505,2.879494600608075050,0.000000000000000000,0.000000000000000000
0.297595190380761765,7.728199771190875644,2.907506474712159505,0.000000000000000000,0.000000000000000000
0.300601202404809864,7.701080471594522692,2.935476951328110040,0.000000000000000000,0.000000000000000000
0.303607214428857963,7.671167991850679435,2.963405631342638014,0.000000000000000000,0.000000000000000000
0.306613226452906062,7.638480017231891850,2.991292116246543564,0.000000000000000000,0.000000000000000000
0.309619238476954162,7.603058909707644197,3.019136008134716942,0.000000000000000000,0.000000000000000000
0.312625250501002261,7.564971707944359025,3.046936909706136287,0.000000000000000000,0.000000000000000000
0.315631262525050360,7.524310127305386509,3.074694424263870296,0.000000000000000000,0.000000000000000000
0.318637274549098459,7.481190559833136966,3.102408155715075999,0.000000000000000000,0.000000000000000000
0.321643286573146558,7.435746142348582666,3.130077708611397114,0.000000000000000000,0.000000000000000000
0.324649298597194658,7.388137723106912524,3.157702688129856661,0.000000000000000000,0.000000000000000000
0.327655310621242757,7.338551073984354467,3.185282700062425754,0.000000000000000000,0.000000000000000000
0.330661322645290856,7.287184478773144569,3.212817350858877319,0.000000000000000000,0.000000000000000000
0.333667334669338955,7.234248733181561697,3.240306247626794089,0.000000000000000000,0.000000000000000000
0.336673346693387054,7.179967144833930170,3.267748998131566829,0.000000000000000000,0.000000000000000000
0.339679358717435154,7.124575533270599337,3.295145210796389446,0.000000000000000000,0.000000000000000000
0.342685370741483253,7.068322229947964885,3.322494494702267431,0.000000000000000000,0.000000000000000000
0.345691382765531352,7.011468078238445756,3.349796459588006314,0.000000000000000000,0.000000000000000000
0.348697394789579451,6.954276421052915325,3.377050715875428377,0.000000000000000000,0.000000000000000000
0.351703406813627550,6.897012131168795079,3.404256874673381450,0.000000000000000000,0.000000000000000000
0.354709418837675650,6.839952674591104120,3.431414547748354860,0.000000000000000000,0.000000000000000000
0.357715430861723749,6.783367496420224185,3.458523347574618434,0.000000000000000000,0.000000000000000000
0.360721442885771848,6.727517703908658220,3.485582887335035185,0.000000000000000000,0.000000000000000000
0.363727454909819947,6.672656066461010838,3.512592780921038216,0.000000000000000000,0.000000000000000000
0.366733466933868046,6.619027015634002531,3.539552642932645821,0.000000000000000000,0.000000000000000000
0.369739478957916146,6.566866645136461678,3.566462088678453934,0.000000000000000000,0.000000000000000000
0.372745490981964245,6.516402710829329870,3.593320734175638798,0.000000000000000000,0.000000000000000000
0.375751503006012344,6.467851212523079596,3.620128196158905798,0.000000000000000000,0.000000000000000000
0.378757515030060443,6.421404280493796968,3.646884092111053466,0.000000000000000000,0.000000000000000000
0.381763527054108542,6.377237816700297657,3.673588040245261421,0.000000000000000000,0.000000000000000000
0.384769539078156642,6.335507303670454782,3.700239659518717694,0.000000000000000000,0.000000000000000000
0.387775551102204741,6.296347367070808332,3.726838569633855958,0.000000000000000000,0.000000000000000000
0.390781563126252840,6.259870626476471855,3.753384391043370627,0.000000000000000000,0.000000000000000000
0.393787575150300939,6.226165898894093331,3.779876744958974299,0.000000000000000000,0.000000000000000000
0.396793587174349038,6.195297826697510502,3.806315253355165851,0.000000000000000000,0.000000000000000000
0.399799599198397138,6.167306265772747764,3.832699538974671860,0.000000000000000000,0.000000000000000000
0.400000000000000022,6.165542942173548369,3.834456554202390066,0.000000000000000000,0.000000000000000000
0.400000000000000022,6.165542942173543928,3.834456554202391843,0.000000000000000000,0.000000000000000000
0.403006012024048121,6.140635344790923433,3.830722467004638698,0.030060120240481013,0.000000000000000000
0.406012024048096221,6.118606681946712200,3.826933379822019088,0.060120240480962032,0.000000000000000000
0.409018036072144320,6.099419488643186504,3.823088917786901408,0.090180360721443059,0.000000000000000000
0.412024048096192419,6.083011719469695322,3.819188706824080182,0.120240480961924037,0.000000000000000000
0.415030060120240518,6.069296809384406188,3.815232373651264997,0.150300601202405015,0.000000000000000000
0.418036072144288617,6.058164630110425719,3.811219545786688201,0.180360721442885841,0.000000000000000000
0.421042084168336717,6.049482676955259208,3.807149851555748032,0.210420841683366694,0.000000000000000000
0.424048096192384816,6.043097068472155442,3.803022920094966786,0.240480961923847408,0.000000000000000000
0.425652842336209036,6.040568955582521049,3.800796214131823447,0.256528423362089586,0.000000000000000000
0.425652842336209036,6.040568955582521049,3.800796214131823447,0.256528423362094637,0.000000000000000000
0.428658854360257136,6.037367455336095645,3.796580770800820126,0.286588543602575629,0.000000000000000000
0.431664866384305235,6.035989596909568711,3.792307154204708208,0.316648663843056788,0.000000000000000000
0.434670878408353334,6.036210244393457103,3.787974996370897074,0.346708784083537669,0.000000000000000000
0.437676890432401433,6.037796714312840152,3.783583930177041754,0.376768904324018661,0.000000000000000000
0.440682902456449532,6.040508775627321469,3.779133589351029165,0.406829024564499653,0.000000000000000000
0.443688914480497631,6.044098649731049377,3.774623608470980773,0.436889144804980645,0.000000000000000000
0.446694926504545731,6.048311010452710690,3.770053622965258810,0.466949265045461581,0.000000000000000000
0.449700938528593830,6.052882984055530713,3.765423269112459614,0.497009385285942518,0.000000000000000000
0.452706950552641929,6.057544149237275910,3.760732184041416737,0.527069505526423510,0.000000000000000000
0.455712962576690028,6.062023164221305827,3.755980005746154315,0.557129625766904724,0.000000000000000000
0.458718974600738127,6.066056867465277946,3.751166373106149088,0.587189746007385494,0.000000000000000000
0.461724986624786227,6.069384552428818580,3.746290925873073441,0.617249866247866708,0.000000000000000000
0.464730998648834326,6.071753337821974128,3.741353304682887959,0.647309986488347811,0.000000000000000000
0.467737010672882425,6.072918421786595466,3.736353151056421851,0.677370106728828580,0.000000000000000000
0.470743022696930524,6.072646176214800740,3.731290107406523671,0.707430226969309794,0.000000000000000000
0.473749034720978623,6.070716726418616815,3.726163817044331861,0.737490347209790786,0.000000000000000000
0.476755046745026723,6.066925409577467398,3.720973924183180070,0.767550467450272000,0.000000000000000000
0.477407668615076330,6.065837647571811431,3.719838731838221335,0.774076686150767745,0.000000000000000000
0.477407668615076330,6.065837647571813207,3.719838731838221779,0.774076686150773630,0.000000000000000000
0.480413680639124430,6.059531034491677737,3.714570949312878678,0.804136806391254955,0.000000000000000000
0.483419692663172529,6.050973095589824879,3.709238778721512197,0.834196926631735725,0.000000000000000000
0.486425704687220628,6.040017685420923321,3.703841867198513604,0.864257046872216494,0.000000000000000000
0.489431716711268727,6.026542822650904796,3.698379862815764252,0.894317167112697486,0.000000000000000000
0.492437728735316826,6.010450690056972078,3.692852414582636911,0.924377287353178478,0.000000000000000000
0.495443740759364926,5.991667634527593655,3.687259172446001099,0.954437407593659581,0.000000000000000000
0.498449752783413025,5.970144167062502838,3.681599787290214199,0.984497527834140573,0.000000000000000000
0.501455764807461124,5.945854962772703090,3.675873910937129452,1.014557648074621676,0.000000000000000000
0.504461776831509168,5.918798680792422218,3.670081196146972591,1.044617768315101891,0.000000000000000000
0.507467788855557211,5.888989675539503921,3.664221296674377459,1.074677888555582328,0.000000000000000000
0.510473800879605255,5.856483257613143145,3.658293867186749537,1.104738008796062765,0.000000000000000000
0.513479812903653299,5.821364497114521086,3.652298563293556732,1.134798129036543202,0.000000000000000000
0.516485824927701342,5.783737132614066745,3.646235041592882364,1.164858249277023416,0.000000000000000000
0.519491836951749386,5.743723571151435614,3.640102959671410954,1.194918369517504075,0.000000000000000000
0.522497848975797430,5.701464888235522110,3.633901976104438880,1.224978489757984734,0.000000000000000000
0.525503860999845474,5.657120827844452471,3.627631750455869941,1.255038609998465171,0.000000000000000000
0.528509873023893517,5.610869802425587416,3.621291943278216241,1.285098730238945164,0.000000000000000000
0.531515885047941561,5.562908892895524815,3.614882216112599966,1.315158850479426045,0.000000000000000000
0.534521897071989605,5.513453848640092581,3.608402231488749390,1.345218970719906482,0.000000000000000000
0.537527909096037648,5.462739087514359326,3.601851652925004199,1.375279090960387141,0.000000000000000000
0.540533921120085692,5.411014571663638861,3.595230144935842365,1.405339211200867133,0.000000000000000000
0.543539933144133736,5.358523009581829477,3.588537373092017368,1.435399331441347570,0.000000000000000000
0.546545945168181779,5.305532461773804442,3.581773003944624278,1.465459451681827785,0.000000000000000000
0.549551957192229823,5.252314156986519933,3.574936705068488596,1.495519571922308222,0.000000000000000000
0.552557969216277867,5.199135886660001482,3.568028145077098312,1.525579692162788659,0.000000000000000000
0.555563981240325910,5.146262004927358191,3.561046993622616785,1.555639812403269095,0.000000000000000000
0.558569993264373954,5.093953428614775625,3.553992921395874749,1.585699932643749754,0.000000000000000000
0.561576005288421998,5.042467637241522915,3.546865600126376972,1.615760052884229969,0.000000000000000000
0.564582017312470041,4.992058673019945658,3.539664702582298261,1.645820173124710406,0.000000000000000000
0.567588029336518085,4.942977140610312681,3.532389902570483908,1.675880293365190843,0.000000000000000000
0.570594041360566129,4.895458250040039871,3.525040874964571191,1.705940413605671946,0.000000000000000000
0.573600053384614172,4.849722702361456861,3.517617295693823642,1.736000533846151717,0.000000000000000000
0.576606065408662216,4.805980802866027801,3.510118841738490314,1.766060654086632153,0.000000000000000000
0.579612077432710260,4.764421983470040090,3.502545191159048166,1.796120774327112368,0.000000000000000000
0.582618089456758304,4.725214802714596374,3.494896023096199844,1.826180894567592583,0.000000000000000000
0.585624101480806347,4.688506945765622547,3.487171017770879899,1.856241014808073686,0.000000000000000000
0.588630113504854391,4.654425224413857087,3.479369856484246348,1.886301135048554567,0.000000000000000000
0.591636125528902435,4.623075577074862608,3.471492221617689111,1.916361255289035226,0.000000000000000000
0.594642137552950478,4.594542637944142527,3.463537796634826638,1.946421375529515663,0.000000000000000000
0.597648149576998522,4.568883899317343733,3.455506266105017321,1.976481495769995655,0.000000000000000000
0.600654161601046566,4.546131497645692576,3.447397315696512976,2.006541616010475426,0.000000000000000000
0.603660173625094609,4.526292875201969323,3.439210632184071414,2.036601736250956307,0.000000000000000000
0.606666185649142653,4.509350257640281967,3.430945903452308876,2.066661856491436744,0.000000000000000000
0.609672197673190697,4.495260692369626554,3.422602818496606414,2.096721976731917181,0.000000000000000000
0.612678209697238740,4.483956504663123788,3.414181067431304228,2.126782096972398950,0.000000000000000000
0.614297441567887348,4.478990401080758410,3.409611860867075794,2.142974415678882583,0.000000000000000000
0.614297441567887348,4.478990401080758410,3.409611860867075350,2.142974415678890132,0.000000000000000000
0.617303453591935392,4.471790454157899219,3.401068466425977377,2.173034535919370125,0.000000000000000000
0.620309465615983435,4.467101132570153510,3.392445624240213231,2.203094656159850562,0.000000000000000000
0.623315477640031479,4.464765735379548239,3.383743028397627306,2.233154776400331887,0.000000000000000000
0.626321489664079523,4.464612680033291703,3.374960374137566887,2.263214896640811880,0.000000000000000000
0.629327501688127566,4.466455502363790409,3.366097357850885263,2.293275016881293205,0.000000000000000000
0.632333513712175610,4.470092856588625096,3.357153677079933729,2.323335137121773197,0.000000000000000000
0.635339525736223654,4.475308515310574720,3.348129030518568250,2.353395257362253634,0.000000000000000000
0.638345537760271697,4.481871369517596904,3.339023118012146796,2.383455377602733627,0.000000000000000000
0.641351549784319741,4.489535428582843934,3.329835640557529786,2.413515497843213620,0.000000000000000000
0.644357561808367785,4.498042098881146700,3.320566300307514318,2.443575618083694057,0.000000000000000000
0.647363573832415828,4.507136622489760214,3.311214800604700859,2.473635738324174049,0.000000000000000000
0.650369585856463872,4.516546558556698621,3.301780845940593068,2.503695858564655374,0.000000000000000000
0.653375597880511916,4.526000107122858829,3.292264141987605530,2.533755978805135367,0.000000000000000000
0.656381609904559959,4.535231000818842340,3.282664395608240415,2.563816099045615804,0.000000000000000000
0.659387621928608003,4.543978504864940149,3.272981314855081703,2.593876219286096241,0.000000000000000000
0.662393633952656047,4.551987417071140740,3.263214608970798292,2.623936339526576678,0.000000000000000000
0.665399645976704091,4.559008067837125644,3.253363988388141781,2.653996459767057559,0.000000000000000000
0.668405658000752134,4.564796320152277431,3.243429164729947800,2.684056580007537995,0.000000000000000000
0.671411670024800178,4.569116696462085514,3.233409850814958464,2.714116700248017988,0.000000000000000000
0.674417682048848222,4.571754007524702956,3.223305760679004983,2.744176820488499757,0.000000000000000000
0.677423694072896265,4.572507225039001533,3.213116609564696358,2.774236940728979306,0.000000000000000000
0.680429706096944309,4.571193373490874734,3.202842113929868173,2.804297060969459299,0.000000000000000000
0.683435718120992353,4.567648053042590028,3.192481991448681278,2.834357181209939736,0.000000000000000000
0.686441730145040396,4.561727411320141812,3.182035961016821179,2.864417301450420617,0.000000000000000000
0.689447742169088440,4.553309756483923998,3.171503742756438537,2.894477421690900609,0.000000000000000000
0.690488339423619535,4.549795289589360969,3.167837650604025335,2.904883394236211558,0.000000000000000000
0.690488339423619535,4.549795289589359193,3.167837650604021782,2.904883394236219107,0.000000000000000000
0.693494351447667579,4.537864676285354726,3.157188968891293079,2.934943514476700432,0.000000000000000000
0.696500363471715622,4.523243226262238181,3.146453447541850856,2.965003634717180425,0.000000000000000000
0.699506375495763666,4.505889328292520091,3.135630810808674340,2.995063754957660418,0.000000000000000000
0.702512387519811710,4.485786526229052384,3.124720784188793843,3.025123875198140855,0.000000000000000000
0.705518399543859753,4.462943545271754076,3.113723094424402316,3.055183995438621292,0.000000000000000000
0.708524411567907797,4.437394358570044162,3.102637469509156531,3.085244115679100840,0.000000000000000000
0.709793196512250701,4.425811712468362025,3.097931965122529885,3.097931965122529885,0.000000000000000000
0.709793196512250701,4.425811712468354919,3.097931965122527664,3.097931965122536990,0.000000000000000000
0.712799208536298745,4.396518227994023142,3.107356454279740277,3.107356454279749602,0.000000000000000000
0.715805220560346789,4.364701696038187251,3.116736649056017328,3.116736649056026653,0.000000000000000000
0.718811232584394832,4.330482952862203305,3.126072415597866971,3.126072415597876741,0.000000000000000000
0.721817244608442876,4.294001453590515105,3.135363620690483355,3.135363620690493125,0.000000000000000000
0.724823256632490920,4.255415272210658628,3.144610131757747506,3.144610131757755944,0.000000000000000000
0.727829268656538964,4.214901101573255815,3.153811816862222894,3.153811816862232220,0.000000000000000000
0.730835280680587007,4.172654253392018120,3.162968544705161200,3.162968544705170526,0.000000000000000000
0.733841292704635051,4.128888658243742960,3.172080184626498323,3.172080184626508093,0.000000000000000000
0.736847304728683095,4.083833208260061021,3.181146606608077132,3.181146606608087346,0.000000000000000000
0.739853316752731138,4.037722966373048727,3.190167681283197165,3.190167681283207379,0.000000000000000000
0.742859328776779182,3.990817471241827619,3.199143279921093264,3.199143279921102589,0.000000000000000000
0.745865340800827226,3.943379110345469840,3.208073274443703493,3.208073274443712375,0.000000000000000000
0.748871352824875269,3.895670659160620275,3.216957537427697300,3.216957537427706626,0.000000000000000000
0.751877364848923313,3.847955281161497876,3.225795942104474623,3.225795942104483505,0.000000000000000000
0.754883376872971357,3.800496527819895665,3.234588362360165892,3.234588362360175218,0.000000000000000000
0.757889388897019400,3.753558338605181621,3.243334672735632029,3.243334672735641799,0.000000000000000000
0.760895400921067444,3.707405040984297351,3.252034748426468891,3.252034748426478217,0.000000000000000000
0.763901412945115488,3.662297323172696739,3.260688465286394777,3.260688465286404547,0.000000000000000000
0.766907424969163531,3.618479729748149687,3.269295699836528790,3.269295699836538116,0.000000000000000000
0.769913436993211575,3.576194588137275421,3.277856329253167722,3.277856329253177936,0.000000000000000000
0.772919449017259619,3.535667887860480807,3.286370231381074536,3.286370231381084306,0.000000000000000000
0.775925461041307662,3.497107795766953409,3.294837284734789318,3.294837284734799532,0.000000000000000000
0.778931473065355706,3.460704656034659710,3.303257368498633717,3.303257368498643487,0.000000000000000000
0.781937485089403750,3.426630990170350888,3.311630362526708282,3.311630362526718496,0.000000000000000000
0.784943497113451794,3.395041497009557041,3.319956147342897790,3.319956147342907116,0.000000000000000000
0.787949509137499837,3.366072476316248174,3.328234604141498743,3.328234604141508068,0.000000000000000000
0.790955521161547881,3.339834677524614825,3.336465614795338652,3.336465614795347978,0.000000000000000000
0.791263330946023968,3.337305771683610089,3.337305771683610089,3.337305771683619415,0.000000000000000000
0.791263330946023968,3.337305771683603428,3.337305771683613198,3.337305771683622080,0.000000000000000000
0.794269342970072012,3.335049079866561961,3.335049079866571731,3.335049079866581057,0.000000000000000000
0.797275354994120056,3.333722667595715450,3.333722667595724776,3.333722667595733657,0.000000000000000000
0.800000000001237388,3.333334201096061378,3.333334201096071148,3.333334201096080474,0.000000000000000000
0.800000000001237388,3.333334201096060934,3.333334201096071592,3.333334201096079585,0.000000000000000000
0.803006012025285432,3.333807082208688488,3.333807082208700034,3.333807082208708472,0.000000000000000000
0.806012024049333475,3.335221271725515191,3.335221271725525849,3.335221271725533398,0.000000000000000000
0.809018036073381519,3.337564050726635312,3.337564050726645970,3.337564050726653075,0.000000000000000000
0.812024048097429563,3.340814649372826128,3.340814649372836787,3.340814649372844780,0.000000000000000000
0.815030060121477606,3.344944246905551477,3.344944246905562579,3.344944246905570573,0.000000000000000000
0.818036072145525650,3.349915986814656854,3.349915986814667068,3.349915986814675506,0.000000000000000000
0.821042084169573694,3.355685479803671267,3.355685479803681925,3.355685479803689475,0.000000000000000000
0.824048096193621737,3.362201335275303293,3.362201335275313951,3.362201335275321945,0.000000000000000000
0.827054108217669781,3.369405497950693551,3.369405497950704653,3.369405497950712203,0.000000000000000000
0.827505723236418911,3.370543403866911092,3.370543403866921750,3.370543403866929744,0.000000000000000000
0.827505723236418911,3.370543403866914645,3.370543403866925303,3.370543403866932852,0.000000000000000000
0.830511735260466955,3.378459530292999613,3.378459530293010715,3.378459530293018709,0.000000000000000000
0.831167241417525959,3.380260470382386195,3.380260470382396409,3.380260470382404403,0.000000000000000000
0.831167241417525959,3.380260470382388416,3.380260470382398630,3.380260470382406623,0.000000000000000000
0.831167241417539615,3.380260470382433269,3.380260470382433269,3.380260470382440818,0.000000000000000000
0.831167241417539615,3.380260470382436377,3.380260470382435489,3.380260470382443483,0.000000000000000000
0.834173253441587659,3.390892593336764183,3.387796697328583573,3.387796697328590678,0.000000000000000000
0.837179265465635702,3.402976034169146846,3.395283747915775585,3.395283747915783579,0.000000000000000000
0.840185277489683746,3.416271407404657623,3.402721515310502376,3.402721515310510814,0.000000000000000000
0.843191289513731790,3.430531385382261433,3.410109893383697077,3.410109893383705071,0.000000000000000000
0.846197301537779834,3.445490050823744266,3.417448776704241631,3.417448776704250069,0.000000000000000000
0.849203313561827877,3.460880659690356520,3.424738060550124086,3.424738060550132079,0.000000000000000000
0.852209325585875921,3.476437884169042203,3.431977640909817495,3.431977640909825489,0.000000000000000000
0.855215337609923965,3.491897812672450474,3.439167414482297236,3.439167414482304785,0.000000000000000000
0.858221349633972008,3.506997949838928541,3.446307278677028130,3.446307278677036123,0.000000000000000000
0.861227361658020052,3.521477216532528320,3.453397131613971993,3.453397131613980875,0.000000000000000000
0.864233373682068096,3.535076468629540614,3.460436872123914487,3.460436872123922036,0.000000000000000000
0.867239385706116139,3.547548723838354068,3.467426399754835575,3.467426399754844013,0.000000000000000000
0.870245397730164183,3.558658881498969695,3.474365614771742106,3.474365614771750099,0.000000000000000000
0.873251409754212227,3.568184916963583753,3.481254418157690100,3.481254418157697206,0.000000000000000000
0.876196202775992639,3.575781139302703693,3.487953950702388450,3.487953950702396000,0.000000000000000000
0.876196202775992639,3.575781139302705913,3.487953950702391115,3.487953950702399109,0.000000000000000000
0.879202214800040682,3.581575721423429393,3.494742668270411912,3.494742668270420793,0.000000000000000000
0.882208226824088726,3.585219091932009050,3.501480683442288466,3.501480683442296904,0.000000000000000000
0.885214238848136770,3.586558990938480296,3.508167900071820444,3.508167900071828882,0.000000000000000000
0.888220250872184813,3.585464750924354682,3.514804222737856865,3.514804222737865302,0.000000000000000000
0.891226262896232857,3.581827830888503872,3.521389556744941807,3.521389556744950244,0.000000000000000000
0.894232274920280901,3.575563481090463736,3.527923808125428273,3.527923808125436267,0.000000000000000000
0.897238286944328944,3.566611257620383224,3.534406883640570207,3.534406883640578201,0.000000000000000000
0.900000000000000022,3.555986542774252523,3.540317893201383459,3.540317893201391009,0.000000000000000000
0.900000000000000022,3.555986542774247194,3.540317893201385235,3.540317893201393673,0.000000000000000000
0.903006012024048066,3.541798959256182489,3.531672457526189302,3.531672457526198183,0.030060120240480478
0.906012024048096110,3.524890236437622004,3.522975578027851107,3.522975578027859545,0.060120240480960950
0.906599725819151936,3.521269241859811050,3.521269241859810162,3.521269241859818599,0.065997258191519276
0.906599725819151936,3.521269241859804389,3.521269241859807941,3.521269241859816379,0.065997258191529323
0.909605737843199980,3.508726197647281886,3.508726197647286327,3.508726197647294764,0.096057378432009746
0.912611749867248023,3.495280089990769667,3.495280089990773664,3.495280089990782102,0.126117498672490225
0.915617761891296067,3.480962464086862607,3.480962464086865271,3.480962464086874153,0.156177618912970606
0.918623773915344111,3.465811704274400995,3.465811704274403660,3.465811704274412541,0.186237739153451043
0.921629785939392154,3.449873034034463437,3.449873034034466990,3.449873034034475427,0.216297859393931535
0.924635797963440198,3.433198515990372623,3.433198515990376176,3.433198515990384614,0.246357979634411972
0.927641809987488242,3.415847051907691334,3.415847051907695775,3.415847051907704213,0.276418099874892409
0.930647822011536285,3.397884382694225103,3.397884382694228211,3.397884382694237093,0.306478220115372901
0.933653834035584329,3.379381795776928321,3.379381795776931874,3.379381795776939867,0.336538340355853394
0.936659846059632373,3.360414834281433727,3.360414834281438168,3.360414834281446606,0.366598460596333608
0.939665858083680416,3.341063278674491599,3.341063278674495152,3.341063278674503589,0.396658580836814156
0.942671870107728460,3.321409988253209100,3.321409988253211765,3.321409988253219758,0.426718701077294538
0.945677882131776504,3.301540804007347063,3.301540804007349283,3.301540804007359053,0.456778821317774919
0.948683894155824547,3.281543537486921736,3.281543537486924844,3.281543537486933282,0.486838941558255467
0.951689906179872591,3.261507450973117894,3.261507450973122335,3.261507450973130773,0.516899061798735904
0.954695918203920635,3.241521595234441389,3.241521595234444941,3.241521595234452935,0.546959182039216341
0.957701930227968679,3.221674544848818655,3.221674544848821764,3.221674544848830202,0.577019302279696777
0.960707942252016722,3.202053924313478905,3.202053924313482902,3.202053924313490896,0.607079422520177436
0.963713954276064766,3.182745493653049262,3.182745493653051927,3.182745493653060365,0.637139542760657651
0.966719966300112810,3.163832224969675089,3.163832224969677753,3.163832224969686635,0.667199663001138199
0.969725978324160853,3.145393060288616649,3.145393060288620202,3.145393060288629083,0.697259783241618525
0.972731990348208897,3.127502892836842019,3.127502892836845572,3.127502892836854009,0.727319903482098962
0.975738002372256941,3.110231863347942216,3.110231863347945325,3.110231863347954206,0.757380023722579510
0.978744014396304984,3.093644851686549124,3.093644851686552233,3.093644851686560227,0.787440143963059724
0.981750026420353028,3.077800592734806884,3.077800592734810881,3.077800592734819318,0.817500264203540272
0.984756038444401072,3.062750742415218497,3.062750742415222049,3.062750742415230487,0.847560384444020709
0.987762050468449115,3.048539877430886946,3.048539877430891387,3.048539877430900269,0.877620504684501368
0.990768062492497159,3.035205472589135756,3.035205472589139308,3.035205472589146858,0.907680624924981472
0.993774074516545203,3.022777183215846097,3.022777183215849206,3.022777183215858088,0.937740745165461909
0.996780086540593246,3.011276420291377320,3.011276420291381317,3.011276420291389755,0.967800865405942790
0.998935644938433454,3.003608139857556925,3.003608139857560921,3.003608139857569803,0.989356449384344416
0.998935644938433454,3.003608139857552928,3.003608139857556036,3.003608139857564918,0.989356449384355074
1.000333289232147038,2.998895831267197831,2.998895831267200052,2.998895831267208933,1.003332892321489700
1.000333289232147038,2.998895831267193834,2.998895831267196943,2.998895831267205825,1.003332892321500802
1.000333289232154144,2.998895831267171630,2.998895831267171630,2.998895831267180956,1.003332892321571634
1.000333289232154144,2.998895831267168965,2.998895831267168077,2.998895831267176959,1.003332892321582737
1.003339301256202187,2.991382494587393914,2.988488704927052542,2.988488704927062312,1.033393012562062951
1.006345313280250231,2.986798341034304638,2.978027522562425755,2.978027522562434637,1.063453132802543610
1.009351325304298275,2.985105154651173098,2.967512218980496108,2.967512218980504990,1.093513253043024269
1.012357337328346318,2.986236474384307282,2.956942729758191835,2.956942729758200272,1.123573373283504706
1.015363349352394362,2.990099509174400705,2.946318991244293084,2.946318991244301966,1.153633493523985143
1.018369361376442406,2.996580976213496506,2.935640940563785772,2.935640940563794654,1.183693613764465358
1.021375373400490449,3.005547106721979667,2.924908515617873572,2.924908515617882898,1.213753734004946017
1.024381385424538493,3.016843645948582342,2.914121655083973028,2.914121655083982798,1.243813854245426231
1.027387397448586537,3.030295853170378972,2.903280298415718441,2.903280298415728211,1.273873974485906668
1.030393409472634580,3.045708501692786729,2.892384385842955652,2.892384385842965422,1.303934094726387105
1.033399421496682624,3.062872072951271285,2.881433858374403023,2.881433858374412349,1.333994214966867320
1.036405433520730668,3.081562426229767837,2.870428657798981043,2.870428657798990368,1.364054335207347313
1.039411445544778712,3.101533079003671034,2.859368726682201434,2.859368726682210315,1.394114455447828416
1.042417457568826755,3.122533190590466745,2.848254008372627766,2.848254008372637980,1.424174575688309297
1.045423469592874799,3.144307990863005831,2.837084447002057974,2.837084447002068188,1.454234695928789733
1.048429481616922843,3.166598780249501477,2.825859987485517699,2.825859987485526581,1.484294816169269948
1.051435493640970886,3.189142929733526088,2.814580575521255845,2.814580575521264283,1.514354936409749719
1.054441505665018930,3.211673880854018392,2.803246157590754351,2.803246157590762344,1.544415056650230378
1.057447517689066974,3.233921208831793237,2.791856680958740178,2.791856680958749504,1.574475176890711037
1.060453529713115017,3.255622885588057347,2.780412093677283814,2.780412093677292251,1.604535297131191252
1.063459541737163061,3.276520183843719014,2.768912344583871032,2.768912344583879914,1.634595417371671910
1.066465553761211105,3.296360103476003278,2.757357383302265319,2.757357383302273757,1.664655537612152569
1.069471565785259148,3.314904337241364907,2.745747160245560536,2.745747160245569418,1.694715657852632562
1.072477577809307192,3.331929270775490171,2.734081626616188476,2.734081626616196914,1.724775778093113443
1.075483589833355236,3.347225982593293736,2.722360734405906424,2.722360734405914862,1.754835898333592992
1.078489601857403279,3.360600244088922217,2.710584436395814034,2.710584436395822472,1.784896018574073651
1.081495613881451323,3.371872630177581875,2.698752686156407954,2.698752686156416392,1.814956138814554754
1.084501625905499367,3.380885653498706400,2.686865438051132760,2.686865438051141641,1.845016259055035412
1.087507637929547410,3.387502645249938826,2.674922647233415773,2.674922647233424211,1.875076379295515627
1.090513649953595454,3.391608634119838150,2.662924269648941689,2.662924269648950570,1.905136499535996286
1.093519661977643498,3.393113317704336218,2.650870262037960501,2.650870262037968939,1.935196619776476501
1.096525674001691542,3.391951062506739945,2.638760581935292393,2.638760581935300387,1.965256740016956494
1.099531686025739585,3.388080903937732646,2.626595187670325959,2.626595187670334841,1.995316860257437153
1.102537698049787629,3.381486546315367825,2.614374038367018205,2.614374038367027531,2.025376980497917589
1.105543710073835673,3.372176362865076271,2.602097093943894102,2.602097093943902983,2.055437100738398026
1.107437506269149052,3.364930425415086024,2.594333917849420690,2.594333917849429572,2.074375062691531824
1.107437506269149052,3.364930425415081139,2.594333917849415361,2.594333917849423798,2.074375062691545146
1.110443518293197096,3.351273893527304537,2.581965943373890404,2.581965943373899286,2.104435182932026471
1.113449530317245140,3.335042624105474474,2.569542072167073865,2.569542072167082303,2.134495303172506020
1.116455542341293183,3.316338812314791440,2.557062267039209136,2.557062267039217573,2.164555423412986901
1.119461554365341227,3.295284415872727024,2.544526491599950813,2.544526491599959250,2.194615543653466005
1.122467566389389271,3.272021155049033236,2.531934710258370913,2.531934710258379351,2.224675663893946886
1.125473578413437314,3.246710512665737625,2.519286888222952214,2.519286888222961096,2.254735784134427323
1.128479590437485358,3.219533734097145938,2.506582991501593582,2.506582991501601576,2.284795904374908204
1.131485602461533402,3.190691827269840797,2.493822986901606420,2.493822986901614858,2.314856024615388641
1.134491614485581445,3.160404612944609504,2.481006842030008208,2.481006842030017534,2.344916144855868190
1.137497626509629489,3.128902198394174494,2.468134525296080906,2.468134525296088899,2.374976265096349959
1.140503638533677533,3.096426432779111781,2.455206005910625322,2.455206005910633316,2.405036385336829508
1.143509650557725577,3.063229349147273517,2.442221253886266208,2.442221253886275090,2.435096505577311277
1.144006824347389095,3.057687223369047302,2.440068243473938026,2.440068243473946907,2.440068243473945575
1.144006824347389095,3.057687223369031315,2.440068243473931364,2.440068243473940690,2.440068243473957565
1.147012836371437139,3.023971671473604239,2.441388068937871747,2.441388068937880185,2.441388068937897948
1.150018848395485183,2.990100655894876169,2.442670364520135085,2.442670364520143522,2.442670364520161286
1.153024860419533226,2.956349065726194603,2.443915111922581485,2.443915111922590810,2.443915111922608130
1.156030872443581270,2.922985557902758380,2.445122293383509060,2.445122293383519274,2.445122293383535705
1.159036884467629314,2.890272557201620351,2.446291891677647268,2.446291891677657038,2.446291891677673913
1.162042896491677357,2.858466256241675829,2.447423890116153800,2.447423890116163570,2.447423890116180445
1.165048908515725401,2.827816615483673690,2.448518272546622132,2.448518272546631902,2.448518272546649222
1.168054920539773445,2.798567363230208827,2.449575023353074421,2.449575023353084191,2.449575023353101511
1.171060932563821488,2.770955378856479356,2.450594127456037885,2.450594127456047211,2.450594127456064530
1.174066944587869532,2.745198002750284694,2.451575570313910379,2.451575570313919261,2.451575570313937025
1.177072956611917576,2.721500554825377449,2.452519337921950093,2.452519337921959419,2.452519337921976739
1.180078968635965619,2.700050843977787718,2.453425416813057591,2.453425416813066917,2.453425416813083793
1.183084980660013663,2.681015134985128778,2.454293794058263867,2.454293794058273193,2.454293794058290512
1.186090992684061707,2.664538148506591764,2.455124457266734339,2.455124457266743665,2.455124457266760540
1.189097004708109750,2.650743061082947882,2.455917394585763525,2.455917394585773295,2.455917394585789282
1.192103016732157794,2.639731505136545309,2.456672594700779033,2.456672594700788359,2.456672594700805234
1.195109028756205838,2.631583278629332057,2.457390046835386421,2.457390046835395747,2.457390046835412623
1.198115040780253882,2.626351940671685536,2.458069740752071297,2.458069740752080623,2.458069740752097943
1.201121052804301925,2.624065601681664361,2.458711666752181557,2.458711666752190883,2.458711666752208203
1.202564885834191521,2.624016330351777171,2.459006563974615922,2.459006563974625248,2.459006563974641679
1.202564885834191521,2.624016330351776283,2.459006563974615922,2.459006563974625248,2.459006563974641679
1.205570897858239565,2.626090760053255035,2.459592564899626854,2.459592564899636624,2.459592564899653055
1.208576909882287609,2.631073247051208153,2.460140776178625810,2.460140776178634692,2.460140776178650679
1.211582921906335653,2.638901070903316715,2.460651189988751320,2.460651189988760201,2.460651189988777077
1.214588933930383696,2.649489916087002683,2.461123799046741834,2.461123799046751159,2.461123799046767591
1.217594945954431740,2.662733871999430235,2.461558596608935723,2.461558596608944161,2.461558596608960592
1.220600957978479784,2.678505432957506205,2.461955576471268614,2.461955576471278384,2.461955576471294371
1.223606970002527827,2.696655498197876977,2.462314732969279163,2.462314732969288933,2.462314732969305364
1.226612982026575871,2.717013371876936034,2.462636060978104169,2.462636060978114383,2.462636060978130814
1.229618994050623915,2.739386796592648832,2.462919555912481240,2.462919555912490122,2.462919555912506997
1.232625006074671958,2.763567701350778449,2.463165213727070757,2.463165213727079639,2.463165213727096514
1.235631018098720002,2.789334270938139237,2.463373030916583328,2.463373030916593098,2.463373030916609085
1.238637030122768046,2.816451515895584734,2.463543004515628798,2.463543004515638568,2.463543004515654555
1.241643042146816089,2.844673971642851296,2.463675132098828158,2.463675132098837040,2.463675132098853915
1.244649054170864133,2.873746223021332646,2.463769411780813989,2.463769411780823759,2.463769411780840191
1.247655066194912177,2.903406569076860677,2.463825842216289086,2.463825842216298412,2.463825842216314843
1.250633696728621569,2.933115509415742395,2.463844424170295255,2.463844424170305025,2.463844424170321012
1.250633696728621569,2.933115509415756161,2.463844424170295255,2.463844424170305025,2.463844424170321012
1.250706022090165126,2.933838602740725499,2.463844424170295255,2.463844424170305025,2.463844424170320568
1.250706022090165126,2.933838602740738377,2.463844424170295255,2.463844424170305025,2.463844424170321012
1.250713254223293269,2.933910906100143823,2.463844424170295255,2.463844424170305025,2.463844424170320568
1.250713254223293269,2.933910906100157590,2.463844424170295255,2.463844424170305025,2.463844424170321012
1.253719266247341313,2.963892433671099003,2.463844424170294811,2.463844424170305025,2.463844424170321012
1.256725278271389357,2.993545443595670097,2.463844424170293923,2.463844424170304581,2.463844424170320124
1.259731290295437400,3.022598724056099417,2.463844424170295255,2.463844424170305025,2.463844424170320568
1.262737302319485444,3.050792297078686932,2.463844424170294811,2.463844424170304581,2.463844424170321012
1.265743314343533488,3.077877418533824461,2.463844424170295699,2.463844424170305025,2.463844424170320568
1.268749326367581531,3.103616578135983239,2.463844424170295255,2.463844424170305025,2.463844424170321012
1.271755338391629575,3.127783499443720139,2.463844424170295255,2.463844424170305025,2.463844424170321012
1.274761350415677619,3.150163139859676331,2.463844424170295255,2.463844424170305025,2.463844424170321012
1.277767362439725662,3.170551990920511098,2.463844424170295699,2.463844424170305025,2.463844424170321457
1.280773374463773706,3.188768829511420044,2.463844424170294811,2.463844424170305469,2.463844424170320568
1.283779386487821750,3.204650612972936408,2.463844424170294811,2.463844424170305469,2.463844424170320124
1.286785398511869793,3.218054418463037969,2.463844424170295255,2.463844424170305025,2.463844424170321012
1.289791410535917837,3.228861189524474540,2.463844424170295255,2.463844424170305025,2.463844424170321457
1.292797422559965881,3.236975736084771071,2.463844424170295255,2.463844424170305025,2.463844424170321012
1.295803434584013925,3.242326734456226767,2.463844424170295699,2.463844424170305025,2.463844424170321012
1.298809446608061968,3.244866727335912415,2.463844424170295255,2.463844424170304581,2.463844424170320568
1.301815458632110012,3.244572026592210889,2.463844424170295255,2.463844424170304581,2.463844424170320568
1.304821470656158056,3.241439651684111745,2.463844424170295255,2.463844424170305025,2.463844424170320124
1.307827482680206099,3.235501031582091791,2.463844424170296588,2.463844424170305913,2.463844424170321901
1.310833494704254143,3.226814337644605235,2.463844424170295255,2.463844424170304581,2.463844424170320124
1.313839506728302187,3.215458894168606641,2.463844424170295255,2.463844424170304581,2.463844424170321012
1.316845518752350230,3.201535178389536274,2.463844424170295255,2.463844424170305025,2.463844424170321457
1.319851530776398274,3.185164820481327208,2.463844424170295255,2.463844424170305025,2.463844424170321012
1.322857542800446318,3.166490603556402217,2.463844424170294811,2.463844424170304581,2.463844424170320568
1.325863554824494361,3.145676463665678213,2.463844424170295255,2.463844424170305025,2.463844424170321457
1.328869566848542405,3.122907489798558700,2.463844424170295255,2.463844424170305025,2.463844424170321012
1.331875578872590449,3.098389923882942654,2.463844424170295255,2.463844424170305025,2.463844424170321012
1.334881590896638492,3.072339821358883505,2.463844424170295699,2.463844424170305469,2.463844424170321012
1.337887602920686536,3.044989237328231901,2.463844424170296143,2.463844424170305469,2.463844424170320568
1.340893614944734580,3.016590164958753206,2.463844424170294811,2.463844424170305025,2.463844424170320568
1.343899626968782623,2.987397492824645173,2.463844424170295255,2.463844424170305025,2.463844424170320568
1.346905638992830667,2.957668973148255720,2.463844424170295699,2.463844424170305469,2.463844424170321457
1.349911651016878711,2.927665221800083373,2.463844424170295255,2.463844424170305025,2.463844424170321012
1.352917663040926755,2.897649718298775490,2.463844424170294811,2.463844424170304581,2.463844424170320568
1.355923675064974798,2.867888805811130482,2.463844424170295255,2.463844424170305025,2.463844424170320568
1.358929687089022842,2.838651685076647002,2.463844424170295255,2.463844424170305469,2.463844424170320568
1.361935699113070886,2.810198960722870343,2.463844424170296143,2.463844424170305469,2.463844424170320568
1.364941711137118929,2.782784637323662658,2.463844424170295255,2.463844424170305469,2.463844424170321012
1.367947723161166973,2.756656982009551893,2.463844424170295255,2.463844424170304581,2.463844424170320568
1.370953735185215017,2.732048605991540313,2.463844424170295255,2.463844424170304581,2.463844424170320568
1.373959747209263060,2.709176464561104059,2.463844424170294811,2.463844424170305025,2.463844424170321457
1.376965759233311104,2.688241857090197584,2.463844424170295699,2.463844424170305913,2.463844424170321457
1.379971771257359148,2.669430427031245223,2.463844424170294811,2.463844424170304581,2.463844424170321012
1.382977783281407191,2.652912038328445909,2.463844424170294811,2.463844424170304581,2.463844424170320568
1.385983795305455235,2.638834128370265653,2.463844424170295255,2.463844424170304581,2.463844424170320124
1.388989807329503279,2.627322456284891583,2.463844424170295255,2.463844424170305469,2.463844424170320568
1.391995819353551322,2.618480377422328420,2.463844424170295699,2.463844424170305025,2.463844424170321457
1.395001831377599366,2.612386423331210406,2.463844424170294367,2.463844424170304581,2.463844424170320568
1.398007843401647410,2.609094301758803081,2.463844424170295255,2.463844424170305025,2.463844424170321012
1.401013855425695454,2.608632896650999289,2.463844424170295255,2.463844424170305025,2.463844424170321012
1.404019867449743497,2.611006268152321841,2.463844424170294811,2.463844424170304581,2.463844424170320568
1.407025879473791541,2.616193652684434490,2.463844424170295255,2.463844424170305025,2.463844424170321012
1.410031891497839585,2.624151589139667617,2.463844424170296143,2.463844424170305469,2.463844424170321012
1.413037903521887628,2.634807337209509104,2.463844424170295255,2.463844424170304581,2.463844424170320124
1.416043915545935672,2.648062559044559006,2.463844424170295255,2.463844424170305469,2.463844424170321457
1.419049927569983716,2.663798733006476738,2.463844424170295255,2.463844424170305025,2.463844424170321012
1.422055939594031759,2.681877153667985958,2.463844424170295255,2.463844424170304581,2.463844424170321012
1.425061951618079803,2.702138931812874123,2.463844424170295699,2.463844424170305469,2.463844424170321457
1.428067963642127847,2.724404994435989824,2.463844424170295699,2.463844424170305469,2.463844424170321012
1.431073975666175890,2.748476084743243231,2.463844424170295255,2.463844424170305025,2.463844424170320568
1.434079987690223934,2.774138117490468680,2.463844424170295255,2.463844424170305469,2.463844424170321012
1.437085999714271978,2.801163649429500246,2.463844424170294811,2.463844424170304581,2.463844424170319680
1.440092011738320021,2.829304910001060325,2.463844424170294811,2.463844424170305025,2.463844424170321457
1.443098023762368065,2.858309687261232135,2.463844424170295699,2.463844424170305025,2.463844424170321457
1.446104035786416109,2.887921773763511446,2.463844424170295699,2.463844424170305025,2.463844424170321012
1.449110047810464152,2.917880966558803468,2.463844424170295255,2.463844424170305469,2.463844424170321012
1.452116059834512196,2.947923067195421964,2.463844424170294811,2.463844424170305025,2.463844424170320124
1.455122071858560240,2.977779881719094135,2.463844424170295255,2.463844424170305025,2.463844424170321012
1.458128083882608284,3.007182185676620989,2.463844424170294811,2.463844424170305025,2.463844424170320568
1.461134095906656327,3.035870735233877848,2.463844424170294811,2.463844424170304137,2.463844424170320124
1.464140107930704371,3.063584746770555256,2.463844424170294811,2.463844424170304581,2.463844424170320568
1.467146119954752415,3.090075779563856262,2.463844424170294811,2.463844424170305025,2.463844424170321012
1.470152131978800458,3.115109471484093895,2.463844424170294811,2.463844424170304581,2.463844424170321012
1.473158144002848502,3.138465538994694715,2.463844424170295255,2.463844424170305025,2.463844424170321012
1.476164156026896546,3.159937777152191707,2.463844424170295699,2.463844424170305025,2.463844424170321457
1.479170168050944589,3.179334059606230056,2.463844424170294811,2.463844424170305025,2.463844424170321012
1.482176180074992633,3.196479307873157705,2.463844424170295699,2.463844424170305469,2.463844424170321457
1.485182192099040677,3.211221854129612030,2.463844424170295255,2.463844424170305469,2.463844424170321457
1.488188204123088720,3.223428508906317269,2.463844424170295699,2.463844424170305025,2.463844424170320568
1.491194216147136764,3.232990282990465758,2.463844424170294811,2.463844424170305025,2.463844424170320568
1.494200228171184808,3.239822664953611486,2.463844424170295255,2.463844424170305025,2.463844424170321012
1.497206240195232851,3.243865621151673206,2.463844424170295255,2.463844424170305025,2.463844424170321012
1.500000000000000000,3.245090660187572862,2.463844424170295255,2.463844424170304581,2.463844424170321012
