"time","E1.on.signal[1]","E2.on.signal[1]","V1.s_pos.signal[1]","V2.s_pos.signal[1]"
0,1,0,0,0
0.05,1,0,0,0
0.1,1,0,0,0
0.15,1,0,0,0
0.2,1,0,0,0
0.25,1,0,0,0
0.3,1,0,0,0
0.35,1,0,0,0
0.4,1,0,0,0
0.45,1,0,0,0
0.5,1,0,0,0
0.55,1,0,0,0
0.6,1,0,0,0
0.65,1,0,0,0
0.7,1,0,0,0
0.75,1,0,0,0
0.8,1,0,0,0
0.85,1,0,0,0
0.9,1,0,0,0
0.95,1,0,0,0
1,1,0,0,0
1.05,1,0,0,0
1.1,1,0,0,0
1.15,1,0,0,0
1.2,1,0,0,0
1.25,1,0,0,0
1.3,1,0,0,0
1.35,1,0,0,0
1.4,1,0,0,0
1.45,1,0,0,0
1.5,1,0,0,0
1.55,1,0,0,0
1.6,1,0,0,0
1.65,1,0,0,0
1.7,1,0,0,0
1.75,1,0,0,0
1.8,1,0,0,0
1.85,1,0,0,0
1.9,1,0,0,0
1.95,1,0,0,0
2,1,0,0,0
2.05,1,0,0,0
2.1,1,0,0,0
2.15,1,0,0,0
2.2,1,0,0,0
2.25,1,0,0,0
2.3,1,0,0,0
2.35,1,0,0,0
2.4,1,0,0,0
2.45,1,0,0,0
2.5,1,0,0,0
2.55,1,0,0,0
2.6,1,0,0,0
2.65,1,0,0,0
2.7,1,0,0,0
2.75,1,0,0,0
2.8,1,0,0,0
2.85,1,0,0,0
2.9,1,0,0,0
2.95,1,0,0,0
3,1,0,0,0
3.05,1,0,0,0
3.1,1,0,0,0
3.15,1,0,0,0
3.2,1,0,0,0
3.25,1,0,0,0
3.3,1,0,0,0
3.35,1,0,0,0
3.4,1,0,0,0
3.45,1,0,0,0
3.5,1,0,0,0
3.55,1,0,0,0
3.6,1,0,0,0
3.65,1,0,0,0
3.7,1,0,0,0
3.75,1,0,0,0
3.8,1,0,0,0
3.85,1,0,0,0
3.9,1,0,0,0
3.95,1,0,0,0
4,1,0,0,0
4.05,1,0,0,0
4.1,1,0,0,0
4.15,1,0,0,0
4.2,1,0,0,0
4.25,1,0,0,0
4.3,1,0,0,0
4.35,1,0,0,0
4.4,1,0,0,0
4.45,1,0,0,0
4.5,1,0,0,0
4.55,1,0,0,0
4.6,1,0,0,0
4.65,1,0,0,0
4.7,1,0,0,0
4.75,1,0,0,0
4.8,1,0,0,0
4.85,1,0,0,0
4.9,1,0,0,0
4.95,1,0,0,0
5,1,0,0,0
5.05,1,0,0,0
5.1,1,0,0,0
5.15,1,0,0,0
5.2,1,0,0,0
5.25,1,0,0,0
5.3,1,0,0,0
5.35,1,0,0,0
5.4,1,0,0,0
5.45,1,0,0,0
5.5,1,0,0,0
5.55,1,0,0,0
5.6,1,0,0,0
5.65,1,0,0,0
5.7,1,0,0,0
5.75,1,0,0,0
5.8,1,0,0,0
5.85,1,0,0,0
5.9,1,0,0,0
5.95,1,0,0,0
6,1,0,0,0
6.05,1,0,0,0
6.1,1,0,0,0
6.15,1,0,0,0
6.2,1,0,0,0
6.25,1,0,0,0
6.3,1,0,0,0
6.35,1,0,0,0
6.4,1,0,0,0
6.45,1,0,0,0
6.5,1,0,0,0
6.55,1,0,0,0
6.6,1,0,0,0
6.65,1,0,0,0
6.7,1,0,0,0
6.75,1,0,0,0
6.8,1,0,0,0
6.85,1,0,0,0
6.9,1,0,0,0
6.95,1,0,0,0
7,1,0,0,0
7.05,1,0,0,0
7.1,1,0,0,0
7.15,1,0,0,0
7.2,1,0,0,0
7.25,1,0,0,0
7.3,1,0,0,0
7.35,1,0,0,0
7.4,1,0,0,0
7.45,1,0,0,0
7.5,1,0,0,0
7.55,1,0,0,0
7.6,1,0,0,0
7.65,1,0,0,0
7.7,1,0,0,0
7.75,1,0,0,0
7.8,1,0,0,0
7.85,1,0,0,0
7.9,1,0,0,0
7.95,1,0,0,0
8,1,0,0,0
8.05,1,0,0,0
8.1,1,0,0,0
8.15,1,0,0,0
8.2,1,0,0,0
8.25,1,0,0,0
8.3,1,0,0,0
8.35,1,0,0,0
8.4,1,0,0,0
8.45,1,0,0,0
8.5,1,0,0,0
8.55,1,0,0,0
8.6,1,0,0,0
8.65,1,0,0,0
8.7,1,0,0,0
8.75,1,0,0,0
8.8,1,0,0,0
8.85,1,0,0,0
8.9,1,0,0,0
8.95,1,0,0,0
9,1,0,0,0
9.05,1,0,0,0
9.1,1,0,0,0
9.15,1,0,0,0
9.2,1,0,0,0
9.25,1,0,0,0
9.3,1,0,0,0
9.35,1,0,0,0
9.4,1,0,0,0
9.45,1,0,0,0
9.5,1,0,0,0
9.55,1,0,0,0
9.6,1,0,0,0
9.65,1,0,0,0
9.7,1,0,0,0
9.75,1,0,0,0
9.8,1,0,0,0
9.85,1,0,0,0
9.9,1,0,0,0
9.95,1,0,0,0
10,1,0,0,0
10.05,1,0,0,0
10.1,1,0,0,0
10.15,1,0,0,0
10.2,1,0,0,0
10.25,1,0,0,0
10.3,1,0,0,0
10.35,1,0,0,0
10.4,1,0,0,0
10.45,1,0,0,0
10.5,1,0,0,0
10.55,1,0,0,0
10.6,1,0,0,0
10.65,1,0,0,0
10.7,1,0,0,0
10.75,1,0,0,0
10.8,1,0,0,0
10.85,1,0,0,0
10.9,1,0,0,0
10.95,1,0,0,0
11,1,0,0,0
11.05,1,0,0,0
11.1,1,0,0,0
11.15,1,0,0,0
11.2,1,0,0,0
11.25,1,0,0,0
11.3,1,0,0,0
11.35,1,0,0,0
11.4,1,0,0,0
11.45,1,0,0,0
11.5,1,0,0,0
11.55,1,0,0,0
11.6,1,0,0,0
11.65,1,0,0,0
11.7,1,0,0,0
11.75,1,0,0,0
11.8,1,0,0,0
11.85,1,0,0,0
11.9,1,0,0,0
11.95,1,0,0,0
12,1,0,0,0
12.05,1,0,0,0
12.1,1,0,0,0
12.15,1,0,0,0
12.2,1,0,0,0
12.25,1,0,0,0
12.3,1,0,0,0
12.35,1,0,0,0
12.4,1,0,0,0
12.45,1,0,0,0
12.5,1,0,0,0
12.55,1,0,0,0
12.6,1,0,0,0
12.65,1,0,0,0
12.7,1,0,0,0
12.75,1,0,0,0
12.8,1,0,0,0
12.85,1,0,0,0
12.9,1,0,0,0
12.95,1,0,0,0
13,1,0,0,0
13.05,1,0,0,0
13.1,1,0,0,0
13.15,1,0,0,0
13.2,1,0,0,0
13.25,1,0,0,0
13.3,1,0,0,0
13.35,1,0,0,0
13.4,1,0,0,0
13.45,1,0,0,0
13.5,1,0,0,0
13.55,1,0,0,0
13.6,1,0,0,0
13.65,1,0,0,0
13.7,1,0,0,0
13.75,1,0,0,0
13.8,1,0,0,0
13.85,1,0,0,0
13.9,1,0,0,0
13.95,1,0,0,0
14,1,0,0,0
14.05,1,0,0,0
14.1,1,0,0,0
14.15,1,0,0,0
14.2,1,0,0,0
14.25,1,0,0,0
14.3,1,0,0,0
14.35,1,0,0,0
14.4,1,0,0,0
14.45,1,0,0,0
14.5,1,0,0,0
14.55,1,0,0,0
14.6,1,0,0,0
14.65,1,0,0,0
14.7,1,0,0,0
14.75,1,0,0,0
14.8,1,0,0,0
14.85,1,0,0,0
14.9,1,0,0,0
14.95,1,0,0,0
15,1,0,0,0
15.05,1,0,0,0
15.1,1,0,0,0
15.15,1,0,0,0
15.2,1,0,0,0
15.25,1,0,0,0
15.3,1,0,0,0
15.35,1,0,0,0
15.4,1,0,0,0
15.45,1,0,0,0
15.5,1,0,0,0
15.55,1,0,0,0
15.6,1,0,0,0
15.65,1,0,0,0
15.7,1,0,0,0
15.75,1,0,0,0
15.8,1,0,0,0
15.85,1,0,0,0
15.9,1,0,0,0
15.95,1,0,0,0
16,1,0,0,0
16.05,1,0,0,0
16.1,1,0,0,0
16.15,1,0,0,0
16.2,1,0,0,0
16.25,1,0,0,0
16.3,1,0,0,0
16.35,1,0,0,0
16.4,1,0,0,0
16.45,1,0,0,0
16.5,1,0,0,0
16.55,1,0,0,0
16.6,1,0,0,0
16.65,1,0,0,0
16.7,1,0,0,0
16.75,1,0,0,0
16.8,1,0,0,0
16.85,1,0,0,0
16.9,1,0,0,0
16.95,1,0,0,0
17,1,0,0,0
17.05,1,0,0,0
17.1,1,0,0,0
17.15,1,0,0,0
17.2,1,0,0,0
17.25,1,0,0,0
17.3,1,0,0,0
17.35,1,0,0,0
17.4,1,0,0,0
17.45,1,0,0,0
17.5,1,0,0,0
17.55,1,0,0,0
17.6,1,0,0,0
17.65,1,0,0,0
17.7,1,0,0,0
17.75,1,0,0,0
17.8,1,0,0,0
17.85,1,0,0,0
17.9,1,0,0,0
17.95,1,0,0,0
18,1,0,0,0
18.05,1,0,0,0
18.1,1,0,0,0
18.15,1,0,0,0
18.2,1,0,0,0
18.25,1,0,0,0
18.3,1,0,0,0
18.35,1,0,0,0
18.4,1,0,0,0
18.45,1,0,0,0
18.5,1,0,0,0
18.55,1,0,0,0
18.6,1,0,0,0
18.65,1,0,0,0
18.7,1,0,0,0
18.75,1,0,0,0
18.8,1,0,0,0
18.85,1,0,0,0
18.9,1,0,0,0
18.95,1,0,0,0
19,1,0,0,0
19.05,1,0,0,0
19.1,1,0,0,0
19.15,1,0,0,0
19.2,1,0,0,0
19.25,1,0,0,0
19.3,1,0,0,0
19.35,1,0,0,0
19.4,1,0,0,0
19.45,1,0,0,0
19.5,1,0,0,0
19.55,1,0,0,0
19.6,1,0,0,0
19.65,1,0,0,0
19.7,1,0,0,0
19.75,1,0,0,0
19.8,1,0,0,0
19.85,1,0,0,0
19.9,1,0,0,0
19.95,1,0,0,0
20,1,0,0,0
20.05,1,0,0.005,0
20.1,1,0,0.01,0
20.15,1,0,0.015,0
20.2,1,0,0.02,0
20.25,1,0,0.025,0
20.3,1,0,0.03,0
20.35,1,0,0.035,0
20.4,1,0,0.04,0
20.45,1,0,0.045,0
20.5,1,0,0.05,0
20.55,1,0,0.055,0
20.6,1,0,0.06,0
20.65,1,0,0.065,0
20.7,1,0,0.07,0
20.75,1,0,0.075,0
20.8,1,0,0.08,0
20.85,1,0,0.085,0
20.9,1,0,0.09,0
20.95,1,0,0.095,0
21,1,0,0.1,0
21.05,1,0,0.105,0
21.1,1,0,0.11,0
21.15,1,0,0.115,0
21.2,1,0,0.12,0
21.25,1,0,0.125,0
21.3,1,0,0.13,0
21.35,1,0,0.135,0
21.4,1,0,0.14,0
21.45,1,0,0.145,0
21.5,1,0,0.15,0
21.55,1,0,0.155,0
21.6,1,0,0.16,0
21.65,1,0,0.165,0
21.7,1,0,0.17,0
21.75,1,0,0.175,0
21.8,1,0,0.18,0
21.85,1,0,0.185,0
21.9,1,0,0.19,0
21.95,1,0,0.195,0
22,1,0,0.2,0
22.05,1,0,0.205,0
22.1,1,0,0.21,0
22.15,1,0,0.215,0
22.2,1,0,0.22,0
22.25,1,0,0.225,0
22.3,1,0,0.23,0
22.35,1,0,0.235,0
22.4,1,0,0.24,0
22.45,1,0,0.245,0
22.5,1,0,0.25,0
22.55,1,0,0.255,0
22.6,1,0,0.26,0
22.65,1,0,0.265,0
22.7,1,0,0.27,0
22.75,1,0,0.275,0
22.8,1,0,0.28,0
22.85,1,0,0.285,0
22.9,1,0,0.29,0
22.95,1,0,0.295,0
23,1,0,0.3,0
23.05,1,0,0.305,0
23.1,1,0,0.31,0
23.15,1,0,0.315,0
23.2,1,0,0.32,0
23.25,1,0,0.325,0
23.3,1,0,0.33,0
23.35,1,0,0.335,0
23.4,1,0,0.34,0
23.45,1,0,0.345,0
23.5,1,0,0.35,0
23.55,1,0,0.355,0
23.6,1,0,0.36,0
23.65,1,0,0.365,0
23.7,1,0,0.37,0
23.75,1,0,0.375,0
23.8,1,0,0.38,0
23.85,1,0,0.385,0
23.9,1,0,0.39,0
23.95,1,0,0.395,0
24,1,0,0.4,0
24.05,1,0,0.405,0
24.1,1,0,0.41,0
24.15,1,0,0.415,0
24.2,1,0,0.42,0
24.25,1,0,0.425,0
24.3,1,0,0.43,0
24.35,1,0,0.435,0
24.4,1,0,0.44,0
24.45,1,0,0.445,0
24.5,1,0,0.45,0
24.55,1,0,0.455,0
24.6,1,0,0.46,0
24.65,1,0,0.465,0
24.7,1,0,0.47,0
24.75,1,0,0.475,0
24.8,1,0,0.48,0
24.85,1,0,0.485,0
24.9,1,0,0.49,0
24.95,1,0,0.495,0
25,1,0,0.5,0
25.05,1,0,0.505,0
25.1,1,0,0.51,0
25.15,1,0,0.515,0
25.2,1,0,0.52,0
25.25,1,0,0.525,0
25.3,1,0,0.53,0
25.35,1,0,0.535,0
25.4,1,0,0.54,0
25.45,1,0,0.545,0
25.5,1,0,0.55,0
25.55,1,0,0.555,0
25.6,1,0,0.56,0
25.65,1,0,0.565,0
25.7,1,0,0.57,0
25.75,1,0,0.575,0
25.8,1,0,0.58,0
25.85,1,0,0.585,0
25.9,1,0,0.59,0
25.95,1,0,0.595,0
26,1,0,0.6,0
26.05,1,0,0.605,0
26.1,1,0,0.61,0
26.15,1,0,0.615,0
26.2,1,0,0.62,0
26.25,1,0,0.625,0
26.3,1,0,0.63,0
26.35,1,0,0.635,0
26.4,1,0,0.64,0
26.45,1,0,0.645,0
26.5,1,0,0.65,0
26.55,1,0,0.655,0
26.6,1,0,0.66,0
26.65,1,0,0.665,0
26.7,1,0,0.67,0
26.75,1,0,0.675,0
26.8,1,0,0.68,0
26.85,1,0,0.685,0
26.9,1,0,0.69,0
26.95,1,0,0.695,0
27,1,0,0.7,0
27.05,1,0,0.705,0
27.1,1,0,0.71,0
27.15,1,0,0.715,0
27.2,1,0,0.72,0
27.25,1,0,0.725,0
27.3,1,0,0.73,0
27.35,1,0,0.735,0
27.4,1,0,0.74,0
27.45,1,0,0.745,0
27.5,1,0,0.75,0
27.55,1,0,0.755,0
27.6,1,0,0.76,0
27.65,1,0,0.765,0
27.7,1,0,0.77,0
27.75,1,0,0.775,0
27.8,1,0,0.78,0
27.85,1,0,0.785,0
27.9,1,0,0.79,0
27.95,1,0,0.795,0
28,1,0,0.8,0
28.05,1,0,0.805,0
28.1,1,0,0.81,0
28.15,1,0,0.815,0
28.2,1,0,0.82,0
28.25,1,0,0.825,0
28.3,1,0,0.83,0
28.35,1,0,0.835,0
28.4,1,0,0.84,0
28.45,1,0,0.845,0
28.5,1,0,0.85,0
28.55,1,0,0.855,0
28.6,1,0,0.86,0
28.65,1,0,0.865,0
28.7,1,0,0.87,0
28.75,1,0,0.875,0
28.8,1,0,0.88,0
28.85,1,0,0.885,0
28.9,1,0,0.89,0
28.95,1,0,0.895,0
29,1,0,0.9,0
29.05,1,0,0.905,0
29.1,1,0,0.91,0
29.15,1,0,0.915,0
29.2,1,0,0.92,0
29.25,1,0,0.925,0
29.3,1,0,0.93,0
29.35,1,0,0.935,0
29.4,1,0,0.94,0
29.45,1,0,0.945,0
29.5,1,0,0.95,0
29.55,1,0,0.955,0
29.6,1,0,0.96,0
29.65,1,0,0.965,0
29.7,1,0,0.97,0
29.75,1,0,0.975,0
29.8,1,0,0.98,0
29.85,1,0,0.985,0
29.9,1,0,0.99,0
29.95,1,0,0.995,0
30,1,0,1,0
30.05,1,0,1,0
30.1,1,0,1,0
30.15,1,0,1,0
30.2,1,0,1,0
30.25,1,0,1,0
30.3,1,0,1,0
30.35,1,0,1,0
30.4,1,0,1,0
30.45,1,0,1,0
30.5,1,0,1,0
30.55,1,0,1,0
30.6,1,0,1,0
30.65,1,0,1,0
30.7,1,0,1,0
30.75,1,0,1,0
30.8,1,0,1,0
30.85,1,0,1,0
30.9,1,0,1,0
30.95,1,0,1,0
31,1,0,1,0
31.05,1,0,1,0
31.1,1,0,1,0
31.15,1,0,1,0
31.2,1,0,1,0
31.25,1,0,1,0
31.3,1,0,1,0
31.35,1,0,1,0
31.4,1,0,1,0
31.45,1,0,1,0
31.5,1,0,1,0
31.55,1,0,1,0
31.6,1,0,1,0
31.65,1,0,1,0
31.7,1,0,1,0
31.75,1,0,1,0
31.8,1,0,1,0
31.85,1,0,1,0
31.9,1,0,1,0
31.95,1,0,1,0
32,1,0,1,0
32.05,1,0,1,0
32.1,1,0,1,0
32.15,1,0,1,0
32.2,1,0,1,0
32.25,1,0,1,0
32.3,1,0,1,0
32.35,1,0,1,0
32.4,1,0,1,0
32.45,1,0,1,0
32.5,1,0,1,0
32.55,1,0,1,0
32.6,1,0,1,0
32.65,1,0,1,0
32.7,1,0,1,0
32.75,1,0,1,0
32.8,1,0,1,0
32.85,1,0,1,0
32.9,1,0,1,0
32.95,1,0,1,0
33,1,0,1,0
33.05,1,0,1,0
33.1,1,0,1,0
33.15,1,0,1,0
33.2,1,0,1,0
33.25,1,0,1,0
33.3,1,0,1,0
33.35,1,0,1,0
33.4,1,0,1,0
33.45,1,0,1,0
33.5,1,0,1,0
33.55,1,0,1,0
33.6,1,0,1,0
33.65,1,0,1,0
33.7,1,0,1,0
33.75,1,0,1,0
33.8,1,0,1,0
33.85,1,0,1,0
33.9,1,0,1,0
33.95,1,0,1,0
34,1,0,1,0
34.05,1,0,1,0
34.1,1,0,1,0
34.15,1,0,1,0
34.2,1,0,1,0
34.25,1,0,1,0
34.3,1,0,1,0
34.35,1,0,1,0
34.4,1,0,1,0
34.45,1,0,1,0
34.5,1,0,1,0
34.55,1,0,1,0
34.6,1,0,1,0
34.65,1,0,1,0
34.7,1,0,1,0
34.75,1,0,1,0
34.8,1,0,1,0
34.85,1,0,1,0
34.9,1,0,1,0
34.95,1,0,1,0
35,1,0,1,0
35.05,1,0,1,0
35.1,1,0,1,0
35.15,1,0,1,0
35.2,1,0,1,0
35.25,1,0,1,0
35.3,1,0,1,0
35.35,1,0,1,0
35.4,1,0,1,0
35.45,1,0,1,0
35.5,1,0,1,0
35.55,1,0,1,0
35.6,1,0,1,0
35.65,1,0,1,0
35.7,1,0,1,0
35.75,1,0,1,0
35.8,1,0,1,0
35.85,1,0,1,0
35.9,1,0,1,0
35.95,1,0,1,0
36,1,0,1,0
36.05,1,0,1,0
36.1,1,0,1,0
36.15,1,0,1,0
36.2,1,0,1,0
36.25,1,0,1,0
36.3,1,0,1,0
36.35,1,0,1,0
36.4,1,0,1,0
36.45,1,0,1,0
36.5,1,0,1,0
36.55,1,0,1,0
36.6,1,0,1,0
36.65,1,0,1,0
36.7,1,0,1,0
36.75,1,0,1,0
36.8,1,0,1,0
36.85,1,0,1,0
36.9,1,0,1,0
36.95,1,0,1,0
37,1,0,1,0
37.05,1,0,1,0
37.1,1,0,1,0
37.15,1,0,1,0
37.2,1,0,1,0
37.25,1,0,1,0
37.3,1,0,1,0
37.35,1,0,1,0
37.4,1,0,1,0
37.45,1,0,1,0
37.5,1,0,1,0
37.55,1,0,1,0
37.6,1,0,1,0
37.65,1,0,1,0
37.7,1,0,1,0
37.75,1,0,1,0
37.8,1,0,1,0
37.85,1,0,1,0
37.9,1,0,1,0
37.95,1,0,1,0
38,1,0,1,0
38.05,1,0,1,0
38.1,1,0,1,0
38.15,1,0,1,0
38.2,1,0,1,0
38.25,1,0,1,0
38.3,1,0,1,0
38.35,1,0,1,0
38.4,1,0,1,0
38.45,1,0,1,0
38.5,1,0,1,0
38.55,1,0,1,0
38.6,1,0,1,0
38.65,1,0,1,0
38.7,1,0,1,0
38.75,1,0,1,0
38.8,1,0,1,0
38.85,1,0,1,0
38.9,1,0,1,0
38.95,1,0,1,0
39,1,0,1,0
39.05,1,0,1,0
39.1,1,0,1,0
39.15,1,0,1,0
39.2,1,0,1,0
39.25,1,0,1,0
39.3,1,0,1,0
39.35,1,0,1,0
39.4,1,0,1,0
39.45,1,0,1,0
39.5,1,0,1,0
39.55,1,0,1,0
39.6,1,0,1,0
39.65,1,0,1,0
39.7,1,0,1,0
39.75,1,0,1,0
39.8,1,0,1,0
39.85,1,0,1,0
39.9,1,0,1,0
39.95,1,0,1,0
40,1,0,1,0
40.05,1,0,1,0
40.1,1,0,1,0
40.15,1,0,1,0
40.2,1,0,1,0
40.25,1,0,1,0
40.3,1,0,1,0
40.35,1,0,1,0
40.4,1,0,1,0
40.45,1,0,1,0
40.5,1,0,1,0
40.55,1,0,1,0
40.6,1,0,1,0
40.65,1,0,1,0
40.7,1,0,1,0
40.75,1,0,1,0
40.8,1,0,1,0
40.85,1,0,1,0
40.9,1,0,1,0
40.95,1,0,1,0
41,1,0,1,0
41.05,1,0,1,0
41.1,1,0,1,0
41.15,1,0,1,0
41.2,1,0,1,0
41.25,1,0,1,0
41.3,1,0,1,0
41.35,1,0,1,0
41.4,1,0,1,0
41.45,1,0,1,0
41.5,1,0,1,0
41.55,1,0,1,0
41.6,1,0,1,0
41.65,1,0,1,0
41.7,1,0,1,0
41.75,1,0,1,0
41.8,1,0,1,0
41.85,1,0,1,0
41.9,1,0,1,0
41.95,1,0,1,0
42,1,0,1,0
42.05,1,0,1,0
42.1,1,0,1,0
42.15,1,0,1,0
42.2,1,0,1,0
42.25,1,0,1,0
42.3,1,0,1,0
42.35,1,0,1,0
42.4,1,0,1,0
42.45,1,0,1,0
42.5,1,0,1,0
42.55,1,0,1,0
42.6,1,0,1,0
42.65,1,0,1,0
42.7,1,0,1,0
42.75,1,0,1,0
42.8,1,0,1,0
42.85,1,0,1,0
42.9,1,0,1,0
42.95,1,0,1,0
43,1,0,1,0
43.05,1,0,1,0
43.1,1,0,1,0
43.15,1,0,1,0
43.2,1,0,1,0
43.25,1,0,1,0
43.3,1,0,1,0
43.35,1,0,1,0
43.4,1,0,1,0
43.45,1,0,1,0
43.5,1,0,1,0
43.55,1,0,1,0
43.6,1,0,1,0
43.65,1,0,1,0
43.7,1,0,1,0
43.75,1,0,1,0
43.8,1,0,1,0
43.85,1,0,1,0
43.9,1,0,1,0
43.95,1,0,1,0
44,1,0,1,0
44.05,1,0,1,0
44.1,1,0,1,0
44.15,1,0,1,0
44.2,1,0,1,0
44.25,1,0,1,0
44.3,1,0,1,0
44.35,1,0,1,0
44.4,1,0,1,0
44.45,1,0,1,0
44.5,1,0,1,0
44.55,1,0,1,0
44.6,1,0,1,0
44.65,1,0,1,0
44.7,1,0,1,0
44.75,1,0,1,0
44.8,1,0,1,0
44.85,1,0,1,0
44.9,1,0,1,0
44.95,1,0,1,0
45,1,0,1,0
45.05,1,0,1,0
45.1,1,0,1,0
45.15,1,0,1,0
45.2,1,0,1,0
45.25,1,0,1,0
45.3,1,0,1,0
45.35,1,0,1,0
45.4,1,0,1,0
45.45,1,0,1,0
45.5,1,0,1,0
45.55,1,0,1,0
45.6,1,0,1,0
45.65,1,0,1,0
45.7,1,0,1,0
45.75,1,0,1,0
45.8,1,0,1,0
45.85,1,0,1,0
45.9,1,0,1,0
45.95,1,0,1,0
46,1,0,1,0
46.05,1,0,1,0
46.1,1,0,1,0
46.15,1,0,1,0
46.2,1,0,1,0
46.25,1,0,1,0
46.3,1,0,1,0
46.35,1,0,1,0
46.4,1,0,1,0
46.45,1,0,1,0
46.5,1,0,1,0
46.55,1,0,1,0
46.6,1,0,1,0
46.65,1,0,1,0
46.7,1,0,1,0
46.75,1,0,1,0
46.8,1,0,1,0
46.85,1,0,1,0
46.9,1,0,1,0
46.95,1,0,1,0
47,1,0,1,0
47.05,1,0,1,0
47.1,1,0,1,0
47.15,1,0,1,0
47.2,1,0,1,0
47.25,1,0,1,0
47.3,1,0,1,0
47.35,1,0,1,0
47.4,1,0,1,0
47.45,1,0,1,0
47.5,1,0,1,0
47.55,1,0,1,0
47.6,1,0,1,0
47.65,1,0,1,0
47.7,1,0,1,0
47.75,1,0,1,0
47.8,1,0,1,0
47.85,1,0,1,0
47.9,1,0,1,0
47.95,1,0,1,0
48,1,0,1,0
48.05,1,0,1,0
48.1,1,0,1,0
48.15,1,0,1,0
48.2,1,0,1,0
48.25,1,0,1,0
48.3,1,0,1,0
48.35,1,0,1,0
48.4,1,0,1,0
48.45,1,0,1,0
48.5,1,0,1,0
48.55,1,0,1,0
48.6,1,0,1,0
48.65,1,0,1,0
48.7,1,0,1,0
48.75,1,0,1,0
48.8,1,0,1,0
48.85,1,0,1,0
48.9,1,0,1,0
48.95,1,0,1,0
49,1,0,1,0
49.05,1,0,1,0
49.1,1,0,1,0
49.15,1,0,1,0
49.2,1,0,1,0
49.25,1,0,1,0
49.3,1,0,1,0
49.35,1,0,1,0
49.4,1,0,1,0
49.45,1,0,1,0
49.5,1,0,1,0
49.55,1,0,1,0
49.6,1,0,1,0
49.65,1,0,1,0
49.7,1,0,1,0
49.75,1,0,1,0
49.8,1,0,1,0
49.85,1,0,1,0
49.9,1,0,1,0
49.95,1,0,1,0
50,1,0,1,0
50.05,1,0,1,0
50.1,1,0,1,0
50.15,1,0,1,0
50.2,1,0,1,0
50.25,1,0,1,0
50.3,1,0,1,0
50.35,1,0,1,0
50.4,1,0,1,0
50.45,1,0,1,0
50.5,1,0,1,0
50.55,1,0,1,0
50.6,1,0,1,0
50.65,1,0,1,0
50.7,1,0,1,0
50.75,1,0,1,0
50.8,1,0,1,0
50.85,1,0,1,0
50.9,1,0,1,0
50.95,1,0,1,0
51,1,0,1,0
51.05,1,0,1,0
51.1,1,0,1,0
51.15,1,0,1,0
51.2,1,0,1,0
51.25,1,0,1,0
51.3,1,0,1,0
51.35,1,0,1,0
51.4,1,0,1,0
51.45,1,0,1,0
51.5,1,0,1,0
51.55,1,0,1,0
51.6,1,0,1,0
51.65,1,0,1,0
51.7,1,0,1,0
51.75,1,0,1,0
51.8,1,0,1,0
51.85,1,0,1,0
51.9,1,0,1,0
51.95,1,0,1,0
52,1,0,1,0
52.05,1,0,1,0
52.1,1,0,1,0
52.15,1,0,1,0
52.2,1,0,1,0
52.25,1,0,1,0
52.3,1,0,1,0
52.35,1,0,1,0
52.4,1,0,1,0
52.45,1,0,1,0
52.5,1,0,1,0
52.55,1,0,1,0
52.6,1,0,1,0
52.65,1,0,1,0
52.7,1,0,1,0
52.75,1,0,1,0
52.8,1,0,1,0
52.85,1,0,1,0
52.9,1,0,1,0
52.95,1,0,1,0
53,1,0,1,0
53.05,1,0,1,0
53.1,1,0,1,0
53.15,1,0,1,0
53.2,1,0,1,0
53.25,1,0,1,0
53.3,1,0,1,0
53.35,1,0,1,0
53.4,1,0,1,0
53.45,1,0,1,0
53.5,1,0,1,0
53.55,1,0,1,0
53.6,1,0,1,0
53.65,1,0,1,0
53.7,1,0,1,0
53.75,1,0,1,0
53.8,1,0,1,0
53.85,1,0,1,0
53.9,1,0,1,0
53.95,1,0,1,0
54,1,0,1,0
54.05,1,0,1,0
54.1,1,0,1,0
54.15,1,0,1,0
54.2,1,0,1,0
54.25,1,0,1,0
54.3,1,0,1,0
54.35,1,0,1,0
54.4,1,0,1,0
54.45,1,0,1,0
54.5,1,0,1,0
54.55,1,0,1,0
54.6,1,0,1,0
54.65,1,0,1,0
54.7,1,0,1,0
54.75,1,0,1,0
54.8,1,0,1,0
54.85,1,0,1,0
54.9,1,0,1,0
54.95,1,0,1,0
55,1,0,1,0
55.05,1,0,1,0
55.1,1,0,1,0
55.15,1,0,1,0
55.2,1,0,1,0
55.25,1,0,1,0
55.3,1,0,1,0
55.35,1,0,1,0
55.4,1,0,1,0
55.45,1,0,1,0
55.5,1,0,1,0
55.55,1,0,1,0
55.6,1,0,1,0
55.65,1,0,1,0
55.7,1,0,1,0
55.75,1,0,1,0
55.8,1,0,1,0
55.85,1,0,1,0
55.9,1,0,1,0
55.95,1,0,1,0
56,1,0,1,0
56.05,1,0,1,0
56.1,1,0,1,0
56.15,1,0,1,0
56.2,1,0,1,0
56.25,1,0,1,0
56.3,1,0,1,0
56.35,1,0,1,0
56.4,1,0,1,0
56.45,1,0,1,0
56.5,1,0,1,0
56.55,1,0,1,0
56.6,1,0,1,0
56.65,1,0,1,0
56.7,1,0,1,0
56.75,1,0,1,0
56.8,1,0,1,0
56.85,1,0,1,0
56.9,1,0,1,0
56.95,1,0,1,0
57,1,0,1,0
57.05,1,0,1,0
57.1,1,0,1,0
57.15,1,0,1,0
57.2,1,0,1,0
57.25,1,0,1,0
57.3,1,0,1,0
57.35,1,0,1,0
57.4,1,0,1,0
57.45,1,0,1,0
57.5,1,0,1,0
57.55,1,0,1,0
57.6,1,0,1,0
57.65,1,0,1,0
57.7,1,0,1,0
57.75,1,0,1,0
57.8,1,0,1,0
57.85,1,0,1,0
57.9,1,0,1,0
57.95,1,0,1,0
58,1,0,1,0
58.05,1,0,1,0
58.1,1,0,1,0
58.15,1,0,1,0
58.2,1,0,1,0
58.25,1,0,1,0
58.3,1,0,1,0
58.35,1,0,1,0
58.4,1,0,1,0
58.45,1,0,1,0
58.5,1,0,1,0
58.55,1,0,1,0
58.6,1,0,1,0
58.65,1,0,1,0
58.7,1,0,1,0
58.75,1,0,1,0
58.8,1,0,1,0
58.85,1,0,1,0
58.9,1,0,1,0
58.95,1,0,1,0
59,1,0,1,0
59.05,1,0,1,0
59.1,1,0,1,0
59.15,1,0,1,0
59.2,1,0,1,0
59.25,1,0,1,0
59.3,1,0,1,0
59.35,1,0,1,0
59.4,1,0,1,0
59.45,1,0,1,0
59.5,1,0,1,0
59.55,1,0,1,0
59.6,1,0,1,0
59.65,1,0,1,0
59.7,1,0,1,0
59.75,1,0,1,0
59.8,1,0,1,0
59.85,1,0,1,0
59.9,1,0,1,0
59.95,1,0,1,0
60,1,0,1,0
60.05,1,0,1,0
60.1,1,0,1,0
60.15,1,0,1,0
60.2,1,0,1,0
60.25,1,0,1,0
60.3,1,0,1,0
60.35,1,0,1,0
60.4,1,0,1,0
60.45,1,0,1,0
60.5,1,0,1,0
60.55,1,0,1,0
60.6,1,0,1,0
60.65,1,0,1,0
60.7,1,0,1,0
60.75,1,0,1,0
60.8,1,0,1,0
60.85,1,0,1,0
60.9,1,0,1,0
60.95,1,0,1,0
61,1,0,1,0
61.05,1,0,1,0
61.1,1,0,1,0
61.15,1,0,1,0
61.2,1,0,1,0
61.25,1,0,1,0
61.3,1,0,1,0
61.35,1,0,1,0
61.4,1,0,1,0
61.45,1,0,1,0
61.5,1,0,1,0
61.55,1,0,1,0
61.6,1,0,1,0
61.65,1,0,1,0
61.7,1,0,1,0
61.75,1,0,1,0
61.8,1,0,1,0
61.85,1,0,1,0
61.9,1,0,1,0
61.95,1,0,1,0
62,1,0,1,0
62.05,1,0,1,0
62.1,1,0,1,0
62.15,1,0,1,0
62.2,1,0,1,0
62.25,1,0,1,0
62.3,1,0,1,0
62.35,1,0,1,0
62.4,1,0,1,0
62.45,1,0,1,0
62.5,1,0,1,0
62.55,1,0,1,0
62.6,1,0,1,0
62.65,1,0,1,0
62.7,1,0,1,0
62.75,1,0,1,0
62.8,1,0,1,0
62.85,1,0,1,0
62.9,1,0,1,0
62.95,1,0,1,0
63,1,0,1,0
63.05,1,0,1,0
63.1,1,0,1,0
63.15,1,0,1,0
63.2,1,0,1,0
63.25,1,0,1,0
63.3,1,0,1,0
63.35,1,0,1,0
63.4,1,0,1,0
63.45,1,0,1,0
63.5,1,0,1,0
63.55,1,0,1,0
63.6,1,0,1,0
63.65,1,0,1,0
63.7,1,0,1,0
63.75,1,0,1,0
63.8,1,0,1,0
63.85,1,0,1,0
63.9,1,0,1,0
63.95,1,0,1,0
64,1,0,1,0
64.05,1,0,1,0
64.1,1,0,1,0
64.15,1,0,1,0
64.2,1,0,1,0
64.25,1,0,1,0
64.3,1,0,1,0
64.35,1,0,1,0
64.4,1,0,1,0
64.45,1,0,1,0
64.5,1,0,1,0
64.55,1,0,1,0
64.6,1,0,1,0
64.65,1,0,1,0
64.7,1,0,1,0
64.75,1,0,1,0
64.8,1,0,1,0
64.85,1,0,1,0
64.9,1,0,1,0
64.95,1,0,1,0
65,1,1,1,0
65.05,1,1,1,0
65.1,1,1,1,0
65.15,1,1,1,0
65.2,1,1,1,0
65.25,1,1,1,0
65.3,1,1,1,0
65.35,1,1,1,0
65.4,1,1,1,0
65.45,1,1,1,0
65.5,1,1,1,0
65.55,1,1,1,0
65.6,1,1,1,0
65.65,1,1,1,0
65.7,1,1,1,0
65.75,1,1,1,0
65.8,1,1,1,0
65.85,1,1,1,0
65.9,1,1,1,0
65.95,1,1,1,0
66,1,1,1,0
66.05,1,1,1,0
66.1,1,1,1,0
66.15,1,1,1,0
66.2,1,1,1,0
66.25,1,1,1,0
66.3,1,1,1,0
66.35,1,1,1,0
66.4,1,1,1,0
66.45,1,1,1,0
66.5,1,1,1,0
66.55,1,1,1,0
66.6,1,1,1,0
66.65,1,1,1,0
66.7,1,1,1,0
66.75,1,1,1,0
66.8,1,1,1,0
66.85,1,1,1,0
66.9,1,1,1,0
66.95,1,1,1,0
67,1,1,1,0
67.05,1,1,1,0
67.1,1,1,1,0
67.15,1,1,1,0
67.2,1,1,1,0
67.25,1,1,1,0
67.3,1,1,1,0
67.35,1,1,1,0
67.4,1,1,1,0
67.45,1,1,1,0
67.5,1,1,1,0
67.55,1,1,1,0
67.6,1,1,1,0
67.65,1,1,1,0
67.7,1,1,1,0
67.75,1,1,1,0
67.8,1,1,1,0
67.85,1,1,1,0
67.9,1,1,1,0
67.95,1,1,1,0
68,1,1,1,0
68.05,1,1,1,0
68.1,1,1,1,0
68.15,1,1,1,0
68.2,1,1,1,0
68.25,1,1,1,0
68.3,1,1,1,0
68.35,1,1,1,0
68.4,1,1,1,0
68.45,1,1,1,0
68.5,1,1,1,0
68.55,1,1,1,0
68.6,1,1,1,0
68.65,1,1,1,0
68.7,1,1,1,0
68.75,1,1,1,0
68.8,1,1,1,0
68.85,1,1,1,0
68.9,1,1,1,0
68.95,1,1,1,0
69,1,1,1,0
69.05,1,1,1,0
69.1,1,1,1,0
69.15,1,1,1,0
69.2,1,1,1,0
69.25,1,1,1,0
69.3,1,1,1,0
69.35,1,1,1,0
69.4,1,1,1,0
69.45,1,1,1,0
69.5,1,1,1,0
69.55,1,1,1,0
69.6,1,1,1,0
69.65,1,1,1,0
69.7,1,1,1,0
69.75,1,1,1,0
69.8,1,1,1,0
69.85,1,1,1,0
69.9,1,1,1,0
69.95,1,1,1,0
70,1,1,1,0
70.05,1,1,1,0
70.1,1,1,1,0
70.15,1,1,1,0
70.2,1,1,1,0
70.25,1,1,1,0
70.3,1,1,1,0
70.35,1,1,1,0
70.4,1,1,1,0
70.45,1,1,1,0
70.5,1,1,1,0
70.55,1,1,1,0
70.6,1,1,1,0
70.65,1,1,1,0
70.7,1,1,1,0
70.75,1,1,1,0
70.8,1,1,1,0
70.85,1,1,1,0
70.9,1,1,1,0
70.95,1,1,1,0
71,1,1,1,0
71.05,1,1,1,0
71.1,1,1,1,0
71.15,1,1,1,0
71.2,1,1,1,0
71.25,1,1,1,0
71.3,1,1,1,0
71.35,1,1,1,0
71.4,1,1,1,0
71.45,1,1,1,0
71.5,1,1,1,0
71.55,1,1,1,0
71.6,1,1,1,0
71.65,1,1,1,0
71.7,1,1,1,0
71.75,1,1,1,0
71.8,1,1,1,0
71.85,1,1,1,0
71.9,1,1,1,0
71.95,1,1,1,0
72,1,1,1,0
72.05,1,1,1,0
72.1,1,1,1,0
72.15,1,1,1,0
72.2,1,1,1,0
72.25,1,1,1,0
72.3,1,1,1,0
72.35,1,1,1,0
72.4,1,1,1,0
72.45,1,1,1,0
72.5,1,1,1,0
72.55,1,1,1,0
72.6,1,1,1,0
72.65,1,1,1,0
72.7,1,1,1,0
72.75,1,1,1,0
72.8,1,1,1,0
72.85,1,1,1,0
72.9,1,1,1,0
72.95,1,1,1,0
73,1,1,1,0
73.05,1,1,1,0
73.1,1,1,1,0
73.15,1,1,1,0
73.2,1,1,1,0
73.25,1,1,1,0
73.3,1,1,1,0
73.35,1,1,1,0
73.4,1,1,1,0
73.45,1,1,1,0
73.5,1,1,1,0
73.55,1,1,1,0
73.6,1,1,1,0
73.65,1,1,1,0
73.7,1,1,1,0
73.75,1,1,1,0
73.8,1,1,1,0
73.85,1,1,1,0
73.9,1,1,1,0
73.95,1,1,1,0
74,1,1,1,0
74.05,1,1,1,0
74.1,1,1,1,0
74.15,1,1,1,0
74.2,1,1,1,0
74.25,1,1,1,0
74.3,1,1,1,0
74.35,1,1,1,0
74.4,1,1,1,0
74.45,1,1,1,0
74.5,1,1,1,0
74.55,1,1,1,0
74.6,1,1,1,0
74.65,1,1,1,0
74.7,1,1,1,0
74.75,1,1,1,0
74.8,1,1,1,0
74.85,1,1,1,0
74.9,1,1,1,0
74.95,1,1,1,0
75,1,1,1,0
75.05,1,1,1,0
75.1,1,1,1,0
75.15,1,1,1,0
75.2,1,1,1,0
75.25,1,1,1,0
75.3,1,1,1,0
75.35,1,1,1,0
75.4,1,1,1,0
75.45,1,1,1,0
75.5,1,1,1,0
75.55,1,1,1,0
75.6,1,1,1,0
75.65,1,1,1,0
75.7,1,1,1,0
75.75,1,1,1,0
75.8,1,1,1,0
75.85,1,1,1,0
75.9,1,1,1,0
75.95,1,1,1,0
76,1,1,1,0
76.05,1,1,1,0
76.1,1,1,1,0
76.15,1,1,1,0
76.2,1,1,1,0
76.25,1,1,1,0
76.3,1,1,1,0
76.35,1,1,1,0
76.4,1,1,1,0
76.45,1,1,1,0
76.5,1,1,1,0
76.55,1,1,1,0
76.6,1,1,1,0
76.65,1,1,1,0
76.7,1,1,1,0
76.75,1,1,1,0
76.8,1,1,1,0
76.85,1,1,1,0
76.9,1,1,1,0
76.95,1,1,1,0
77,1,1,1,0
77.05,1,1,1,0
77.1,1,1,1,0
77.15,1,1,1,0
77.2,1,1,1,0
77.25,1,1,1,0
77.3,1,1,1,0
77.35,1,1,1,0
77.4,1,1,1,0
77.45,1,1,1,0
77.5,1,1,1,0
77.55,1,1,1,0
77.6,1,1,1,0
77.65,1,1,1,0
77.7,1,1,1,0
77.75,1,1,1,0
77.8,1,1,1,0
77.85,1,1,1,0
77.9,1,1,1,0
77.95,1,1,1,0
78,1,1,1,0
78.05,1,1,1,0
78.1,1,1,1,0
78.15,1,1,1,0
78.2,1,1,1,0
78.25,1,1,1,0
78.3,1,1,1,0
78.35,1,1,1,0
78.4,1,1,1,0
78.45,1,1,1,0
78.5,1,1,1,0
78.55,1,1,1,0
78.6,1,1,1,0
78.65,1,1,1,0
78.7,1,1,1,0
78.75,1,1,1,0
78.8,1,1,1,0
78.85,1,1,1,0
78.9,1,1,1,0
78.95,1,1,1,0
79,1,1,1,0
79.05,1,1,1,0
79.1,1,1,1,0
79.15,1,1,1,0
79.2,1,1,1,0
79.25,1,1,1,0
79.3,1,1,1,0
79.35,1,1,1,0
79.4,1,1,1,0
79.45,1,1,1,0
79.5,1,1,1,0
79.55,1,1,1,0
79.6,1,1,1,0
79.65,1,1,1,0
79.7,1,1,1,0
79.75,1,1,1,0
79.8,1,1,1,0
79.85,1,1,1,0
79.9,1,1,1,0
79.95,1,1,1,0
80,1,1,1,0
80.05,1,1,1,0
80.1,1,1,1,0
80.15,1,1,1,0
80.2,1,1,1,0
80.25,1,1,1,0
80.3,1,1,1,0
80.35,1,1,1,0
80.4,1,1,1,0
80.45,1,1,1,0
80.5,1,1,1,0
80.55,1,1,1,0
80.6,1,1,1,0
80.65,1,1,1,0
80.7,1,1,1,0
80.75,1,1,1,0
80.8,1,1,1,0
80.85,1,1,1,0
80.9,1,1,1,0
80.95,1,1,1,0
81,1,1,1,0
81.05,1,1,1,0
81.1,1,1,1,0
81.15,1,1,1,0
81.2,1,1,1,0
81.25,1,1,1,0
81.3,1,1,1,0
81.35,1,1,1,0
81.4,1,1,1,0
81.45,1,1,1,0
81.5,1,1,1,0
81.55,1,1,1,0
81.6,1,1,1,0
81.65,1,1,1,0
81.7,1,1,1,0
81.75,1,1,1,0
81.8,1,1,1,0
81.85,1,1,1,0
81.9,1,1,1,0
81.95,1,1,1,0
82,1,1,1,0
82.05,1,1,1,0
82.1,1,1,1,0
82.15,1,1,1,0
82.2,1,1,1,0
82.25,1,1,1,0
82.3,1,1,1,0
82.35,1,1,1,0
82.4,1,1,1,0
82.45,1,1,1,0
82.5,1,1,1,0
82.55,1,1,1,0
82.6,1,1,1,0
82.65,1,1,1,0
82.7,1,1,1,0
82.75,1,1,1,0
82.8,1,1,1,0
82.85,1,1,1,0
82.9,1,1,1,0
82.95,1,1,1,0
83,1,1,1,0
83.05,1,1,1,0
83.1,1,1,1,0
83.15,1,1,1,0
83.2,1,1,1,0
83.25,1,1,1,0
83.3,1,1,1,0
83.35,1,1,1,0
83.4,1,1,1,0
83.45,1,1,1,0
83.5,1,1,1,0
83.55,1,1,1,0
83.6,1,1,1,0
83.65,1,1,1,0
83.7,1,1,1,0
83.75,1,1,1,0
83.8,1,1,1,0
83.85,1,1,1,0
83.9,1,1,1,0
83.95,1,1,1,0
84,1,1,1,0
84.05,1,1,1,0
84.1,1,1,1,0
84.15,1,1,1,0
84.2,1,1,1,0
84.25,1,1,1,0
84.3,1,1,1,0
84.35,1,1,1,0
84.4,1,1,1,0
84.45,1,1,1,0
84.5,1,1,1,0
84.55,1,1,1,0
84.6,1,1,1,0
84.65,1,1,1,0
84.7,1,1,1,0
84.75,1,1,1,0
84.8,1,1,1,0
84.85,1,1,1,0
84.9,1,1,1,0
84.95,1,1,1,0
85,1,1,1,-2.98E-13
85.05,1,1,1,0.005
85.1,1,1,1,0.01
85.15,1,1,1,0.015
85.2,1,1,1,0.02
85.25,1,1,1,0.025
85.3,1,1,1,0.03
85.35,1,1,1,0.035
85.4,1,1,1,0.04
85.45,1,1,1,0.045
85.5,1,1,1,0.05
85.55,1,1,1,0.055
85.6,1,1,1,0.06
85.65,1,1,1,0.065
85.7,1,1,1,0.07
85.75,1,1,1,0.075
85.8,1,1,1,0.08
85.85,1,1,1,0.085
85.9,1,1,1,0.09
85.95,1,1,1,0.095
86,1,1,1,0.1
86.05,1,1,1,0.105
86.1,1,1,1,0.11
86.15,1,1,1,0.115
86.2,1,1,1,0.12
86.25,1,1,1,0.125
86.3,1,1,1,0.13
86.35,1,1,1,0.135
86.4,1,1,1,0.14
86.45,1,1,1,0.145
86.5,1,1,1,0.15
86.55,1,1,1,0.155
86.6,1,1,1,0.16
86.65,1,1,1,0.165
86.7,1,1,1,0.17
86.75,1,1,1,0.175
86.8,1,1,1,0.18
86.85,1,1,1,0.185
86.9,1,1,1,0.19
86.95,1,1,1,0.195
87,1,1,1,0.2
87.05,1,1,1,0.205
87.1,1,1,1,0.21
87.15,1,1,1,0.215
87.2,1,1,1,0.22
87.25,1,1,1,0.225
87.3,1,1,1,0.23
87.35,1,1,1,0.235
87.4,1,1,1,0.24
87.45,1,1,1,0.245
87.5,1,1,1,0.25
87.55,1,1,1,0.255
87.6,1,1,1,0.26
87.65,1,1,1,0.265
87.7,1,1,1,0.27
87.75,1,1,1,0.275
87.8,1,1,1,0.28
87.85,1,1,1,0.285
87.9,1,1,1,0.29
87.95,1,1,1,0.295
88,1,1,1,0.3
88.05,1,1,1,0.305
88.1,1,1,1,0.31
88.15,1,1,1,0.315
88.2,1,1,1,0.32
88.25,1,1,1,0.325
88.3,1,1,1,0.33
88.35,1,1,1,0.335
88.4,1,1,1,0.34
88.45,1,1,1,0.345
88.5,1,1,1,0.35
88.55,1,1,1,0.355
88.6,1,1,1,0.36
88.65,1,1,1,0.365
88.7,1,1,1,0.37
88.75,1,1,1,0.375
88.8,1,1,1,0.38
88.85,1,1,1,0.385
88.9,1,1,1,0.39
88.95,1,1,1,0.395
89,1,1,1,0.4
89.05,1,1,1,0.405
89.1,1,1,1,0.41
89.15,1,1,1,0.415
89.2,1,1,1,0.42
89.25,1,1,1,0.425
89.3,1,1,1,0.43
89.35,1,1,1,0.435
89.4,1,1,1,0.44
89.45,1,1,1,0.445
89.5,1,1,1,0.45
89.55,1,1,1,0.455
89.6,1,1,1,0.46
89.65,1,1,1,0.465
89.7,1,1,1,0.47
89.75,1,1,1,0.475
89.8,1,1,1,0.48
89.85,1,1,1,0.485
89.9,1,1,1,0.49
89.95,1,1,1,0.495
90,1,1,1,0.5
90.05,1,1,1,0.505
90.1,1,1,1,0.51
90.15,1,1,1,0.515
90.2,1,1,1,0.52
90.25,1,1,1,0.525
90.3,1,1,1,0.53
90.35,1,1,1,0.535
90.4,1,1,1,0.54
90.45,1,1,1,0.545
90.5,1,1,1,0.55
90.55,1,1,1,0.555
90.6,1,1,1,0.56
90.65,1,1,1,0.565
90.7,1,1,1,0.57
90.75,1,1,1,0.575
90.8,1,1,1,0.58
90.85,1,1,1,0.585
90.9,1,1,1,0.59
90.95,1,1,1,0.595
91,1,1,1,0.6
91.05,1,1,1,0.605
91.1,1,1,1,0.61
91.15,1,1,1,0.615
91.2,1,1,1,0.62
91.25,1,1,1,0.625
91.3,1,1,1,0.63
91.35,1,1,1,0.635
91.4,1,1,1,0.64
91.45,1,1,1,0.645
91.5,1,1,1,0.65
91.55,1,1,1,0.655
91.6,1,1,1,0.66
91.65,1,1,1,0.665
91.7,1,1,1,0.67
91.75,1,1,1,0.675
91.8,1,1,1,0.68
91.85,1,1,1,0.685
91.9,1,1,1,0.69
91.95,1,1,1,0.695
92,1,1,1,0.7
92.05,1,1,1,0.705
92.1,1,1,1,0.71
92.15,1,1,1,0.715
92.2,1,1,1,0.72
92.25,1,1,1,0.725
92.3,1,1,1,0.73
92.35,1,1,1,0.735
92.4,1,1,1,0.74
92.45,1,1,1,0.745
92.5,1,1,1,0.75
92.55,1,1,1,0.755
92.6,1,1,1,0.76
92.65,1,1,1,0.765
92.7,1,1,1,0.77
92.75,1,1,1,0.775
92.8,1,1,1,0.78
92.85,1,1,1,0.785
92.9,1,1,1,0.79
92.95,1,1,1,0.795
93,1,1,1,0.8
93.05,1,1,1,0.805
93.1,1,1,1,0.81
93.15,1,1,1,0.815
93.2,1,1,1,0.82
93.25,1,1,1,0.825
93.3,1,1,1,0.83
93.35,1,1,1,0.835
93.4,1,1,1,0.84
93.45,1,1,1,0.845
93.5,1,1,1,0.85
93.55,1,1,1,0.855
93.6,1,1,1,0.86
93.65,1,1,1,0.865
93.7,1,1,1,0.87
93.75,1,1,1,0.875
93.8,1,1,1,0.88
93.85,1,1,1,0.885
93.9,1,1,1,0.89
93.95,1,1,1,0.895
94,1,1,1,0.9
94.05,1,1,1,0.905
94.1,1,1,1,0.91
94.15,1,1,1,0.915
94.2,1,1,1,0.92
94.25,1,1,1,0.925
94.3,1,1,1,0.93
94.35,1,1,1,0.935
94.4,1,1,1,0.94
94.45,1,1,1,0.945
94.5,1,1,1,0.95
94.55,1,1,1,0.955
94.6,1,1,1,0.96
94.65,1,1,1,0.965
94.7,1,1,1,0.97
94.75,1,1,1,0.975
94.8,1,1,1,0.98
94.85,1,1,1,0.985
94.9,1,1,1,0.99
94.95,1,1,1,0.995
95,1,1,1,1
95.05,1,1,1,1
95.1,1,1,1,1
95.15,1,1,1,1
95.2,1,1,1,1
95.25,1,1,1,1
95.3,1,1,1,1
95.35,1,1,1,1
95.4,1,1,1,1
95.45,1,1,1,1
95.5,1,1,1,1
95.55,1,1,1,1
95.6,1,1,1,1
95.65,1,1,1,1
95.7,1,1,1,1
95.75,1,1,1,1
95.8,1,1,1,1
95.85,1,1,1,1
95.9,1,1,1,1
95.95,1,1,1,1
96,1,1,1,1
96.05,1,1,1,1
96.1,1,1,1,1
96.15,1,1,1,1
96.2,1,1,1,1
96.25,1,1,1,1
96.3,1,1,1,1
96.35,1,1,1,1
96.4,1,1,1,1
96.45,1,1,1,1
96.5,1,1,1,1
96.55,1,1,1,1
96.6,1,1,1,1
96.65,1,1,1,1
96.7,1,1,1,1
96.75,1,1,1,1
96.8,1,1,1,1
96.85,1,1,1,1
96.9,1,1,1,1
96.95,1,1,1,1
97,1,1,1,1
97.05,1,1,1,1
97.1,1,1,1,1
97.15,1,1,1,1
97.2,1,1,1,1
97.25,1,1,1,1
97.3,1,1,1,1
97.35,1,1,1,1
97.4,1,1,1,1
97.45,1,1,1,1
97.5,1,1,1,1
97.55,1,1,1,1
97.6,1,1,1,1
97.65,1,1,1,1
97.7,1,1,1,1
97.75,1,1,1,1
97.8,1,1,1,1
97.85,1,1,1,1
97.9,1,1,1,1
97.95,1,1,1,1
98,1,1,1,1
98.05,1,1,1,1
98.1,1,1,1,1
98.15,1,1,1,1
98.2,1,1,1,1
98.25,1,1,1,1
98.3,1,1,1,1
98.35,1,1,1,1
98.4,1,1,1,1
98.45,1,1,1,1
98.5,1,1,1,1
98.55,1,1,1,1
98.6,1,1,1,1
98.65,1,1,1,1
98.7,1,1,1,1
98.75,1,1,1,1
98.8,1,1,1,1
98.85,1,1,1,1
98.9,1,1,1,1
98.95,1,1,1,1
99,1,1,1,1
99.05,1,1,1,1
99.1,1,1,1,1
99.15,1,1,1,1
99.2,1,1,1,1
99.25,1,1,1,1
99.3,1,1,1,1
99.35,1,1,1,1
99.4,1,1,1,1
99.45,1,1,1,1
99.5,1,1,1,1
99.55,1,1,1,1
99.6,1,1,1,1
99.65,1,1,1,1
99.7,1,1,1,1
99.75,1,1,1,1
99.8,1,1,1,1
99.85,1,1,1,1
99.9,1,1,1,1
99.95,1,1,1,1
100,1,1,1,1
100.05,1,1,1,1
100.1,1,1,1,1
100.15,1,1,1,1
100.2,1,1,1,1
100.25,1,1,1,1
100.3,1,1,1,1
100.35,1,1,1,1
100.4,1,1,1,1
100.45,1,1,1,1
100.5,1,1,1,1
100.55,1,1,1,1
100.6,1,1,1,1
100.65,1,1,1,1
100.7,1,1,1,1
100.75,1,1,1,1
100.8,1,1,1,1
100.85,1,1,1,1
100.9,1,1,1,1
100.95,1,1,1,1
101,1,1,1,1
101.05,1,1,1,1
101.1,1,1,1,1
101.15,1,1,1,1
101.2,1,1,1,1
101.25,1,1,1,1
101.3,1,1,1,1
101.35,1,1,1,1
101.4,1,1,1,1
101.45,1,1,1,1
101.5,1,1,1,1
101.55,1,1,1,1
101.6,1,1,1,1
101.65,1,1,1,1
101.7,1,1,1,1
101.75,1,1,1,1
101.8,1,1,1,1
101.85,1,1,1,1
101.9,1,1,1,1
101.95,1,1,1,1
102,1,1,1,1
102.05,1,1,1,1
102.1,1,1,1,1
102.15,1,1,1,1
102.2,1,1,1,1
102.25,1,1,1,1
102.3,1,1,1,1
102.35,1,1,1,1
102.4,1,1,1,1
102.45,1,1,1,1
102.5,1,1,1,1
102.55,1,1,1,1
102.6,1,1,1,1
102.65,1,1,1,1
102.7,1,1,1,1
102.75,1,1,1,1
102.8,1,1,1,1
102.85,1,1,1,1
102.9,1,1,1,1
102.95,1,1,1,1
103,1,1,1,1
103.05,1,1,1,1
103.1,1,1,1,1
103.15,1,1,1,1
103.2,1,1,1,1
103.25,1,1,1,1
103.3,1,1,1,1
103.35,1,1,1,1
103.4,1,1,1,1
103.45,1,1,1,1
103.5,1,1,1,1
103.55,1,1,1,1
103.6,1,1,1,1
103.65,1,1,1,1
103.7,1,1,1,1
103.75,1,1,1,1
103.8,1,1,1,1
103.85,1,1,1,1
103.9,1,1,1,1
103.95,1,1,1,1
104,1,1,1,1
104.05,1,1,1,1
104.1,1,1,1,1
104.15,1,1,1,1
104.2,1,1,1,1
104.25,1,1,1,1
104.3,1,1,1,1
104.35,1,1,1,1
104.4,1,1,1,1
104.45,1,1,1,1
104.5,1,1,1,1
104.55,1,1,1,1
104.6,1,1,1,1
104.65,1,1,1,1
104.7,1,1,1,1
104.75,1,1,1,1
104.8,1,1,1,1
104.85,1,1,1,1
104.9,1,1,1,1
104.95,1,1,1,1
105,1,1,1,1
105.05,1,1,1,1
105.1,1,1,1,1
105.15,1,1,1,1
105.2,1,1,1,1
105.25,1,1,1,1
105.3,1,1,1,1
105.35,1,1,1,1
105.4,1,1,1,1
105.45,1,1,1,1
105.5,1,1,1,1
105.55,1,1,1,1
105.6,1,1,1,1
105.65,1,1,1,1
105.7,1,1,1,1
105.75,1,1,1,1
105.8,1,1,1,1
105.85,1,1,1,1
105.9,1,1,1,1
105.95,1,1,1,1
106,1,1,1,1
106.05,1,1,1,1
106.1,1,1,1,1
106.15,1,1,1,1
106.2,1,1,1,1
106.25,1,1,1,1
106.3,1,1,1,1
106.35,1,1,1,1
106.4,1,1,1,1
106.45,1,1,1,1
106.5,1,1,1,1
106.55,1,1,1,1
106.6,1,1,1,1
106.65,1,1,1,1
106.7,1,1,1,1
106.75,1,1,1,1
106.8,1,1,1,1
106.85,1,1,1,1
106.9,1,1,1,1
106.95,1,1,1,1
107,1,1,1,1
107.05,1,1,1,1
107.1,1,1,1,1
107.15,1,1,1,1
107.2,1,1,1,1
107.25,1,1,1,1
107.3,1,1,1,1
107.35,1,1,1,1
107.4,1,1,1,1
107.45,1,1,1,1
107.5,1,1,1,1
107.55,1,1,1,1
107.6,1,1,1,1
107.65,1,1,1,1
107.7,1,1,1,1
107.75,1,1,1,1
107.8,1,1,1,1
107.85,1,1,1,1
107.9,1,1,1,1
107.95,1,1,1,1
108,1,1,1,1
108.05,1,1,1,1
108.1,1,1,1,1
108.15,1,1,1,1
108.2,1,1,1,1
108.25,1,1,1,1
108.3,1,1,1,1
108.35,1,1,1,1
108.4,1,1,1,1
108.45,1,1,1,1
108.5,1,1,1,1
108.55,1,1,1,1
108.6,1,1,1,1
108.65,1,1,1,1
108.7,1,1,1,1
108.75,1,1,1,1
108.8,1,1,1,1
108.85,1,1,1,1
108.9,1,1,1,1
108.95,1,1,1,1
109,1,1,1,1
109.05,1,1,1,1
109.1,1,1,1,1
109.15,1,1,1,1
109.2,1,1,1,1
109.25,1,1,1,1
109.3,1,1,1,1
109.35,1,1,1,1
109.4,1,1,1,1
109.45,1,1,1,1
109.5,1,1,1,1
109.55,1,1,1,1
109.6,1,1,1,1
109.65,1,1,1,1
109.7,1,1,1,1
109.75,1,1,1,1
109.8,1,1,1,1
109.85,1,1,1,1
109.9,1,1,1,1
109.95,1,1,1,1
110,1,1,1,1
110.05,1,1,1,1
110.1,1,1,1,1
110.15,1,1,1,1
110.2,1,1,1,1
110.25,1,1,1,1
110.3,1,1,1,1
110.35,1,1,1,1
110.4,1,1,1,1
110.45,1,1,1,1
110.5,1,1,1,1
110.55,1,1,1,1
110.6,1,1,1,1
110.65,1,1,1,1
110.7,1,1,1,1
110.75,1,1,1,1
110.8,1,1,1,1
110.85,1,1,1,1
110.9,1,1,1,1
110.95,1,1,1,1
111,1,1,1,1
111.05,1,1,1,1
111.1,1,1,1,1
111.15,1,1,1,1
111.2,1,1,1,1
111.25,1,1,1,1
111.3,1,1,1,1
111.35,1,1,1,1
111.4,1,1,1,1
111.45,1,1,1,1
111.5,1,1,1,1
111.55,1,1,1,1
111.6,1,1,1,1
111.65,1,1,1,1
111.7,1,1,1,1
111.75,1,1,1,1
111.8,1,1,1,1
111.85,1,1,1,1
111.9,1,1,1,1
111.95,1,1,1,1
112,1,1,1,1
112.05,1,1,1,1
112.1,1,1,1,1
112.15,1,1,1,1
112.2,1,1,1,1
112.25,1,1,1,1
112.3,1,1,1,1
112.35,1,1,1,1
112.4,1,1,1,1
112.45,1,1,1,1
112.5,1,1,1,1
112.55,1,1,1,1
112.6,1,1,1,1
112.65,1,1,1,1
112.7,1,1,1,1
112.75,1,1,1,1
112.8,1,1,1,1
112.85,1,1,1,1
112.9,1,1,1,1
112.95,1,1,1,1
113,1,1,1,1
113.05,1,1,1,1
113.1,1,1,1,1
113.15,1,1,1,1
113.2,1,1,1,1
113.25,1,1,1,1
113.3,1,1,1,1
113.35,1,1,1,1
113.4,1,1,1,1
113.45,1,1,1,1
113.5,1,1,1,1
113.55,1,1,1,1
113.6,1,1,1,1
113.65,1,1,1,1
113.7,1,1,1,1
113.75,1,1,1,1
113.8,1,1,1,1
113.85,1,1,1,1
113.9,1,1,1,1
113.95,1,1,1,1
114,1,1,1,1
114.05,1,1,1,1
114.1,1,1,1,1
114.15,1,1,1,1
114.2,1,1,1,1
114.25,1,1,1,1
114.3,1,1,1,1
114.35,1,1,1,1
114.4,1,1,1,1
114.45,1,1,1,1
114.5,1,1,1,1
114.55,1,1,1,1
114.6,1,1,1,1
114.65,1,1,1,1
114.7,1,1,1,1
114.75,1,1,1,1
114.8,1,1,1,1
114.85,1,1,1,1
114.9,1,1,1,1
114.95,1,1,1,1
115,1,1,1,1
115.05,1,1,1,1
115.1,1,1,1,1
115.15,1,1,1,1
115.2,1,1,1,1
115.25,1,1,1,1
115.3,1,1,1,1
115.35,1,1,1,1
115.4,1,1,1,1
115.45,1,1,1,1
115.5,1,1,1,1
115.55,1,1,1,1
115.6,1,1,1,1
115.65,1,1,1,1
115.7,1,1,1,1
115.75,1,1,1,1
115.8,1,1,1,1
115.85,1,1,1,1
115.9,1,1,1,1
115.95,1,1,1,1
116,1,1,1,1
116.05,1,1,1,1
116.1,1,1,1,1
116.15,1,1,1,1
116.2,1,1,1,1
116.25,1,1,1,1
116.3,1,1,1,1
116.35,1,1,1,1
116.4,1,1,1,1
116.45,1,1,1,1
116.5,1,1,1,1
116.55,1,1,1,1
116.6,1,1,1,1
116.65,1,1,1,1
116.7,1,1,1,1
116.75,1,1,1,1
116.8,1,1,1,1
116.85,1,1,1,1
116.9,1,1,1,1
116.95,1,1,1,1
117,1,1,1,1
117.05,1,1,1,1
117.1,1,1,1,1
117.15,1,1,1,1
117.2,1,1,1,1
117.25,1,1,1,1
117.3,1,1,1,1
117.35,1,1,1,1
117.4,1,1,1,1
117.45,1,1,1,1
117.5,1,1,1,1
117.55,1,1,1,1
117.6,1,1,1,1
117.65,1,1,1,1
117.7,1,1,1,1
117.75,1,1,1,1
117.8,1,1,1,1
117.85,1,1,1,1
117.9,1,1,1,1
117.95,1,1,1,1
118,1,1,1,1
118.05,1,1,1,1
118.1,1,1,1,1
118.15,1,1,1,1
118.2,1,1,1,1
118.25,1,1,1,1
118.3,1,1,1,1
118.35,1,1,1,1
118.4,1,1,1,1
118.45,1,1,1,1
118.5,1,1,1,1
118.55,1,1,1,1
118.6,1,1,1,1
118.65,1,1,1,1
118.7,1,1,1,1
118.75,1,1,1,1
118.8,1,1,1,1
118.85,1,1,1,1
118.9,1,1,1,1
118.95,1,1,1,1
119,1,1,1,1
119.05,1,1,1,1
119.1,1,1,1,1
119.15,1,1,1,1
119.2,1,1,1,1
119.25,1,1,1,1
119.3,1,1,1,1
119.35,1,1,1,1
119.4,1,1,1,1
119.45,1,1,1,1
119.5,1,1,1,1
119.55,1,1,1,1
119.6,1,1,1,1
119.65,1,1,1,1
119.7,1,1,1,1
119.75,1,1,1,1
119.8,1,1,1,1
119.85,1,1,1,1
119.9,1,1,1,1
119.95,1,1,1,1
120,1,1,1,1
