"time","PistonPosition","ExtendPressure","RetractPressure","ExtendFlow","RetractFlow"
0,0,33.78533656,67.56267311,-1.476738893,-2.191575228
0.01,-8.48E-06,33.59163888,67.0838668,-0.258407988,-1.439098391
0.02,0.000507869,33.53429256,66.93942144,-0.074037327,-0.168449228
0.03,0.000929145,33.51038932,66.9358116,-0.008203442,0.018696985
0.04,0.001181522,33.49877704,66.94641442,-0.010130572,0.0241141
0.05,0.001309569,33.49082956,66.95570197,-0.01502827,0.028984965
0.06,0.001342665,33.48526629,66.96436043,-0.019187493,0.033079407
0.07,0.001301687,33.48167508,66.97240175,-0.021470506,0.035268189
0.08,0.001205221,33.47981919,66.9797039,-0.022034311,0.035715937
0.09,0.001070225,33.47944588,66.98619469,-0.021250566,0.034801491
0.1,0.000911622,33.48028792,66.9918577,-0.01946439,0.032876066
0.11,0.000742058,33.48208205,66.99671787,-0.01698359,0.030252687
0.12,0.000571834,33.48458055,67.00083062,-0.014079114,0.027206484
0.13,0.000408964,33.4875588,67.00427274,-0.010981204,0.023970959
0.14,0.000259316,33.49082034,67.00713413,-0.0078775,0.020735974
0.15,0.000126831,33.49419957,67.00951075,-0.00491368,0.017648823
0.16,1.37692E-05,33.49756241,67.01149886,-0.002196255,0.01481674
0.17,-7.90151E-05,33.50080546,67.01319047,0.000203634,0.012311146
0.18,-0.000151796,33.50385382,67.01467007,0.002245512,0.010172315
0.19,-0.000205709,33.5066582,67.01601241,0.003914543,0.008414525
0.2,-0.000242508,33.50919137,67.01728127,0.005216456,0.007031259
0.21,-0.00026434,33.51144452,67.01852894,0.006172655,0.006000178
0.22,-0.000273563,33.51342349,67.01979643,0.006815707,0.005287716
0.23,-0.000272586,33.51514522,67.0211141,0.007185311,0.004853123
0.24,-0.000263747,33.51663445,67.02250265,0.007324899,0.004652038
0.25,-0.000249222,33.51792087,67.02397435,0.007278741,0.004639255
0.26,-0.00023096,33.5190366,67.02553436,0.007089749,0.004771071
0.27,-0.000210644,33.52001415,67.02718212,0.006797786,0.005006943
0.28,-0.000189674,33.52088489,67.02891263,0.006438507,0.005310641
0.29,-0.000169164,33.52167779,67.03071769,0.00604267,0.005650979
0.3,-0.000149958,33.52241867,67.03258704,0.005635808,0.006002096
0.31,-0.000132649,33.52312969,67.03450924,0.005238213,0.006343438
0.32,-0.000117608,33.52382919,67.03647252,0.0048652,0.006659556
0.33,-0.00010502,33.52453164,67.03846535,0.004527524,0.00693968
0.34,-9.49139E-05,33.5252479,67.04047697,0.004231861,0.007177067
0.35,-8.71968E-05,33.5259855,67.04249769,0.00398147,0.00736852
0.36,-8.16874E-05,33.52674907,67.0445191,0.003776804,0.007513714
0.37,-7.81427E-05,33.52754075,67.04653418,0.003616078,0.00761449
0.38,-7.62839E-05,33.52836066,67.04853731,0.003495896,0.007674358
0.39,-7.58166E-05,33.52920737,67.05052422,0.003411767,0.007697956
0.4,-7.64488E-05,33.53007829,67.05249189,0.003358535,0.007690537
0.41,-7.79031E-05,33.53097006,67.05443839,0.003330799,0.007657648
0.42,-7.99267E-05,33.5318789,67.05636276,0.003323181,0.007604739
0.43,-8.2297E-05,33.53280085,67.05826481,0.003330601,0.007536996
0.44,-8.48261E-05,33.53373201,67.06014497,0.003348428,0.007459114
0.45,-8.73605E-05,33.53466871,67.06200415,0.003372608,0.007375241
0.46,-8.97811E-05,33.53560762,67.06384355,0.003399667,0.007288793
0.47,-9.20009E-05,33.53654583,67.06566457,0.003426848,0.007202671
0.48,-9.39618E-05,33.5374809,67.06746871,0.003451972,0.007119034
0.49,-9.56307E-05,33.53841086,67.06925747,0.003473449,0.007039453
0.5,-9.69953E-05,33.5393342,67.07103227,0.003490251,0.006965026
0.51,-9.80602E-05,33.54024985,67.07279443,0.003501774,0.00689632
0.52,-9.8843E-05,33.54115708,67.07454512,0.003507781,0.006833483
0.53,-9.93701E-05,33.54205554,67.07628533,0.003508413,0.006776503
0.54,-9.96739E-05,33.54294513,67.07801591,0.003503968,0.006724977
0.55,-9.97898E-05,33.54382596,67.0797375,0.003494941,0.006678399
0.56,-9.9754E-05,33.54469832,67.08145061,0.003481928,0.006636152
0.57,-9.96015E-05,33.5455626,67.0831556,0.003465593,0.00659759
0.58,-9.93648E-05,33.54641929,67.08485269,0.003446611,0.006562059
0.59,-9.90731E-05,33.54726888,67.08654201,0.003425581,0.006528818
0.6,-9.87514E-05,33.54811189,67.08822359,0.003403132,0.006497325
0.61,-9.84206E-05,33.54894882,67.08989742,0.003379783,0.006467013
0.62,-9.80972E-05,33.54978012,67.09156341,0.003356003,0.006437436
0.63,-9.77939E-05,33.55060619,67.09322145,0.003332166,0.006408197
0.64,-9.75193E-05,33.55142741,67.09487143,0.003308578,0.006378999
0.65,-9.72789E-05,33.55224405,67.09651321,0.003285453,0.006349587
0.66,-9.70754E-05,33.55305637,67.09814667,0.003262958,0.006319818
0.67,-9.69092E-05,33.55386455,67.0997717,0.003241192,0.006289594
0.68,-9.67788E-05,33.55466871,67.1013882,0.0032202,0.006258862
0.69,-9.66816E-05,33.55546896,67.10299609,0.003199989,0.006227619
0.7,-9.66137E-05,33.55626535,67.10459531,0.00318053,0.006195891
0.71,-9.65711E-05,33.5570579,67.10618582,0.00316177,0.006163731
0.72,-9.65493E-05,33.55784661,67.10776762,0.00314364,0.00613121
0.73,-9.65438E-05,33.55863147,67.10934069,0.003126061,0.006098405
0.74,-9.65506E-05,33.55941245,67.11090506,0.003108953,0.006065395
0.75,-9.65658E-05,33.56018951,67.11246076,0.003092235,0.006032267
0.76,-9.65862E-05,33.56096262,67.11400783,0.003075832,0.005999098
0.77,-9.6609E-05,33.56173175,67.11554632,0.00305967,0.005965949
0.78,-9.66318E-05,33.56249685,67.1170763,0.003043691,0.00593289
0.79,-9.66529E-05,33.5632579,67.11859782,0.003027837,0.005899954
0.8,-9.6671E-05,33.56401488,67.12011095,0.003012074,0.005867203
0.81,-9.66852E-05,33.56476778,67.12161575,0.002996378,0.005834681
0.82,-9.66951E-05,33.56551659,67.1231123,0.002980706,0.005802375
0.83,-9.67006E-05,33.5662613,67.12460066,0.002965044,0.005770303
0.84,-9.67016E-05,33.56700193,67.12608089,0.002949392,0.005738492
0.85,-9.66984E-05,33.56773848,67.12755305,0.002933747,0.005706941
0.86,-9.66915E-05,33.56847098,67.12901719,0.00291811,0.005675652
0.87,-9.66814E-05,33.56919944,67.13047338,0.002902478,0.005644601
0.88,-9.66684E-05,33.56992388,67.13192167,0.002886857,0.005613777
0.89,-9.66533E-05,33.57064433,67.1333621,0.002871264,0.005583189
0.9,-9.66366E-05,33.57136081,67.13479473,0.002855708,0.005552822
0.91,-9.66186E-05,33.57207336,67.13621959,0.002840196,0.005522665
0.92,-9.65999E-05,33.57278201,67.13763673,0.002824737,0.005492704
0.93,-9.65807E-05,33.57348677,67.1390462,0.002809329,0.005462907
0.94,-9.65616E-05,33.57418768,67.14044803,0.002794,0.005433308
0.95,-9.65426E-05,33.57488477,67.14184226,0.002778749,0.005403883
0.96,-9.65239E-05,33.57557807,67.14322894,0.002763573,0.005374611
0.97,-9.65058E-05,33.57626759,67.14460809,0.002748478,0.005345489
0.98,-9.64882E-05,33.57695336,67.14597977,0.002733474,0.005316527
0.99,-9.64712E-05,33.57763541,67.147344,0.002718558,0.005287713
1,-9.64549E-05,33.57831376,67.14870083,0.002703731,0.005259043
1.01,-8.45486E-05,33.58593193,67.14269208,0.13114645,-0.123168327
1.02,0.000399304,33.6876525,67.03097431,0.963403324,-0.954906867
1.03,0.00332329,33.99391867,66.66234456,2.368014514,-2.357490952
1.04,0.01128538,34.41372458,66.08119537,3.383811618,-3.364758067
1.05,0.025493461,34.85687771,65.35848934,4.413912661,-4.379824316
1.06,0.046577654,35.29494116,64.51328331,5.400530948,-5.342080371
1.07,0.074843799,35.70220043,63.56879436,6.320570374,-6.225873318
1.08,0.110311587,36.05989205,62.5472037,7.164832285,-7.020085318
1.09,0.152781691,36.3561017,61.46828071,7.930791504,-7.721071253
1.1,0.201900291,36.58461335,60.34911228,8.619763809,-8.329837481
1.11,0.257213464,36.7436214,59.2041779,9.235375743,-8.85042526
1.12,0.318210201,36.83455764,58.04555516,9.782588664,-9.28879098
1.13,0.384355628,36.86109426,56.8831739,10.26703694,-9.65198429
1.14,0.455115002,36.82834823,55.72508168,10.69459347,-9.947552021
1.15,0.529970781,36.74226013,54.57770331,11.0710777,-10.18310718
1.16,0.608433988,36.60912803,53.44608347,11.40207028,-10.36603029
1.17,0.690051098,36.43527316,52.33410609,11.69280334,-10.50327524
1.18,0.774407723,36.22680572,51.24469102,11.94810042,-10.60125208
1.19,0.861129789,35.9894741,50.17996507,12.17235295,-10.6657695
1.2,0.949883073,35.72857361,49.1414102,12.36951893,-10.70201808
1.21,1.040371553,35.4489012,48.12998935,12.54313693,-10.71458286
1.22,1.132335039,35.15474242,47.14625245,12.69634912,-10.70747443
1.23,1.225546364,34.84988086,46.1904247,12.83192918,-10.68417139
1.24,1.319808402,34.53762222,45.26247939,12.95231327,-10.64766867
1.25,1.414951036,34.22082733,44.36219734,13.05963032,-10.60052771
1.26,1.510828213,33.90195018,43.4892152,13.15573445,-10.54492603
1.27,1.607315149,33.58307741,42.64306391,13.24223054,-10.4827045
1.28,1.704305727,33.26596801,41.82319937,13.32050738,-10.41541117
1.29,1.801710113,32.95209131,41.02902655,13.39175719,-10.34434123
1.3,1.899452601,32.64266255,40.25991817,13.45700351,-10.27057292
1.31,1.997469674,32.33867561,39.51522901,13.51712021,-10.19499931
1.32,2.095708291,32.04093296,38.79430671,13.57285105,-10.11835631
1.33,2.194124363,31.75007201,38.09649974,13.62482753,-10.04124698
1.34,2.292681435,31.46658915,37.42116319,13.67358288,-9.964162607
1.35,2.391349517,31.1908604,36.76766276,13.71956795,-9.887500794
1.36,2.490104087,30.92315977,36.13537749,13.76315959,-9.811580935
1.37,2.588925222,30.66367526,35.5237014,13.8046748,-9.736657374
1.38,2.68779685,30.41252239,34.93204442,13.8443777,-9.662930538
1.39,2.786706118,30.16975647,34.35983272,13.88248729,-9.590556325
1.4,2.885642845,29.93538243,33.80650866,13.91918708,-9.519653987
1.41,2.98459906,29.70936375,33.27153045,13.95462607,-9.450312716
1.42,3.083568617,29.49162982,32.75437161,13.98893002,-9.382597136
1.43,3.182546859,29.28208215,32.25452042,14.02219976,-9.316551861
1.44,3.281530347,29.08059996,31.77147916,14.05451942,-9.252205263
1.45,3.380516625,28.88704428,31.30476347,14.08595798,-9.189572587
1.46,3.47950403,28.70126226,30.85390167,14.11657022,-9.128658501
1.47,3.578491528,28.52308976,30.41843409,14.14640255,-9.069459188
1.48,3.677478588,28.35235449,29.99791249,14.17549251,-9.011964054
1.49,3.776465064,28.18887795,29.59189953,14.20386989,-8.95615712
1.5,3.875451111,28.03247739,29.19996826,14.23155962,-8.902018145
1.51,3.974437111,27.88296732,28.82170166,14.25858308,-8.849523538
1.52,4.073423611,27.74016066,28.45669231,14.28495713,-8.798647098
1.53,4.172411278,27.60387,28.10454201,14.31069532,-8.749360597
1.54,4.271400856,27.47390823,27.76486149,14.33581089,-8.701634259
1.55,4.37039314,27.35008939,27.43727022,14.36031479,-8.655437141
1.56,4.469388945,27.23222925,27.1213961,14.3842155,-8.610737437
1.57,4.568389094,27.12014567,26.81687538,14.40752204,-8.56750272
1.58,4.667394397,27.013659,26.52335243,14.43024313,-8.525700135
1.59,4.766405643,26.91259249,26.24047966,14.4523855,-8.48529656
1.6,4.86542359,26.81677244,25.96791736,14.47395634,-8.446258732
1.61,4.964448958,26.72602833,25.70533365,14.49496382,-8.408553344
1.62,5.063482427,26.64019314,25.45240435,14.51541468,-8.372147133
1.63,5.16252463,26.55910338,25.20881293,14.53531547,-8.337006951
1.64,5.261576156,26.48259911,24.97425045,14.55467459,-8.303099817
1.65,5.360637544,26.41052411,24.74841544,14.57349933,-8.270392972
1.66,5.459709287,26.34272585,24.53101389,14.59179662,-8.238853915
1.67,5.558791831,26.27905565,24.32175917,14.60957497,-8.208450444
1.68,5.657885574,26.21936845,24.12037197,14.6268425,-8.179150688
1.69,5.756990871,26.16352301,23.92658021,14.64360679,-8.150923136
1.7,5.856108031,26.11138192,23.74011899,14.6598764,-8.123736659
1.71,5.955237322,26.06281139,23.56073054,14.67566041,-8.097560545
1.72,6.054378972,26.01768139,23.38816411,14.69096712,-8.07236451
1.73,6.153533168,25.97586562,23.2221759,14.70580483,-8.048118725
1.74,6.252700063,25.93724133,23.062529,14.7201835,-8.024793834
1.75,6.351879772,25.90168947,22.90899327,14.73411209,-8.002360972
1.76,6.451072381,25.86909451,22.76134527,14.74759884,-7.98079178
1.77,6.55027794,25.83934443,22.61936817,14.76065396,-7.960058422
1.78,6.649496473,25.81233068,22.48285164,14.7732869,-7.940133596
1.79,6.748727976,25.7879481,22.35159172,14.78550634,-7.920990548
1.8,6.847972418,25.76609498,22.22539079,14.79732204,-7.902603083
1.81,6.947229746,25.74667275,22.10405739,14.8087439,-7.884945571
1.82,7.046499883,25.7295861,21.9874061,14.81978087,-7.867992958
1.83,7.145782733,25.71474301,21.8752575,14.8304422,-7.851720772
1.84,7.245078181,25.70205442,21.76743798,14.84073805,-7.836105129
1.85,7.344386093,25.69143432,21.66377963,14.85067763,-7.821122733
1.86,7.443706321,25.68279973,21.56412016,14.86026941,-7.806750882
1.87,7.543038701,25.6760705,21.46830273,14.86952362,-7.792967468
1.88,7.642383058,25.67116933,21.37617582,14.87844968,-7.779750979
1.89,7.741739202,25.66802167,21.28759316,14.88705549,-7.767080494
1.9,7.841106935,25.66655568,21.20241353,14.89535088,-7.754935683
1.91,7.940486049,25.6667021,21.1205007,14.90334514,-7.743296804
1.92,8.039876328,25.66839419,21.04172323,14.91104639,-7.732144697
1.93,8.139277549,25.67156783,20.96595442,14.91846324,-7.721460781
1.94,8.238689482,25.67616112,20.89307213,14.92560503,-7.711227045
1.95,8.338111894,25.68211458,20.82295867,14.93247986,-7.701426041
1.96,8.437544545,25.68937099,20.75550065,14.93909517,-7.692040879
1.97,8.536987194,25.69787532,20.6905889,14.94546019,-7.683055213
1.98,8.636439596,25.70757464,20.62811832,14.95158286,-7.674453239
1.99,8.735901505,25.71841812,20.56798776,14.95747012,-7.666219682
2,8.835372673,25.73035697,20.51009989,14.96313032,-7.658339787
2.01,8.934855916,25.74550932,20.45322496,15.00815852,-7.670977227
2.02,9.034468863,25.79143362,20.38285114,15.26801327,-7.792547436
2.03,9.134711583,25.90545262,20.27967849,15.72096412,-8.009529014
2.04,9.236334076,26.09271334,20.14163808,16.2511272,-8.261743707
2.05,9.340021504,26.33746533,19.97770166,16.79303134,-8.516216703
2.06,9.446263178,26.62044709,19.79857291,17.32018111,-8.760411694
2.07,9.555353355,26.92528478,19.61326462,17.82104383,-8.989494265
2.08,9.66742942,27.23942254,19.42860055,18.28983135,-9.20147349
2.09,9.782511595,27.55367,19.24946451,18.7238096,-9.395780422
2.1,9.900536451,27.86155849,19.07916021,19.1222094,-9.572695577
2.11,10.02138356,28.15874259,18.91975244,19.48555853,-9.733007305
2.12,10.14489606,28.44249157,18.77236273,19.81522332,-9.877787451
2.13,10.27089613,28.71127565,18.63741415,20.11308774,-10.00824361
2.14,10.39919635,28.96443853,18.51482811,20.38132638,-10.12562251
2.15,10.52960786,29.20194309,18.40417938,20.62224384,-10.23114826
2.16,10.66194595,29.42417736,18.30481526,20.83816339,-10.32598497
2.17,10.79603385,29.63180821,18.21594611,21.0313516,-10.41121596
2.18,10.93170502,29.82567326,18.13671209,21.20397,-10.48783439
2.19,11.06880446,30.00670222,18.06623141,21.35804609,-10.55674125
2.2,11.20718924,30.17586082,18.00363419,21.49545817,-10.61874782
2.21,11.3467285,30.33411193,17.94808516,21.61793002,-10.67458099
2.22,11.48730315,30.48238959,17.89879806,21.72703211,-10.72488979
2.23,11.62880526,30.62158238,17.85504385,21.82418723,-10.77025255
2.24,11.77113741,30.7525237,17.81615459,21.91067862,-10.811184
2.25,11.91421188,30.87598688,17.78152401,21.98765942,-10.8481421
2.26,12.05794985,30.99268393,17.75060609,22.05616424,-10.88153433
2.27,12.20228065,31.10326615,17.72291221,22.11711668,-10.91172343
2.28,12.347141,31.20832661,17.69800742,22.17134442,-10.93903259
2.29,12.49247427,31.30840401,17.67550634,22.21958423,-10.96375001
2.3,12.63822984,31.40398478,17.65506886,22.26249056,-10.98613301
2.31,12.78436246,31.49550908,17.63639575,22.30065191,-11.00641151
2.32,12.93083172,31.58337373,17.6192247,22.33458693,-11.02479131
2.33,13.07760155,31.66793612,17.60332636,22.36476058,-11.04145676
2.34,13.22463971,31.74951812,17.58850068,22.39158507,-11.05657319
2.35,13.37191745,31.82840955,17.57457366,22.41542808,-11.07028906
2.36,13.51940907,31.90487096,17.5613943,22.43661615,-11.08273782
2.37,13.66709164,31.9791372,17.54883187,22.45544086,-11.09403953
2.38,13.81494467,32.05141931,17.53677352,22.47216061,-11.10430233
2.39,13.96294986,32.12190764,17.52512201,22.48700675,-11.11362368
2.4,14.11109088,32.19077332,17.51379384,22.50018396,-11.12209151
2.41,14.25935312,32.25817097,17.50271752,22.51187624,-11.12978522
2.42,14.40772354,32.3242395,17.49183202,22.52224488,-11.13677652
2.43,14.55619049,32.38910453,17.48108544,22.53143686,-11.14313026
2.44,14.70474356,32.45287932,17.47043386,22.53957999,-11.1489051
2.45,14.85337342,32.51566617,17.45984024,22.54679093,-11.15415413
2.46,15.00207176,32.57755728,17.44927357,22.5531707,-11.15892544
2.47,15.15083114,32.63863626,17.43870798,22.55881272,-11.16326259
2.48,15.29964492,32.69897843,17.42812216,22.5637967,-11.16720507
2.49,15.44850714,32.7586522,17.41749864,22.56819739,-11.17078868
2.5,15.5974125,32.81771914,17.4068233,22.57207735,-11.17404591
2.51,15.74635624,32.87623528,17.39608488,22.57549661,-11.17700623
2.52,15.89533412,32.93425112,17.38527459,22.57850427,-11.17969641
2.53,16.04434234,32.99181254,17.37438573,22.58114853,-11.18214074
2.54,16.19337751,33.04896109,17.36341339,22.58346816,-11.18436129
2.55,16.34243659,33.10573453,17.35235417,22.58550186,-11.1863781
2.56,16.49151688,33.16216695,17.34120598,22.58727961,-11.18820942
2.57,16.64061595,33.21828937,17.32996777,22.58883264,-11.1898718
2.58,16.78973164,33.27412982,17.3186394,22.59018421,-11.19138029
2.59,16.93886201,33.3297139,17.30722148,22.59135988,-11.19274861
2.6,17.08800534,33.38506475,17.29571521,22.59237747,-11.1939892
2.61,17.23716009,33.44020341,17.2841223,22.5932576,-11.1951134
2.62,17.38632487,33.49514908,17.27244486,22.59401415,-11.19613153
2.63,17.53549847,33.54991902,17.26068531,22.59466337,-11.19705298
2.64,17.68467979,33.60452901,17.24884629,22.59521598,-11.19788628
2.65,17.83386783,33.65899336,17.23693064,22.59568547,-11.19863922
2.66,17.98306175,33.71332518,17.22494131,22.59607987,-11.19931888
2.67,18.13226074,33.76753628,17.21288132,22.59641021,-11.19993172
2.68,18.28146413,33.82163749,17.20075376,22.59668212,-11.20048361
2.69,18.43067129,33.8756385,17.18856172,22.59690478,-11.2009799
2.7,18.57988168,33.92954836,17.17630825,22.59708246,-11.20142547
2.71,18.7290948,33.983375,17.16399641,22.59722226,-11.20182476
2.72,18.87831022,34.03712595,17.15162914,22.59732777,-11.20218183
2.73,19.02752755,34.09080784,17.13920937,22.59740471,-11.20250037
2.74,19.17674644,34.14442692,17.12673993,22.59745528,-11.20278374
2.75,19.32596659,34.19798858,17.11422357,22.59748435,-11.20303501
2.76,19.47518773,34.25149801,17.10166292,22.5974933,-11.20325699
2.77,19.62440961,34.3049597,17.08906053,22.59748665,-11.20345221
2.78,19.77363202,34.3583781,17.07641886,22.5974648,-11.20362301
2.79,19.92285477,34.41175667,17.06374024,22.59743105,-11.20377152
2.8,20.07207768,34.46509917,17.0510269,22.59738642,-11.20389965
2.81,20.22130063,34.51840864,17.03828097,22.59733312,-11.20400919
2.82,20.37052346,34.57168807,17.0255045,22.59727175,-11.20410173
2.83,20.51974606,34.62493994,17.01269939,22.5972043,-11.20417876
2.84,20.66896833,34.67816683,16.99986748,22.59713111,-11.20424161
2.85,20.81819018,34.73137073,16.98701049,22.59705349,-11.20429151
2.86,20.96741153,34.78455386,16.97413007,22.59697223,-11.20432957
2.87,21.11663231,34.83771786,16.96122776,22.59688774,-11.20435681
2.88,21.26585245,34.89086451,16.94830502,22.59680085,-11.20437417
2.89,21.4150719,34.94399513,16.93536323,22.59671174,-11.20438249
2.9,21.56429061,34.99711127,16.92240366,22.59662133,-11.20438254
2.91,21.71350854,35.05021403,16.90942755,22.59652947,-11.20437503
2.92,21.86272566,35.10330476,16.89643603,22.59643705,-11.20436062
2.93,22.01194192,35.15638428,16.88343019,22.59634361,-11.20433989
2.94,22.16115731,35.20945373,16.87041102,22.59625032,-11.20431337
2.95,22.31037179,35.26251377,16.85737948,22.59615607,-11.20428157
2.96,22.45958534,35.3155653,16.84433643,22.59606244,-11.20424491
2.97,22.60879796,35.36860896,16.8312827,22.59596824,-11.20420383
2.98,22.75800961,35.42164558,16.81821907,22.59587508,-11.20415868
2.99,22.90722029,35.47467559,16.80514628,22.59578128,-11.20410981
3,23.05642998,35.52769963,16.79206498,22.59568862,-11.20405755
3.01,23.20563024,35.57472619,16.782017,22.48620428,-11.14999391
3.02,23.35449824,35.53977329,16.81322479,21.78686066,-10.80789739
3.03,23.5016705,35.32055424,16.93561183,20.55976662,-10.21518791
3.04,23.64510634,34.9019483,17.15383592,19.11390692,-9.524155284
3.05,23.78292471,34.3240024,17.44546932,17.61707589,-8.812171131
3.06,23.9137381,33.63546866,17.78519047,16.13396563,-8.105926355
3.07,24.03664343,32.87764667,18.15262371,14.69290437,-7.416156153
3.08,24.1511253,32.08262504,18.53271577,13.31034388,-6.749501627
3.09,24.25696275,31.2747758,18.91458854,11.99712353,-6.111004974
3.1,24.35415492,30.47242327,19.29044852,10.76039476,-5.504571922
3.11,24.44286385,29.68920362,19.65475976,9.604578978,-4.933115047
3.12,24.52337067,28.93511075,20.00364546,8.531963806,-4.398639817
3.13,24.59604177,28.21728788,20.33446192,7.543116381,-3.902322844
3.14,24.66130254,27.54062624,20.64549577,6.63720215,-3.444597334
3.15,24.71961672,26.90822516,20.9357462,5.812251672,-3.025246675
3.16,24.77147002,26.32175156,21.20476525,5.065391791,-2.64350185
3.17,24.81735717,25.78172743,21.45253765,4.39304954,-2.2981383
3.18,24.85777159,25.28776443,21.67938763,3.791131851,-1.987568867
3.19,24.89319727,24.83875847,21.88590464,3.255184311,-1.709930533
3.2,24.92410249,24.43305327,22.07288259,2.780528998,-1.463163468
3.21,24.95093466,24.0678232,22.24271781,2.32561854,-1.177538897
3.22,24.97393981,23.71379156,22.45660891,1.757591572,-0.61339179
3.23,24.99296583,23.37682468,22.72900333,1.267947095,-0.126776238
3.24,25.00803344,23.07530757,23.04080587,0.853671898,0.285125771
3.25,25.01935739,22.81990316,23.37702585,0.513589599,0.623101235
3.26,25.02727797,22.61614307,23.72540832,0.245199369,0.889202485
3.27,25.03221275,22.46575968,24.07599872,0.043816632,1.087714438
3.28,25.03461889,22.3675889,24.42096648,-0.097053242,1.224848495
3.29,25.03496312,22.31832246,24.75444564,-0.185073496,1.308126208
3.3,25.03369846,22.31316572,25.07234513,-0.228480425,1.34577597
3.31,25.03124699,22.34640333,25.37213062,-0.235594124,1.346216154
3.32,25.02798802,22.41187258,25.65258947,-0.214437964,1.317638718
3.33,25.02425088,22.50334538,25.91359113,-0.172457865,1.267693088
3.34,25.02031156,22.61482322,26.15585287,-0.116331128,1.203265379
3.35,25.01639254,22.7407536,26.38071984,-0.051850222,1.13034067
3.36,25.01266498,22.87617621,26.58996604,0.016129924,1.053937066
3.37,25.00925271,23.01680936,26.78562007,0.083693288,0.978098254
3.38,25.0062374,23.15908652,26.96981812,0.147824023,0.905931567
3.39,25.00366447,23.3001531,27.14468483,0.206337727,0.839679661
3.4,25.00154923,23.43783249,27.31224118,0.257792035,0.780814871
3.41,24.99988297,23.57057003,27.47433752,0.301384688,0.730146894
3.42,24.99863882,23.69736203,27.6326093,0.336846082,0.687935906
3.43,24.99777702,23.81767646,27.78845235,0.36433213,0.654004812
3.44,24.99724958,23.93137069,27.94301453,0.384322089,0.627845707
3.45,24.99700435,24.03861023,28.09720022,0.397524554,0.6087173
3.46,24.99698827,24.13979218,28.25168478,0.404794182,0.595730804
3.47,24.99714995,24.23547534,28.40693629,0.407060556,0.587922964
3.48,24.99744159,24.32631906,28.56324154,0.405269647,0.58431593
3.49,24.99782038,24.41303106,28.72073415,0.400337401,0.583964559
3.5,24.99824922,24.49632497,28.87942344,0.393115316,0.585991384
3.51,24.99869716,24.57688704,29.0392223,0.384366614,0.58961073
3.52,24.99913939,24.65535159,29.19997305,0.374751637,0.594143423
3.53,24.99955695,24.73228432,29.36147073,0.36482134,0.599023232
3.54,24.9999363,24.80817244,29.52348321,0.355017079,0.603796923
3.55,25.00026867,24.88342049,29.68576805,0.345675383,0.608119232
3.56,25.00054943,24.95835098,29.84808589,0.337036462,0.61174404
3.57,25.0007773,25.03320839,30.01021091,0.329255049,0.614513169
3.58,25.0009537,25.1081659,30.17193809,0.322412704,0.61634369
3.59,25.00108206,25.18333379,30.33308807,0.316530627,0.617214723
3.6,25.00116721,25.25876873,30.49350968,0.311582297,0.617154408
3.61,25.00121485,25.33448348,30.65308063,0.307505396,0.616227629
3.62,25.00123109,25.4104563,30.81170685,0.304212743,0.614524741
3.63,25.00122209,25.48663987,30.96932063,0.301601837,0.61215175
3.64,25.00119376,25.56296928,31.12587788,0.299562884,0.609222041
3.65,25.00115155,25.63936909,31.28135507,0.297985399,0.605849585
3.66,25.00110032,25.71575921,31.43574595,0.296763353,0.602143647
3.67,25.00104424,25.79205964,31.5890581,0.295798961,0.598204889
3.68,25.00098676,25.86819429,31.7413098,0.29500531,0.594122688
3.69,25.00093061,25.94409358,31.89252698,0.294307779,0.58997366
3.7,25.00087785,26.01969623,32.04274057,0.293644626,0.585821111
3.71,25.00082993,26.09495029,32.19198414,0.292966878,0.581715116
3.72,25.00078774,26.16981354,32.34029202,0.292237716,0.577693226
3.73,25.00075172,26.24425325,32.48769783,0.291431384,0.573781537
3.74,25.00072193,26.31824571,32.63423332,0.290531877,0.569996134
3.75,25.00069814,26.39177528,32.7799276,0.289531416,0.566344553
3.76,25.00067988,26.4648335,32.92480655,0.288429018,0.562827425
3.77,25.00066656,26.53741793,33.0688926,0.287228967,0.55943993
3.78,25.00065749,26.60953094,33.21220477,0.285939425,0.556173226
3.79,25.00065194,26.68117871,33.35475872,0.284571227,0.553015824
3.8,25.00064919,26.75237015,33.49656701,0.283136731,0.549954625
3.81,25.00064855,26.82311601,33.63763944,0.281648946,0.54697591
3.82,25.0006494,26.893428,33.77798347,0.280120766,0.54406605
3.83,25.0006512,26.9633183,33.91760449,0.278564473,0.541212199
3.84,25.00065346,27.03279884,34.05650636,0.276991185,0.538402536
3.85,25.00065581,27.10188099,34.19469171,0.275410756,0.535626754
3.86,25.00065795,27.17057528,34.33216235,0.273831508,0.53287601
3.87,25.00065965,27.23889118,34.4689195,0.272260231,0.530143086
3.88,25.00066078,27.30683698,34.60496412,0.270702212,0.527422349
3.89,25.00066123,27.37441983,34.74029706,0.269161321,0.52470961
3.9,25.00066098,27.44164574,34.8749193,0.267640164,0.522001992
3.91,25.00066003,27.50851966,35.00883201,0.266140243,0.519297762
3.92,25.00065841,27.57504557,35.14203669,0.264662126,0.516596167
3.93,25.00065619,27.64122662,35.27453518,0.263205606,0.51389722
3.94,25.00065345,27.7070653,35.40632967,0.261769922,0.511201556
3.95,25.00065026,27.77256349,35.53742276,0.260353871,0.50851019
3.96,25.00064672,27.83772271,35.66781736,0.258956039,0.505824488
3.97,25.00064291,27.90254409,35.79751676,0.257574782,0.50314585
3.98,25.00063891,27.96702859,35.92652453,0.256208503,0.50047584
3.99,25.0006348,28.03117707,36.05484448,0.254855588,0.497815906
4,25.00063062,28.09499039,36.18248054,0.253514552,0.495167433
4.01,25.00062644,28.15846937,36.30943683,0.252184019,0.492531602
4.02,25.0006223,28.22161495,36.43571752,0.250862841,0.489909501
4.03,25.00061823,28.2844281,36.56132689,0.249549982,0.487301932
4.04,25.00061425,28.34690993,36.68626924,0.248244651,0.484709595
4.05,25.00061038,28.4090617,36.81054883,0.246946198,0.482132969
4.06,25.00060662,28.47088479,36.93416987,0.245654178,0.479572364
4.07,25.00060299,28.53238067,37.05713657,0.244368242,0.477027924
4.08,25.00059946,28.59355096,37.17945302,0.243088226,0.474499681
4.09,25.00059604,28.65439732,37.3011233,0.241814018,0.471987591
4.1,25.00059273,28.71492149,37.42215139,0.240545579,0.469491485
4.11,25.00058951,28.77512532,37.54254117,0.239282982,0.467011188
4.12,25.00058636,28.83501065,37.66229646,0.2380263,0.464546401
4.13,25.00058329,28.89457939,37.78142104,0.23677566,0.462096867
4.14,25.00058028,28.95383346,37.89991856,0.235531213,0.459662292
4.15,25.00057731,29.01277476,38.01779269,0.234293073,0.457242338
4.16,25.00057439,29.07140525,38.13504695,0.233061412,0.45483677
4.17,25.00057151,29.12972679,38.25168488,0.231836314,0.452445272
4.18,25.00056865,29.18774128,38.36770997,0.230617887,0.4500676
4.19,25.00056582,29.24545059,38.48312565,0.229406222,0.447703541
4.2,25.00056301,29.30285653,38.59793532,0.228201357,0.445352865
4.21,25.00056021,29.35996093,38.71214236,0.227003353,0.443015432
4.22,25.00055743,29.41676555,38.82575011,0.225812197,0.440691051
4.23,25.00055467,29.47327215,38.93876191,0.224627897,0.438379592
4.24,25.00055192,29.52948247,39.05118104,0.223450448,0.436080965
4.25,25.00054919,29.58539817,39.16301083,0.22227978,0.433795023
4.26,25.00054647,29.64102094,39.27425451,0.221115873,0.431521716
4.27,25.00054377,29.69635241,39.38491536,0.219958658,0.429260946
4.28,25.00054109,29.75139422,39.49499662,0.218808077,0.427012647
4.29,25.00053843,29.806148,39.6045015,0.21766408,0.424776775
4.3,25.00053579,29.86061531,39.71343322,0.216526568,0.422553223
4.31,25.00053316,29.91479776,39.82179495,0.215395508,0.420341976
4.32,25.00053057,29.96869691,39.92958987,0.21427082,0.418142954
4.33,25.00052799,30.02231432,40.03682113,0.213152435,0.415956092
4.34,25.00052544,30.07565156,40.14349184,0.212040307,0.413781348
4.35,25.00052291,30.12871014,40.24960515,0.210934348,0.411618621
4.36,25.00052041,30.1814916,40.35516413,0.209834535,0.409467891
4.37,25.00051793,30.23399747,40.46017187,0.208740797,0.407329067
4.38,25.00051548,30.28622924,40.56463142,0.207653076,0.405202068
4.39,25.00051305,30.33818843,40.66854582,0.206571345,0.403086852
4.4,25.00051065,30.38987653,40.77191809,0.205495537,0.400983311
4.41,25.00050827,30.44129504,40.87475121,0.204425639,0.398891408
4.42,25.00050591,30.49244545,40.97704816,0.203361599,0.396811049
4.43,25.00050358,30.54332922,41.0788119,0.202303369,0.394742141
4.44,25.00050127,30.59394782,41.18004535,0.201250931,0.392684636
4.45,25.00049899,30.64430269,41.28075144,0.200204229,0.390638426
4.46,25.00049673,30.6943953,41.38093305,0.199163254,0.38860347
4.47,25.00049449,30.74422708,41.48059305,0.19812796,0.386579678
4.48,25.00049227,30.79379947,41.57973432,0.1970983,0.384566957
4.49,25.00049007,30.84311388,41.67835967,0.196074263,0.38256526
4.5,25.0004879,30.89217171,41.77647194,0.195055792,0.380574486
4.51,25.00048575,30.94097438,41.87407392,0.194042876,0.378594594
4.52,25.00048361,30.98952328,41.97116838,0.193035476,0.376625502
4.53,25.0004815,31.03781979,42.0677581,0.192033542,0.374667119
4.54,25.00047941,31.0858653,42.16384582,0.191037062,0.372719405
4.55,25.00047735,31.13366114,42.25943428,0.19004598,0.370782263
4.56,25.0004753,31.1812087,42.35452618,0.189060284,0.368855654
4.57,25.00047327,31.22850932,42.44912421,0.188079937,0.366939507
4.58,25.00047126,31.27556434,42.54323105,0.187104887,0.36503373
4.59,25.00046927,31.32237509,42.63684937,0.186135124,0.36313829
4.6,25.0004673,31.36894288,42.72998182,0.185170591,0.361253093
4.61,25.00046535,31.41526904,42.82263102,0.184211277,0.359378102
4.62,25.00046342,31.46135488,42.91479956,0.183257148,0.357513254
4.63,25.00046151,31.50720168,43.00649007,0.182308149,0.355658456
4.64,25.00045962,31.55281075,43.09770511,0.181364274,0.35381368
4.65,25.00045775,31.59818334,43.18844726,0.180425467,0.351978834
4.66,25.00045589,31.64332075,43.27871905,0.179491713,0.350153877
4.67,25.00045406,31.68822424,43.36852303,0.178562985,0.348338757
4.68,25.00045224,31.73289506,43.45786171,0.177639236,0.346533389
4.69,25.00045045,31.77733449,43.54673757,0.176720459,0.344737745
4.7,25.00044867,31.82154375,43.63515311,0.175806597,0.34295173
4.71,25.00044691,31.86552408,43.7231108,0.17489763,0.3411753
4.72,25.00044516,31.90927671,43.81061311,0.173993532,0.339408408
4.73,25.00044344,31.95280283,43.89766248,0.173094256,0.33765097
4.74,25.00044173,31.99610368,43.98426132,0.1721998,0.335902969
4.75,25.00044004,32.03918047,44.07041206,0.171310115,0.334164316
4.76,25.00043837,32.08203439,44.15611708,0.170425182,0.332434968
4.77,25.00043671,32.12466665,44.24137876,0.169544977,0.330714876
4.78,25.00043508,32.16707841,44.32619947,0.168669451,0.329003952
4.79,25.00043345,32.20927086,44.41058158,0.167798598,0.327302177
4.8,25.00043185,32.25124515,44.49452742,0.16693237,0.325609469
4.81,25.00043026,32.29300245,44.57803933,0.166070748,0.323925786
4.82,25.00042869,32.33454393,44.6611196,0.16521372,0.322251094
4.83,25.00042714,32.37587074,44.74377054,0.164361239,0.320585313
4.84,25.0004256,32.41698401,44.82599442,0.163513286,0.318928395
4.85,25.00042408,32.45788489,44.90779353,0.162669831,0.317280288
4.86,25.00042257,32.49857449,44.98917012,0.16183085,0.315640941
4.87,25.00042108,32.53905395,45.07012643,0.160996318,0.314010306
4.88,25.00041961,32.57932437,45.1506647,0.160166204,0.312388324
4.89,25.00041815,32.61938686,45.23078713,0.159340488,0.310774955
4.9,25.00041671,32.65924254,45.31049594,0.158519143,0.309170143
4.91,25.00041528,32.69889248,45.38979332,0.157702137,0.307573831
4.92,25.00041387,32.73833779,45.46868145,0.156889447,0.305985972
4.93,25.00041247,32.77757955,45.54716249,0.156081058,0.304406532
4.94,25.00041109,32.81661884,45.62523859,0.155276938,0.30283545
4.95,25.00040972,32.85545672,45.70291192,0.154477053,0.301272666
4.96,25.00040837,32.89409426,45.78018457,0.153681388,0.299718147
4.97,25.00040703,32.93253253,45.85705869,0.152889922,0.298171849
4.98,25.00040571,32.97077255,45.93353636,0.15210262,0.296633708
4.99,25.0004044,33.00881543,46.00961978,0.151319457,0.295103676
5,25.0004031,33.0466613,46.0853092,0.150540445,0.293581768
5.01,25.00037197,33.06697679,46.17926754,-0.171058952,0.617528689
5.02,24.99916162,32.86384043,46.53129473,-1.847503597,2.394338268
5.03,24.9931748,32.44879445,47.26766769,-3.333774574,4.318184301
5.04,24.97951967,31.91206467,48.39944576,-5.064700489,6.543382689
5.05,24.95576946,31.31572067,49.9117311,-6.815495067,8.755893986
5.06,24.92023538,30.73044478,51.74875825,-8.503220136,10.8198877
5.07,24.87201972,30.20960215,53.84607058,-10.10223377,12.67370338
5.08,24.81086418,29.78589792,56.14024627,-11.60824271,14.28779937
5.09,24.73697454,29.47441817,58.57180533,-13.02589894,15.65156539
5.1,24.65086888,29.2768595,61.08632882,-14.36324598,16.76734908
5.11,24.55325803,29.18558576,63.63494607,-15.62869448,17.64641748
5.12,24.44495668,29.18708476,66.17451765,-16.82950523,18.3059722
5.13,24.32682061,29.26469682,68.66765306,-17.9712415,18.76693451
5.14,24.19970418,29.40063524,71.08263105,-19.05778408,19.05231883
5.15,24.0644332,29.5773954,73.39325317,-20.09162286,19.18606321
5.16,23.92178822,29.7786774,75.57864526,-21.07424278,19.19218189
5.17,23.77249525,29.98993934,77.62301279,-22.00650075,19.09415288
5.18,23.61722111,30.19868664,79.51535219,-22.8889435,18.9144744
5.19,23.45657181,30.39457909,81.24911656,-23.72205057,18.67430098
5.2,23.2910928,30.56941537,82.82183462,-24.50640428,18.39314742
5.21,23.12127048,30.7170371,84.23468214,-25.24279717,18.08862836
5.22,22.94753456,30.83318032,85.49200512,-25.93228928,17.77622594
5.23,22.77026109,30.9152922,86.60080437,-26.57622741,17.46909996
5.24,22.58977608,30.96232463,87.57018769,-27.17623633,17.17795886
5.25,22.40635967,30.97451305,88.41080932,-27.73419009,16.91100895
5.26,22.22025066,30.95314796,89.13431892,-28.25217036,16.67400735
5.27,22.03165143,30.90034617,89.75284402,-28.7324168,16.47041555
5.28,21.84073296,30.81882884,90.27852823,-29.17727413,16.3016561
5.29,21.64763996,30.71171019,90.72313881,-29.58913832,16.1674476
5.3,21.45249561,30.58231345,91.09777386,-29.97040816,16.0661731
5.31,21.25540588,30.43401188,91.4126551,-30.32344209,15.99525627
5.32,21.05646358,30.27009447,91.67699566,-30.65052024,15.95152232
5.33,20.85575149,30.09366859,91.89895423,-30.95381663,15.93149726
5.34,20.65334508,29.90758989,92.0856418,-31.23537834,15.93165135
5.35,20.44931451,29.7144189,92.24317024,-31.49711187,15.94857973
5.36,20.24372614,29.51640071,92.37673026,-31.74077614,15.97912267
5.37,20.0366436,29.31546349,92.4906852,-31.96798112,16.02043588
5.38,19.8281284,29.11322994,92.58866988,-32.18019041,16.07002275
5.39,19.61824037,28.91103857,92.67368867,-32.37872727,16.12573803
5.4,19.40703781,28.70997063,92.74820804,-32.56478279,16.18577242
5.41,19.1945776,28.5108799,92.81424083,-32.73942542,16.24862555
5.42,18.98091511,28.31442304,92.87342086,-32.90361135,16.31307334
5.43,18.76610416,28.12108908,92.92706862,-33.05819503,16.37813237
5.44,18.55019692,27.93122685,92.97624691,-33.20393955,16.44302533
5.45,18.33324385,27.74506969,93.02180782,-33.3415265,16.50714919
5.46,18.11529357,27.56275739,93.06443253,-33.47156524,16.57004583
5.47,17.89639289,27.38435498,93.10466388,-33.59460131,16.63137607
5.48,17.67658671,27.20986899,93.14293396,-33.71112425,16.69089685
5.49,17.45591802,27.03926109,93.17958621,-33.82157453,16.74844242
5.5,17.23442795,26.87245901,93.21489319,-33.92634952,16.80390816
5.51,17.01215575,26.7093656,93.2490706,-34.02580885,16.85723879
5.52,16.78913887,26.54986624,93.28228984,-34.12027909,16.90841518
5.53,16.56541297,26.39383464,93.31468669,-34.21005785,16.95744791
5.54,16.341012,26.24113753,93.34636986,-34.29541731,17.00436706
5.55,16.11596828,26.09163818,93.37742559,-34.37660727,17.04922026
5.56,15.89031255,25.94519908,93.40792405,-34.45385772,17.09206334
5.57,15.66407401,25.80168391,93.43792081,-34.52738105,17.13296307
5.58,15.43728046,25.66095904,93.46746251,-34.59737398,17.17198683
5.59,15.20995832,25.52289464,93.49658559,-34.66401926,17.20920996
5.6,14.98213271,25.38736543,93.52532247,-34.72748707,17.24470249
5.61,14.75382772,25.25456608,93.5535491,-34.78145584,17.27554606
5.62,14.52508736,25.12992585,93.57881249,-34.78729168,17.28532387
5.63,14.29602851,25.02005999,93.59873568,-34.76540696,17.28496422
5.64,14.06680505,24.92776341,93.61277858,-34.69944843,17.26631071
5.65,13.83758652,24.85055939,93.62285183,-34.64317639,17.25274915
5.66,13.60848393,24.78218783,93.63189926,-34.59326568,17.24051759
5.67,13.37955835,24.71923879,93.6411372,-34.54619469,17.22750488
5.68,13.15084491,24.65972479,93.65102911,-34.50180721,17.21370331
5.69,12.92236328,24.60235508,93.6617215,-34.45916955,17.19891045
5.7,12.69412427,24.54636983,93.67316893,-34.41767402,17.18316298
5.71,12.46613383,24.49131051,93.68525715,-34.37694458,17.16659505
5.72,12.23839529,24.436893,93.69785925,-34.33674175,17.14936189
5.73,12.01091053,24.38293639,93.71085915,-34.29690873,17.13160766
5.74,11.78368062,24.3293225,93.72415942,-34.25734024,17.11345424
5.75,11.55670613,24.27597268,93.73768194,-34.2179642,17.0949997
5.76,11.32998742,24.22283316,93.75136587,-34.17873019,17.07632062
5.77,11.10352464,24.16986667,93.7651646,-34.13960243,17.05747574
5.78,10.87731788,24.11704735,93.779043,-34.10055548,17.03850931
5.79,10.65136715,24.06435679,93.79297468,-34.06157088,17.01945457
5.8,10.42567244,24.01178183,93.80694,-34.0226353,17.0003363
5.81,10.20023372,23.95931298,93.82092427,-33.98373894,16.98117305
5.82,9.975050921,23.90694357,93.83491683,-33.94487473,16.9619782
5.83,9.750123993,23.85466868,93.8489097,-33.9060374,16.94276179
5.84,9.525452862,23.80248476,93.86289698,-33.86722316,16.92353126
5.85,9.301037457,23.75038922,93.87687438,-33.8284293,16.90429209
5.86,9.076877701,23.69838017,93.89083875,-33.78965385,16.88504826
5.87,8.852973516,23.64645626,93.90478782,-33.7508954,16.86580266
5.88,8.629324824,23.59461645,93.91871992,-33.7121529,16.84655745
5.89,8.405931543,23.54285997,93.9326338,-33.67342561,16.82731425
5.9,8.182793593,23.49118622,93.94652855,-33.63471302,16.80807428
5.91,7.959910891,23.43959478,93.96040353,-33.59601477,16.78883839
5.92,7.737283354,23.3880853,93.97425831,-33.55733065,16.76960717
5.93,7.514910899,23.33665755,93.98809259,-33.51866054,16.75038108
5.94,7.292793441,23.28531133,94.00190619,-33.48000439,16.73116039
5.95,7.070930896,23.23404639,94.01569884,-33.44136208,16.71194552
5.96,6.849323178,23.18286258,94.02947041,-33.40273359,16.69273669
5.97,6.627970203,23.13175974,94.04322083,-33.36411896,16.67353406
5.98,6.406871882,23.08073774,94.05695,-33.32551818,16.65433782
5.99,6.186028131,23.02979649,94.07065795,-33.28693134,16.63514801
6,5.965439314,22.97893601,94.08434462,-33.24835861,16.61596474
6.01,5.745104445,22.92815595,94.09801012,-33.20979983,16.59678797
6.02,5.525023872,22.87745635,94.11165439,-33.17125519,16.5776178
6.03,5.305197513,22.8268371,94.12527744,-33.13272474,16.55845431
6.04,5.085625281,22.77629813,94.13887928,-33.09420854,16.53929753
6.05,4.866307164,22.7259968,94.15238191,-33.04872503,16.51680227
6.06,4.647304796,22.70129424,94.15404442,-32.71112359,16.36382914
6.07,4.429252471,22.79049464,94.10688809,-31.8810845,16.00909705
6.08,4.213533588,23.03449335,94.00040701,-30.82151882,15.56975309
6.09,4.001589748,23.40994536,93.8508999,-29.7180239,15.11203064
6.1,3.794506982,23.87860349,93.67682101,-28.62475273,14.64809012
6.11,3.593004924,24.40968365,93.49034991,-27.54832275,14.17650044
6.12,3.397540667,24.98205093,93.29819643,-26.4866097,13.69641494
6.13,3.208399684,25.58157437,93.10379234,-25.43761312,13.20886785
6.14,3.025755882,26.19866187,92.90882016,-24.40047212,12.71584636
6.15,2.849708802,26.82659862,92.71408318,-23.3752773,12.21962759
6.16,2.6803064,27.4604907,92.5199745,-22.36279258,11.72246428
6.17,2.517558988,28.09660503,92.32672113,-21.36421776,11.22645628
6.18,2.361447866,28.73196062,92.13450512,-20.38101012,10.73351117
6.19,2.211930758,29.36407731,91.94351879,-19.41475873,10.2453448
6.2,2.068945367,29.99082119,91.75398587,-18.46709751,9.763496557
6.21,1.932411807,30.61031058,91.56616533,-17.53964426,9.289347217
6.22,1.802234396,31.22085873,91.38034832,-16.63395693,8.824136959
6.23,1.678303074,31.82094005,91.19684937,-15.7515014,8.368971282
6.24,1.560494636,32.40917025,91.01599773,-14.89362738,7.924839435
6.25,1.448673855,32.98429575,90.83813049,-14.06155041,7.4926122
6.26,1.342694577,33.54518817,90.66358356,-13.25633863,7.073051282
6.27,1.242400802,34.09084187,90.49268426,-12.47890342,6.666810874
6.28,1.147627784,34.62037292,90.32574604,-11.72999362,6.274439413
6.29,1.058203138,35.13301869,90.16306268,-11.01019263,5.89638369
6.3,0.97394797,35.6281372,90.00490419,-10.31991845,5.532990713
6.31,0.894677984,36.10520608,89.85151372,-9.659425865,5.184511108
6.32,0.820204611,36.56382061,89.7031042,-9.028811069,4.851102085
6.33,0.750336139,37.00369092,89.55985697,-8.428018302,4.532833022
6.34,0.68487879,37.4246382,89.42192072,-7.856847954,4.229689271
6.35,0.623637772,37.82658997,89.28941059,-7.314966117,3.941578109
6.36,0.566418288,38.20957454,89.16240852,-6.801915262,3.66833444
6.37,0.513026484,38.57371464,89.04096387,-6.317125726,3.409727221
6.38,0.463270348,38.91922048,88.92509445,-5.85992781,3.165465987
6.39,0.416960507,39.2463824,88.81478802,-5.429563973,2.935207629
6.4,0.373911044,39.55556249,88.71000415,-5.025201905,2.718563115
6.41,0.333940128,39.84718678,88.61067627,-4.645946511,2.515104973
6.42,0.296870573,40.12173742,88.51671401,-4.290851618,2.324372596
6.43,0.262530392,40.37974421,88.42800555,-3.958931885,2.145879831
6.44,0.230753241,40.6217765,88.34442015,-3.649173815,1.979120564
6.45,0.20137876,40.84843566,88.26581074,-3.360545844,1.823574522
6.46,0.17425285,41.06034768,88.19201636,-3.092007725,1.678712829
6.47,0.149227899,41.25815621,88.12286474,-2.842519148,1.544002701
6.48,0.12616292,41.44251607,88.05817458,-2.611047423,1.41891166
6.49,0.104923634,41.61408736,87.99775777,-2.396574196,1.30291208
6.5,0.085382494,41.77353009,87.94142158,-2.198101336,1.195483968
6.51,0.067418665,41.92149934,87.88897057,-2.014655958,1.096118452
6.52,0.050917951,42.05864099,87.84020834,-1.845294611,1.004320022
6.53,0.035791376,42.19404444,87.78380593,-1.573259724,0.778097618
6.54,0.022230083,42.34989628,87.684415,-1.257516134,0.490469153
6.55,0.010521216,42.51157548,87.55032568,-0.971057087,0.230349336
6.56,0.000785986,42.66684208,87.39125305,-0.71692866,0.000305868
6.57,-0.006978912,42.80730248,87.21524469,-0.498297503,-0.196898291
6.58,-0.012867327,42.92735633,87.02914675,-0.316736492,-0.359893018
6.59,-0.017037447,43.02366318,86.83869988,-0.171964347,-0.488961899
6.6,-0.019689699,43.0947445,86.648568,-0.062141763,-0.585792853
6.61,-0.02104804,43.14061998,86.46238364,0.015725275,-0.653126057
6.62,-0.021344472,43.16246604,86.28282069,0.065398521,-0.694410957
6.63,-0.020806738,43.1623013,86.11169029,0.091067421,-0.71350011
6.64,-0.019648969,43.14270525,85.95005216,0.0970637,-0.714389636
6.65,-0.018065064,43.10657505,85.79833393,0.087633745,-0.701007619
6.66,-0.016224449,43.05692214,85.65645216,0.066764739,-0.677051926
6.67,-0.014269913,42.99670947,85.52392932,0.03806217,-0.645873659
6.68,-0.012317112,42.92872719,85.40000262,0.004671761,-0.61040138
6.69,-0.010455484,42.85550485,85.28372201,-0.030758998,-0.573103276
6.7,-0.008750062,42.77925436,85.17403429,-0.066089389,-0.535976402
6.71,-0.007244028,42.70184063,85.06985365,-0.099668546,-0.500561564
6.72,-0.005961719,42.62477543,84.9701178,-0.130298896,-0.467976013
6.73,-0.004911721,42.54922688,84.87383071,-0.157189681,-0.438956482
6.74,-0.004090106,42.47604535,84.78009223,-0.179899066,-0.413913011
6.75,-0.003483306,42.40579271,84.68811835,-0.198279228,-0.392980198
6.76,-0.003071059,42.33878534,84.5972495,-0.212412459,-0.376076784
6.77,-0.002828787,42.27513376,84.50695248,-0.222556993,-0.36295697
6.78,-0.002729701,42.21478407,84.41681608,-0.229095176,-0.353258618
6.79,-0.00274652,42.15755744,84.32654201,-0.232488043,-0.346545988
6.8,-0.002852827,42.10318642,84.2359328,-0.23323643,-0.342346295
6.81,-0.003024084,42.05134711,84.14487782,-0.231849094,-0.340179612
6.82,-0.003238324,42.0016866,84.05333858,-0.228817681,-0.339582276
6.83,-0.003476575,41.95384554,83.96133396,-0.224598167,-0.340124408
6.84,-0.00372305,41.90747593,83.86892624,-0.219598102,-0.341421852
6.85,-0.003965146,41.86225434,83.77620834,-0.214168912,-0.343143351
6.86,-0.00419332,41.81789134,83.68329246,-0.208602235,-0.345014181
6.87,-0.004400775,41.77413611,83.5903003,-0.203131214,-0.346814521
6.88,-0.004583187,41.73077941,83.49735554,-0.197932492,-0.348377922
6.89,-0.004738406,41.68765485,83.40457742,-0.193129439,-0.349588466
6.9,-0.004865959,41.64463512,83.31207601,-0.188800672,-0.35037187
6.91,-0.004966748,41.60162964,83.2199492,-0.184985687,-0.350691341
6.92,-0.005042687,41.5585802,83.12828079,-0.181691869,-0.350540201
6.93,-0.00509639,41.51545624,83.03713967,-0.178901465,-0.349935336
6.94,-0.005130887,41.47224984,82.94657985,-0.176578107,-0.3489113
6.95,-0.005149397,41.428971,82.85664119,-0.174672715,-0.347514895
6.96,-0.005155139,41.38564293,82.76735055,-0.173128438,-0.345799765
6.97,-0.005151177,41.34229798,82.67872336,-0.171885212,-0.343822944
6.98,-0.005140326,41.29897399,82.59076528,-0.170883162,-0.341641312
6.99,-0.005125063,41.25571123,82.5034739,-0.170065219,-0.339308531
7,-0.005107513,41.21254986,82.41684072,-0.169379257,-0.336874339
7.01,-0.005089412,41.16952809,82.33085255,-0.168779139,-0.334381974
7.02,-0.005072133,41.12668088,82.24549306,-0.168225559,-0.331868857
7.03,-0.005056689,41.08403889,82.160744,-0.167686268,-0.329365175
7.04,-0.00504378,41.04162803,82.07658629,-0.167135973,-0.326894804
7.05,-0.005033822,40.99946916,81.99300096,-0.166555992,-0.324475223
7.06,-0.005026993,40.95757819,81.90996982,-0.165933608,-0.322118191
7.07,-0.005023287,40.91596652,81.82747592,-0.165261203,-0.319830764
7.08,-0.005022546,40.87464131,81.74550394,-0.164535501,-0.317615642
7.09,-0.005024509,40.83360605,81.66404034,-0.163756825,-0.31547232
7.1,-0.005028842,40.79286119,81.58307344,-0.16292814,-0.313397681
7.11,-0.005035176,40.75240477,81.50259332,-0.162054313,-0.311386738
7.12,-0.005043127,40.71223295,81.42259172,-0.161141526,-0.309433461
7.13,-0.005052318,40.67234049,81.34306196,-0.160196663,-0.307530946
7.14,-0.005062392,40.63272127,81.26399864,-0.159226832,-0.305672077
7.15,-0.00507303,40.59336855,81.18539765,-0.158239139,-0.303850055
7.16,-0.005083955,40.55427548,81.10725583,-0.157240101,-0.302058327
7.17,-0.005094934,40.51543546,81.02957061,-0.156235529,-0.300291026
7.18,-0.005105782,40.47684221,80.95233994,-0.155230546,-0.298543234
7.19,-0.005116354,40.4384899,80.87556213,-0.154229417,-0.296810689
7.2,-0.005126548,40.40037325,80.79923575,-0.153235511,-0.295089783
7.21,-0.005136296,40.36248757,80.72335943,-0.152251481,-0.293377949
7.22,-0.005145564,40.32482882,80.64793179,-0.151279197,-0.291673296
7.23,-0.005154341,40.28739354,80.57295137,-0.150319783,-0.289974388
7.24,-0.005162639,40.25017883,80.49841656,-0.149373872,-0.288280548
7.25,-0.005170484,40.21318227,80.4243256,-0.148441622,-0.286591559
7.26,-0.005177912,40.17640183,80.35067654,-0.14752277,-0.284907443
7.27,-0.005184968,40.13983589,80.27746724,-0.146616753,-0.283228468
7.28,-0.005191699,40.10348307,80.20469539,-0.145722895,-0.2815553
7.29,-0.005198152,40.06734223,80.1323585,-0.144840347,-0.279888601
7.3,-0.005204374,40.03141238,80.06045394,-0.143968141,-0.278228947
7.31,-0.005210405,39.99569261,79.98897896,-0.143105442,-0.276577247
7.32,-0.005216284,39.96018208,79.91793073,-0.142251328,-0.274934073
7.33,-0.005222044,39.92487996,79.84730631,-0.141404993,-0.273300069
7.34,-0.005227711,39.88978542,79.77710276,-0.140565747,-0.27167589
7.35,-0.005233307,39.85489759,79.70731709,-0.139732908,-0.270061871
7.36,-0.00523885,39.82021555,79.63794628,-0.13890596,-0.268458407
7.37,-0.00524435,39.78573833,79.56898737,-0.138084511,-0.266865858
7.38,-0.005249817,39.7514649,79.50043737,-0.137268168,-0.265284258
7.39,-0.005255253,39.71739417,79.43229337,-0.136456732,-0.263713817
7.4,-0.005260661,39.68352498,79.36455246,-0.135650032,-0.262154557
7.41,-0.005266039,39.64985614,79.29721179,-0.134847914,-0.260606322
7.42,-0.005271386,39.61638642,79.23026857,-0.134050392,-0.259069188
7.43,-0.005276698,39.58311453,79.16372004,-0.133257415,-0.257542933
7.44,-0.00528197,39.55003917,79.0975635,-0.132469011,-0.256027416
7.45,-0.005287199,39.51715904,79.03179629,-0.131685226,-0.254522496
7.46,-0.005292379,39.48447279,78.96641579,-0.130906107,-0.25302798
7.47,-0.005297507,39.45197911,78.90141944,-0.130131711,-0.25154369
7.48,-0.00530258,39.41967666,78.83680471,-0.129362094,-0.250069448
7.49,-0.005307593,39.38756413,78.77256908,-0.128597305,-0.248605083
7.5,-0.005312545,39.3556402,78.70871009,-0.12783739,-0.247150428
7.51,-0.005317433,39.32390359,78.64522529,-0.127082379,-0.245705335
7.52,-0.005322256,39.29235299,78.58211225,-0.126332304,-0.244269655
7.53,-0.005327014,39.26098716,78.51936861,-0.125587165,-0.242843271
7.54,-0.005331705,39.22980485,78.45699196,-0.124846977,-0.241426053
7.55,-0.005336332,39.19880483,78.39497997,-0.124111717,-0.24001791
7.56,-0.005340894,39.16798592,78.33333033,-0.123381359,-0.238618756
7.57,-0.005345392,39.13734696,78.27204076,-0.122655861,-0.237228522
7.58,-0.005349828,39.10688669,78.21110886,-0.121935224,-0.235847092
7.59,-0.005354201,39.07660396,78.15053236,-0.121219413,-0.234474393
7.6,-0.005358515,39.04649773,78.0903091,-0.120508336,-0.233110413
7.61,-0.00536277,39.01656675,78.03043671,-0.119801988,-0.231755042
7.62,-0.005366967,38.98680987,77.9709129,-0.119100336,-0.230408208
7.63,-0.00537111,38.95722614,77.91173562,-0.11840328,-0.229069912
7.64,-0.005375197,38.92781436,77.85290255,-0.117710799,-0.227740066
7.65,-0.005379232,38.89857339,77.79441143,-0.117022845,-0.226418613
7.66,-0.005383215,38.86950225,77.7362602,-0.116339361,-0.225105512
7.67,-0.005387148,38.84059985,77.67844668,-0.115660297,-0.223800712
7.68,-0.005391032,38.81186509,77.62096862,-0.114985606,-0.222504158
7.69,-0.005394867,38.78329693,77.56382397,-0.114315248,-0.221215794
7.7,-0.005398655,38.75489437,77.50701066,-0.113649184,-0.219935562
7.71,-0.005402397,38.72665631,77.45052649,-0.112987364,-0.218663413
7.72,-0.005406093,38.69858173,77.39436938,-0.112329753,-0.21739929
7.73,-0.005409743,38.67066968,77.33853746,-0.111676338,-0.216143115
7.74,-0.005413348,38.64291906,77.2830285,-0.111027063,-0.214894846
7.75,-0.005416911,38.61532885,77.22784041,-0.11038189,-0.213654428
7.76,-0.005420429,38.58789805,77.17297122,-0.109740793,-0.212421797
7.77,-0.005423905,38.56062574,77.11841911,-0.109103763,-0.211196879
7.78,-0.005427337,38.53351084,77.06418189,-0.10847075,-0.209979628
7.79,-0.005430728,38.50655235,77.01025754,-0.107841723,-0.208769984
7.8,-0.005434078,38.47974932,76.95664419,-0.10721666,-0.207567887
7.81,-0.005437386,38.45310084,76.90334003,-0.106595543,-0.206373272
7.82,-0.005440653,38.42660587,76.85034296,-0.105978335,-0.205186085
7.83,-0.00544388,38.40026341,76.797651,-0.105365006,-0.204006269
7.84,-0.005447067,38.3740726,76.74526241,-0.104755534,-0.202833768
7.85,-0.005450215,38.3480325,76.69317535,-0.104149893,-0.201668528
7.86,-0.005453324,38.32214212,76.64138781,-0.103548053,-0.20051049
7.87,-0.005456395,38.29640049,76.58989787,-0.102949988,-0.199359599
7.88,-0.005459428,38.27080682,76.53870393,-0.102355668,-0.198215811
7.89,-0.005462423,38.24536009,76.48780399,-0.101765067,-0.197079068
7.9,-0.005465382,38.22005942,76.43719626,-0.101178158,-0.195949318
7.91,-0.005468305,38.19490386,76.38687885,-0.100594913,-0.19482651
7.92,-0.005471191,38.16989261,76.33685015,-0.100015304,-0.193710599
7.93,-0.005474043,38.14502474,76.28710831,-0.099439304,-0.192601534
7.94,-0.005476859,38.12029934,76.23765151,-0.098866886,-0.191499265
7.95,-0.005479642,38.09571553,76.18847799,-0.098298021,-0.190403745
7.96,-0.005482391,38.07127246,76.13958601,-0.097732682,-0.189314926
7.97,-0.005485106,38.04696924,76.09097384,-0.097170844,-0.18823276
7.98,-0.005487789,38.02280502,76.04263976,-0.096612483,-0.187157199
7.99,-0.005490439,37.99877898,75.9945821,-0.096057569,-0.186088201
8,-0.005493057,37.97489028,75.94679921,-0.095506077,-0.185025721
