"time","volume@INJ01","q@INJ01"
0,0,0
1e-05,-1.63796e-15,-9.8316e-09
2e-05,-3.27656e-15,-9.83153e-09
3e-05,-4.91516e-15,-9.83159e-09
4e-05,-6.55376e-15,-9.83162e-09
5e-05,-8.19236e-15,-9.83161e-09
6e-05,-9.83096e-15,-9.83161e-09
7e-05,-1.14696e-14,-9.83162e-09
8e-05,-1.31082e-14,-9.83161e-09
9e-05,-1.47468e-14,-9.83161e-09
0.0001,-1.63854e-14,-9.83161e-09
0.00011,-1.8024e-14,-9.8316e-09
0.00012,-1.96626e-14,-9.83161e-09
0.00013,-2.13012e-14,-9.83162e-09
0.00014,-2.29398e-14,-9.83155e-09
0.00015,-2.45784e-14,-9.83158e-09
0.00016,-2.6217e-14,-9.83162e-09
0.00017,-2.78556e-14,-9.83162e-09
0.00018,-2.94942e-14,-9.83161e-09
0.00019,-3.11328e-14,-9.8316e-09
0.0002,-3.27714e-14,-9.83161e-09
0.00021,-3.441e-14,-9.8316e-09
0.00022,-3.60486e-14,-9.83161e-09
0.00023,-3.76872e-14,-9.83162e-09
0.00024,-3.93258e-14,-9.83161e-09
0.00025,-4.09644e-14,-9.83161e-09
0.00026,-4.2603e-14,-9.83161e-09
0.00027,-4.42416e-14,-9.83161e-09
0.00028,-4.58802e-14,-9.83161e-09
0.00029,-4.75188e-14,-9.83161e-09
0.0003,-4.91574e-14,-9.83161e-09
0.00031,-5.0796e-14,-9.83161e-09
0.00032,-5.24346e-14,-9.83161e-09
0.00033,-5.40732e-14,-9.83161e-09
0.00034,-5.57118e-14,-9.83161e-09
0.00035,-5.73504e-14,-9.83162e-09
0.00036,-5.8989e-14,-9.83162e-09
0.00037,-6.06276e-14,-9.83162e-09
0.00038,-6.22662e-14,-9.83165e-09
0.00039,-6.39048e-14,-9.83157e-09
0.0004,-6.55434e-14,-9.83162e-09
0.00041,-6.7182e-14,-9.83162e-09
0.00042,-6.88206e-14,-9.83163e-09
0.00043,-7.04592e-14,-9.83163e-09
0.00044,-7.20978e-14,-9.83164e-09
0.00045,-7.37364e-14,-9.83164e-09
0.00046,-7.5375e-14,-9.83165e-09
0.00047,-7.70137e-14,-9.83166e-09
0.00048,-7.86523e-14,-9.83173e-09
0.00049,-8.02909e-14,-9.83169e-09
0.0005,-8.19295e-14,-9.83173e-09
0.00051,-8.35681e-14,-9.83174e-09
0.00052,-8.52067e-14,-9.83178e-09
0.00053,-8.68454e-14,-9.83182e-09
0.00054,-8.8484e-14,-9.83186e-09
0.00055,-9.01227e-14,-9.83192e-09
0.00056,-9.17613e-14,-9.83198e-09
0.00057,-9.34e-14,-9.83206e-09
0.00058,-9.50387e-14,-9.83215e-09
0.00059,-9.66774e-14,-9.83224e-09
0.0006,-9.83161e-14,-9.83238e-09
0.00061,-9.99548e-14,-9.83251e-09
0.00062,-1.01594e-13,-9.83266e-09
0.00063,-1.03232e-13,-9.83282e-09
0.00064,-1.04871e-13,-9.83299e-09
0.00065,-1.0651e-13,-9.83322e-09
0.00066,-1.08149e-13,-9.83345e-09
0.00067,-1.09788e-13,-9.8337e-09
0.00068,-1.11427e-13,-9.834e-09
0.00069,-1.13066e-13,-9.83421e-09
0.0007,-1.14705e-13,-9.83465e-09
0.00071,-1.16344e-13,-9.83518e-09
0.00072,-1.17983e-13,-9.83541e-09
0.00073,-1.19623e-13,-9.83583e-09
0.00074,-1.21262e-13,-9.83627e-09
0.00075,-1.22901e-13,-9.83676e-09
0.00076,-1.24541e-13,-9.83726e-09
0.00077,-1.2618e-13,-9.83779e-09
0.00078,-1.2782e-13,-9.83833e-09
0.00079,-1.2946e-13,-9.8389e-09
0.0008,-1.311e-13,-9.83949e-09
0.00081,-1.3274e-13,-9.84009e-09
0.00082,-1.3438e-13,-9.84071e-09
0.00083,-1.3602e-13,-9.84132e-09
0.00084,-1.3766e-13,-9.84195e-09
0.00085,-1.39301e-13,-9.84257e-09
0.00086,-1.40941e-13,-9.84319e-09
0.00087,-1.42582e-13,-9.8438e-09
0.00088,-1.44222e-13,-9.84439e-09
0.00089,-1.45863e-13,-9.84496e-09
0.0009,-1.47504e-13,-9.84551e-09
0.00091,-1.49145e-13,-9.84603e-09
0.00092,-1.50786e-13,-9.84651e-09
0.00093,-1.52427e-13,-9.84697e-09
0.00094,-1.54068e-13,-9.84735e-09
0.00095,-1.5571e-13,-9.84771e-09
0.00096,-1.57351e-13,-9.848e-09
0.00097,-1.58992e-13,-9.84824e-09
0.00098,-1.60634e-13,-9.84841e-09
0.00099,-1.62275e-13,-9.84853e-09
0.001,-1.63916e-13,-9.8486e-09
0.00101,-1.65558e-13,-9.84859e-09
0.00102,-1.67199e-13,-9.84852e-09
0.00103,-1.68841e-13,-9.8484e-09
0.00104,-1.70482e-13,-9.84821e-09
0.00105,-1.72123e-13,-9.84797e-09
0.00106,-1.73765e-13,-9.84766e-09
0.00107,-1.75406e-13,-9.84732e-09
0.00108,-1.77047e-13,-9.84691e-09
0.00109,-1.78688e-13,-9.84647e-09
0.0011,-1.80329e-13,-9.846e-09
0.00111,-1.8197e-13,-9.84548e-09
0.00112,-1.83611e-13,-9.84493e-09
0.00113,-1.85252e-13,-9.84437e-09
0.00114,-1.86892e-13,-9.84378e-09
0.00115,-1.88533e-13,-9.84318e-09
0.00116,-1.90173e-13,-9.84258e-09
0.00117,-1.91814e-13,-9.84199e-09
0.00118,-1.93454e-13,-9.84141e-09
0.00119,-1.95094e-13,-9.84085e-09
0.0012,-1.96734e-13,-9.84031e-09
0.00121,-1.98374e-13,-9.83979e-09
0.00122,-2.00014e-13,-9.83931e-09
0.00123,-2.01654e-13,-9.83886e-09
0.00124,-2.03294e-13,-9.83845e-09
0.00125,-2.04934e-13,-9.83807e-09
0.00126,-2.06573e-13,-9.83775e-09
0.00127,-2.08213e-13,-9.83748e-09
0.00128,-2.09853e-13,-9.83725e-09
0.00129,-2.11492e-13,-9.83708e-09
0.0013,-2.13132e-13,-9.83695e-09
0.00131,-2.14771e-13,-9.83687e-09
0.00132,-2.16411e-13,-9.83683e-09
0.00133,-2.1805e-13,-9.83681e-09
0.00134,-2.19689e-13,-9.83685e-09
0.00135,-2.21329e-13,-9.8369e-09
0.00136,-2.22968e-13,-9.83699e-09
0.00137,-2.24608e-13,-9.8371e-09
0.00138,-2.26247e-13,-9.83723e-09
0.00139,-2.27887e-13,-9.83736e-09
0.0014,-2.29527e-13,-9.8375e-09
0.00141,-2.31166e-13,-9.83764e-09
0.00142,-2.32806e-13,-9.83776e-09
0.00143,-2.34445e-13,-9.83789e-09
0.00144,-2.36085e-13,-9.83798e-09
0.00145,-2.37725e-13,-9.83806e-09
0.00146,-2.39364e-13,-9.83811e-09
0.00147,-2.41004e-13,-9.83813e-09
0.00148,-2.42644e-13,-9.83813e-09
0.00149,-2.44283e-13,-9.83808e-09
0.0015,-2.45923e-13,-9.83801e-09
0.00151,-2.47563e-13,-9.83789e-09
0.00152,-2.49202e-13,-9.83775e-09
0.00153,-2.50842e-13,-9.83757e-09
0.00154,-2.52482e-13,-9.83736e-09
0.00155,-2.54121e-13,-9.83712e-09
0.00156,-2.55761e-13,-9.83686e-09
0.00157,-2.574e-13,-9.83658e-09
0.00158,-2.59039e-13,-9.83628e-09
0.00159,-2.60679e-13,-9.83596e-09
0.0016,-2.62318e-13,-9.83564e-09
0.00161,-2.63957e-13,-9.83532e-09
0.00162,-2.65597e-13,-9.83498e-09
0.00163,-2.67236e-13,-9.83467e-09
0.00164,-2.68875e-13,-9.83436e-09
0.00165,-2.70514e-13,-9.83407e-09
0.00166,-2.72153e-13,-9.8338e-09
0.00167,-2.73792e-13,-9.83356e-09
0.00168,-2.75431e-13,-9.83336e-09
0.00169,-2.7707e-13,-9.83317e-09
0.0017,-2.78708e-13,-9.83301e-09
0.00171,-2.80347e-13,-9.8329e-09
0.00172,-2.81986e-13,-9.83282e-09
0.00173,-2.83625e-13,-9.83277e-09
0.00174,-2.85264e-13,-9.83275e-09
0.00175,-2.86902e-13,-9.83277e-09
0.00176,-2.88541e-13,-9.83281e-09
0.00177,-2.9018e-13,-9.83289e-09
0.00178,-2.91819e-13,-9.83299e-09
0.00179,-2.93458e-13,-9.8331e-09
0.0018,-2.95097e-13,-9.83324e-09
0.00181,-2.96735e-13,-9.83339e-09
0.00182,-2.98374e-13,-9.83354e-09
0.00183,-3.00013e-13,-9.83369e-09
0.00184,-3.01652e-13,-9.83384e-09
0.00185,-3.03291e-13,-9.83398e-09
0.00186,-3.0493e-13,-9.8341e-09
0.00187,-3.06569e-13,-9.83421e-09
0.00188,-3.08208e-13,-9.83431e-09
0.00189,-3.09847e-13,-9.83439e-09
0.0019,-3.11486e-13,-9.83444e-09
0.00191,-3.13126e-13,-9.83447e-09
0.00192,-3.14765e-13,-9.83447e-09
0.00193,-3.16404e-13,-9.83445e-09
0.00194,-3.18043e-13,-9.8344e-09
0.00195,-3.19682e-13,-9.83433e-09
0.00196,-3.21321e-13,-9.83423e-09
0.00197,-3.2296e-13,-9.83411e-09
0.00198,-3.24599e-13,-9.83398e-09
0.00199,-3.26238e-13,-9.83382e-09
0.002,-3.27877e-13,-9.83364e-09
0.00201,-3.29516e-13,-9.83346e-09
0.00202,-3.31155e-13,-9.83327e-09
0.00203,-3.32793e-13,-9.83308e-09
0.00204,-3.34432e-13,-9.83288e-09
0.00205,-3.36071e-13,-9.83268e-09
0.00206,-3.3771e-13,-9.83248e-09
0.00207,-3.39349e-13,-9.83229e-09
0.00208,-3.40987e-13,-9.83211e-09
0.00209,-3.42626e-13,-9.83193e-09
0.0021,-3.44265e-13,-9.83178e-09
0.00211,-3.45903e-13,-9.83164e-09
0.00212,-3.47542e-13,-9.83153e-09
0.00213,-3.4918e-13,-9.83142e-09
0.00214,-3.50819e-13,-9.83134e-09
0.00215,-3.52458e-13,-9.83127e-09
0.00216,-3.54096e-13,-9.83123e-09
0.00217,-3.55735e-13,-9.83121e-09
0.00218,-3.57373e-13,-9.83119e-09
0.00219,-3.59012e-13,-9.83118e-09
0.0022,-3.6065e-13,-9.8312e-09
0.00221,-3.62289e-13,-9.8312e-09
0.00222,-3.63927e-13,-9.83121e-09
0.00223,-3.65566e-13,-9.83121e-09
0.00224,-3.67204e-13,-9.83123e-09
0.00225,-3.68843e-13,-9.83122e-09
0.00226,-3.70481e-13,-9.8312e-09
0.00227,-3.7212e-13,-9.83117e-09
0.00228,-3.73758e-13,-9.83113e-09
0.00229,-3.75397e-13,-9.83106e-09
0.0023,-3.77035e-13,-9.83098e-09
0.00231,-3.78674e-13,-9.83087e-09
0.00232,-3.80312e-13,-9.83074e-09
0.00233,-3.81951e-13,-9.83059e-09
0.00234,-3.83589e-13,-9.83042e-09
0.00235,-3.85228e-13,-9.83023e-09
0.00236,-3.86866e-13,-9.83002e-09
0.00237,-3.88504e-13,-9.82978e-09
0.00238,-3.90143e-13,-9.82954e-09
0.00239,-3.91781e-13,-9.82928e-09
0.0024,-3.93419e-13,-9.829e-09
0.00241,-3.95057e-13,-9.82873e-09
0.00242,-3.96695e-13,-9.82845e-09
0.00243,-3.98333e-13,-9.82817e-09
0.00244,-3.99971e-13,-9.82789e-09
0.00245,-4.01609e-13,-9.82762e-09
0.00246,-4.03247e-13,-9.82737e-09
0.00247,-4.04885e-13,-9.82714e-09
0.00248,-4.06523e-13,-9.82692e-09
0.00249,-4.08161e-13,-9.82673e-09
0.0025,-4.09798e-13,-9.82657e-09
0.00251,-4.11436e-13,-9.82646e-09
0.00252,-4.13074e-13,-9.82636e-09
0.00253,-4.14712e-13,-9.82631e-09
0.00254,-4.16349e-13,-9.82631e-09
0.00255,-4.17987e-13,-9.82636e-09
0.00256,-4.19625e-13,-9.82644e-09
0.00257,-4.21263e-13,-9.82657e-09
0.00258,-4.229e-13,-9.82676e-09
0.00259,-4.24538e-13,-9.82699e-09
0.0026,-4.26176e-13,-9.82725e-09
0.00261,-4.27814e-13,-9.82757e-09
0.00262,-4.29452e-13,-9.82792e-09
0.00263,-4.3109e-13,-9.82831e-09
0.00264,-4.32728e-13,-9.82874e-09
0.00265,-4.34366e-13,-9.82921e-09
0.00266,-4.36005e-13,-9.82971e-09
0.00267,-4.37643e-13,-9.83024e-09
0.00268,-4.39281e-13,-9.83081e-09
0.00269,-4.4092e-13,-9.83138e-09
0.0027,-4.42558e-13,-9.83196e-09
0.00271,-4.44197e-13,-9.83257e-09
0.00272,-4.45836e-13,-9.83317e-09
0.00273,-4.47475e-13,-9.8338e-09
0.00274,-4.49114e-13,-9.83441e-09
0.00275,-4.50753e-13,-9.83503e-09
0.00276,-4.52392e-13,-9.83565e-09
0.00277,-4.54031e-13,-9.83625e-09
0.00278,-4.55671e-13,-9.83685e-09
0.00279,-4.5731e-13,-9.83743e-09
0.0028,-4.5895e-13,-9.83799e-09
0.00281,-4.6059e-13,-9.83854e-09
0.00282,-4.6223e-13,-9.83907e-09
0.00283,-4.63869e-13,-9.83957e-09
0.00284,-4.65509e-13,-9.84006e-09
0.00285,-4.67149e-13,-9.84053e-09
0.00286,-4.6879e-13,-9.84097e-09
0.00287,-4.7043e-13,-9.84139e-09
0.00288,-4.7207e-13,-9.84177e-09
0.00289,-4.7371e-13,-9.84213e-09
0.0029,-4.75351e-13,-9.84246e-09
0.00291,-4.76991e-13,-9.84276e-09
0.00292,-4.78632e-13,-9.84305e-09
0.00293,-4.80272e-13,-9.8433e-09
0.00294,-4.81913e-13,-9.84352e-09
0.00295,-4.83553e-13,-9.84371e-09
0.00296,-4.85194e-13,-9.84387e-09
0.00297,-4.86835e-13,-9.844e-09
0.00298,-4.88475e-13,-9.8441e-09
0.00299,-4.90116e-13,-9.84417e-09
0.003,-4.91757e-13,-9.84422e-09
0.00301,-4.93397e-13,-9.84422e-09
0.00302,-4.95038e-13,-9.8442e-09
0.00303,-4.96679e-13,-9.84415e-09
0.00304,-4.98319e-13,-9.84406e-09
0.00305,-4.9996e-13,-9.84395e-09
0.00306,-5.01601e-13,-9.84382e-09
0.00307,-5.03241e-13,-9.84366e-09
0.00308,-5.04882e-13,-9.84348e-09
0.00309,-5.06523e-13,-9.84327e-09
0.0031,-5.08163e-13,-9.84304e-09
0.00311,-5.09804e-13,-9.84279e-09
0.00312,-5.11444e-13,-9.84253e-09
0.00313,-5.13084e-13,-9.84225e-09
0.00314,-5.14725e-13,-9.84197e-09
0.00315,-5.16365e-13,-9.84168e-09
0.00316,-5.18005e-13,-9.84139e-09
0.00317,-5.19645e-13,-9.8411e-09
0.00318,-5.21286e-13,-9.84082e-09
0.00319,-5.22926e-13,-9.84054e-09
0.0032,-5.24566e-13,-9.84028e-09
0.00321,-5.26206e-13,-9.84003e-09
0.00322,-5.27846e-13,-9.83979e-09
0.00323,-5.29486e-13,-9.83957e-09
0.00324,-5.31126e-13,-9.83939e-09
0.00325,-5.32766e-13,-9.83924e-09
0.00326,-5.34405e-13,-9.83912e-09
0.00327,-5.36045e-13,-9.83901e-09
0.00328,-5.37685e-13,-9.83894e-09
0.00329,-5.39325e-13,-9.83889e-09
0.0033,-5.40965e-13,-9.83889e-09
0.00331,-5.42605e-13,-9.83892e-09
0.00332,-5.44244e-13,-9.83896e-09
0.00333,-5.45884e-13,-9.83904e-09
0.00334,-5.47524e-13,-9.83917e-09
0.00335,-5.49164e-13,-9.8393e-09
0.00336,-5.50804e-13,-9.83944e-09
0.00337,-5.52444e-13,-9.8396e-09
0.00338,-5.54084e-13,-9.83977e-09
0.00339,-5.55724e-13,-9.83993e-09
0.0034,-5.57364e-13,-9.84011e-09
0.00341,-5.59004e-13,-9.84028e-09
0.00342,-5.60644e-13,-9.84044e-09
0.00343,-5.62284e-13,-9.84058e-09
0.00344,-5.63924e-13,-9.84072e-09
0.00345,-5.65564e-13,-9.84084e-09
0.00346,-5.67204e-13,-9.84092e-09
0.00347,-5.68844e-13,-9.84099e-09
0.00348,-5.70485e-13,-9.84102e-09
0.00349,-5.72125e-13,-9.84102e-09
0.0035,-5.73765e-13,-9.84099e-09
0.00351,-5.75405e-13,-9.84092e-09
0.00352,-5.77045e-13,-9.84082e-09
0.00353,-5.78685e-13,-9.84067e-09
0.00354,-5.80325e-13,-9.84049e-09
0.00355,-5.81966e-13,-9.84028e-09
0.00356,-5.83606e-13,-9.84003e-09
0.00357,-5.85246e-13,-9.83975e-09
0.00358,-5.86885e-13,-9.83946e-09
0.00359,-5.88525e-13,-9.83915e-09
0.0036,-5.90165e-13,-9.8388e-09
0.00361,-5.91805e-13,-9.83846e-09
0.00362,-5.93445e-13,-9.83811e-09
0.00363,-5.95084e-13,-9.83776e-09
0.00364,-5.96724e-13,-9.83741e-09
0.00365,-5.98363e-13,-9.83707e-09
0.00366,-6.00003e-13,-9.83676e-09
0.00367,-6.01642e-13,-9.83646e-09
0.00368,-6.03282e-13,-9.83618e-09
0.00369,-6.04921e-13,-9.83593e-09
0.0037,-6.0656e-13,-9.8357e-09
0.00371,-6.082e-13,-9.83552e-09
0.00372,-6.09839e-13,-9.83537e-09
0.00373,-6.11478e-13,-9.83525e-09
0.00374,-6.13117e-13,-9.83516e-09
0.00375,-6.14757e-13,-9.83512e-09
0.00376,-6.16396e-13,-9.83512e-09
0.00377,-6.18035e-13,-9.83516e-09
0.00378,-6.19674e-13,-9.83524e-09
0.00379,-6.21313e-13,-9.83535e-09
0.0038,-6.22953e-13,-9.83549e-09
0.00381,-6.24592e-13,-9.83567e-09
0.00382,-6.26231e-13,-9.83586e-09
0.00383,-6.2787e-13,-9.83608e-09
0.00384,-6.2951e-13,-9.8363e-09
0.00385,-6.31149e-13,-9.83653e-09
0.00386,-6.32789e-13,-9.83676e-09
0.00387,-6.34428e-13,-9.83699e-09
0.00388,-6.36068e-13,-9.83723e-09
0.00389,-6.37707e-13,-9.83744e-09
0.0039,-6.39347e-13,-9.83764e-09
0.00391,-6.40986e-13,-9.83783e-09
0.00392,-6.42626e-13,-9.83798e-09
0.00393,-6.44266e-13,-9.83811e-09
0.00394,-6.45905e-13,-9.83822e-09
0.00395,-6.47545e-13,-9.83829e-09
0.00396,-6.49185e-13,-9.83831e-09
0.00397,-6.50825e-13,-9.83832e-09
0.00398,-6.52464e-13,-9.83829e-09
0.00399,-6.54104e-13,-9.83822e-09
0.004,-6.55744e-13,-9.83811e-09
0.00401,-6.57383e-13,-9.83796e-09
0.00402,-6.59023e-13,-9.83779e-09
0.00403,-6.60663e-13,-9.83759e-09
0.00404,-6.62302e-13,-9.83734e-09
0.00405,-6.63942e-13,-9.83709e-09
0.00406,-6.65581e-13,-9.83681e-09
0.00407,-6.67221e-13,-9.83651e-09
0.00408,-6.6886e-13,-9.83619e-09
0.00409,-6.70499e-13,-9.83588e-09
0.0041,-6.72139e-13,-9.83555e-09
0.00411,-6.73778e-13,-9.83522e-09
0.00412,-6.75417e-13,-9.83488e-09
0.00413,-6.77056e-13,-9.83456e-09
0.00414,-6.78695e-13,-9.83423e-09
0.00415,-6.80334e-13,-9.83392e-09
0.00416,-6.81973e-13,-9.83361e-09
0.00417,-6.83612e-13,-9.83333e-09
0.00418,-6.85251e-13,-9.83305e-09
0.00419,-6.8689e-13,-9.83278e-09
0.0042,-6.88529e-13,-9.83253e-09
0.00421,-6.90167e-13,-9.83229e-09
0.00422,-6.91806e-13,-9.83206e-09
0.00423,-6.93445e-13,-9.83185e-09
0.00424,-6.95083e-13,-9.83164e-09
0.00425,-6.96722e-13,-9.83146e-09
0.00426,-6.98361e-13,-9.83127e-09
0.00427,-6.99999e-13,-9.83108e-09
0.00428,-7.01638e-13,-9.83089e-09
0.00429,-7.03276e-13,-9.8307e-09
0.0043,-7.04914e-13,-9.83051e-09
0.00431,-7.06553e-13,-9.83031e-09
0.00432,-7.08191e-13,-9.8301e-09
0.00433,-7.0983e-13,-9.82988e-09
0.00434,-7.11468e-13,-9.82965e-09
0.00435,-7.13106e-13,-9.8294e-09
0.00436,-7.14744e-13,-9.82914e-09
0.00437,-7.16382e-13,-9.82887e-09
0.00438,-7.18021e-13,-9.82859e-09
0.00439,-7.19659e-13,-9.82828e-09
0.0044,-7.21297e-13,-9.82798e-09
0.00441,-7.22935e-13,-9.82766e-09
0.00442,-7.24573e-13,-9.82734e-09
0.00443,-7.2621e-13,-9.82701e-09
0.00444,-7.27848e-13,-9.82669e-09
0.00445,-7.29486e-13,-9.82636e-09
0.00446,-7.31124e-13,-9.82604e-09
0.00447,-7.32761e-13,-9.82572e-09
0.00448,-7.34399e-13,-9.82544e-09
0.00449,-7.36037e-13,-9.82516e-09
0.0045,-7.37674e-13,-9.82492e-09
0.00451,-7.39312e-13,-9.82472e-09
0.00452,-7.40949e-13,-9.82453e-09
0.00453,-7.42586e-13,-9.82439e-09
0.00454,-7.44224e-13,-9.82428e-09
0.00455,-7.45861e-13,-9.82421e-09
0.00456,-7.47499e-13,-9.8242e-09
0.00457,-7.49136e-13,-9.82424e-09
0.00458,-7.50773e-13,-9.82432e-09
0.00459,-7.52411e-13,-9.82444e-09
0.0046,-7.54048e-13,-9.82463e-09
0.00461,-7.55686e-13,-9.82487e-09
0.00462,-7.57323e-13,-9.82516e-09
0.00463,-7.58961e-13,-9.82551e-09
0.00464,-7.60598e-13,-9.8259e-09
0.00465,-7.62236e-13,-9.82633e-09
0.00466,-7.63874e-13,-9.8268e-09
0.00467,-7.65512e-13,-9.82733e-09
0.00468,-7.6715e-13,-9.82788e-09
0.00469,-7.68788e-13,-9.82846e-09
0.0047,-7.70426e-13,-9.82907e-09
0.00471,-7.72064e-13,-9.82972e-09
0.00472,-7.73702e-13,-9.83038e-09
0.00473,-7.75341e-13,-9.83105e-09
0.00474,-7.76979e-13,-9.83173e-09
0.00475,-7.78618e-13,-9.83241e-09
0.00476,-7.80257e-13,-9.83308e-09
0.00477,-7.81896e-13,-9.83373e-09
0.00478,-7.83535e-13,-9.83437e-09
0.00479,-7.85174e-13,-9.83498e-09
0.0048,-7.86813e-13,-9.83556e-09
0.00481,-7.88452e-13,-9.83611e-09
0.00482,-7.90092e-13,-9.83663e-09
0.00483,-7.91731e-13,-9.83712e-09
0.00484,-7.93371e-13,-9.83756e-09
0.00485,-7.9501e-13,-9.83795e-09
0.00486,-7.9665e-13,-9.8383e-09
0.00487,-7.9829e-13,-9.83861e-09
0.00488,-7.9993e-13,-9.83885e-09
0.00489,-8.01569e-13,-9.83905e-09
0.0049,-8.03209e-13,-9.83922e-09
0.00491,-8.04849e-13,-9.83933e-09
0.00492,-8.06489e-13,-9.8394e-09
0.00493,-8.08129e-13,-9.83943e-09
0.00494,-8.09769e-13,-9.83942e-09
0.00495,-8.11409e-13,-9.83937e-09
0.00496,-8.13049e-13,-9.8393e-09
0.00497,-8.14688e-13,-9.8392e-09
0.00498,-8.16328e-13,-9.83908e-09
0.00499,-8.17968e-13,-9.83893e-09
0.005,-8.19608e-13,-9.83876e-09
0.00501,-8.21248e-13,-9.83859e-09
0.00502,-8.22887e-13,-9.83843e-09
0.00503,-8.24527e-13,-9.83825e-09
0.00504,-8.26167e-13,-9.83808e-09
0.00505,-8.27806e-13,-9.83792e-09
0.00506,-8.29446e-13,-9.83776e-09
0.00507,-8.31086e-13,-9.83764e-09
0.00508,-8.32725e-13,-9.83752e-09
0.00509,-8.34365e-13,-9.83743e-09
0.0051,-8.36004e-13,-9.83736e-09
0.00511,-8.37644e-13,-9.83732e-09
0.00512,-8.39284e-13,-9.83729e-09
0.00513,-8.40923e-13,-9.83729e-09
0.00514,-8.42563e-13,-9.83733e-09
0.00515,-8.44202e-13,-9.8374e-09
0.00516,-8.45842e-13,-9.83749e-09
0.00517,-8.47481e-13,-9.83761e-09
0.00518,-8.49121e-13,-9.83775e-09
0.00519,-8.50761e-13,-9.83789e-09
0.0052,-8.524e-13,-9.83808e-09
0.00521,-8.5404e-13,-9.8383e-09
0.00522,-8.5568e-13,-9.83852e-09
0.00523,-8.5732e-13,-9.83874e-09
0.00524,-8.58959e-13,-9.83898e-09
0.00525,-8.60599e-13,-9.83922e-09
0.00526,-8.62239e-13,-9.83947e-09
0.00527,-8.63879e-13,-9.8397e-09
0.00528,-8.65519e-13,-9.83993e-09
0.00529,-8.67159e-13,-9.84016e-09
0.0053,-8.68799e-13,-9.84037e-09
0.00531,-8.70439e-13,-9.84056e-09
0.00532,-8.72079e-13,-9.84074e-09
0.00533,-8.73719e-13,-9.84089e-09
0.00534,-8.7536e-13,-9.84102e-09
0.00535,-8.77e-13,-9.84112e-09
0.00536,-8.7864e-13,-9.84121e-09
0.00537,-8.8028e-13,-9.84125e-09
0.00538,-8.8192e-13,-9.84128e-09
0.00539,-8.83561e-13,-9.84128e-09
0.0054,-8.85201e-13,-9.84125e-09
0.00541,-8.86841e-13,-9.84119e-09
0.00542,-8.88481e-13,-9.84113e-09
0.00543,-8.90121e-13,-9.84101e-09
0.00544,-8.91761e-13,-9.8409e-09
0.00545,-8.93402e-13,-9.84076e-09
0.00546,-8.95042e-13,-9.8406e-09
0.00547,-8.96682e-13,-9.84044e-09
0.00548,-8.98322e-13,-9.84026e-09
0.00549,-8.99962e-13,-9.84007e-09
0.0055,-9.01602e-13,-9.83989e-09
0.00551,-9.03242e-13,-9.8397e-09
0.00552,-9.04882e-13,-9.83949e-09
0.00553,-9.06522e-13,-9.8393e-09
0.00554,-9.08162e-13,-9.83912e-09
0.00555,-9.09801e-13,-9.83894e-09
0.00556,-9.11441e-13,-9.83877e-09
0.00557,-9.13081e-13,-9.83861e-09
0.00558,-9.14721e-13,-9.83847e-09
0.00559,-9.1636e-13,-9.83833e-09
0.0056,-9.18e-13,-9.83822e-09
0.00561,-9.1964e-13,-9.83813e-09
0.00562,-9.2128e-13,-9.83804e-09
0.00563,-9.22919e-13,-9.83797e-09
0.00564,-9.24559e-13,-9.83793e-09
0.00565,-9.26199e-13,-9.83789e-09
0.00566,-9.27838e-13,-9.83789e-09
0.00567,-9.29478e-13,-9.83789e-09
0.00568,-9.31117e-13,-9.83791e-09
0.00569,-9.32757e-13,-9.83795e-09
0.0057,-9.34397e-13,-9.838e-09
0.00571,-9.36036e-13,-9.83807e-09
0.00572,-9.37676e-13,-9.83815e-09
0.00573,-9.39316e-13,-9.83824e-09
0.00574,-9.40956e-13,-9.83836e-09
0.00575,-9.42595e-13,-9.83847e-09
0.00576,-9.44235e-13,-9.83861e-09
0.00577,-9.45875e-13,-9.83874e-09
0.00578,-9.47515e-13,-9.83889e-09
0.00579,-9.49154e-13,-9.83903e-09
0.0058,-9.50794e-13,-9.83919e-09
0.00581,-9.52434e-13,-9.83935e-09
0.00582,-9.54074e-13,-9.83952e-09
0.00583,-9.55714e-13,-9.83968e-09
0.00584,-9.57354e-13,-9.83986e-09
0.00585,-9.58994e-13,-9.84004e-09
0.00586,-9.60634e-13,-9.8402e-09
0.00587,-9.62274e-13,-9.84037e-09
0.00588,-9.63914e-13,-9.84053e-09
0.00589,-9.65554e-13,-9.84068e-09
0.0059,-9.67194e-13,-9.84084e-09
0.00591,-9.68835e-13,-9.84097e-09
0.00592,-9.70475e-13,-9.84111e-09
0.00593,-9.72115e-13,-9.84123e-09
0.00594,-9.73755e-13,-9.84135e-09
0.00595,-9.75395e-13,-9.84144e-09
0.00596,-9.77036e-13,-9.84152e-09
0.00597,-9.78676e-13,-9.84158e-09
0.00598,-9.80316e-13,-9.84162e-09
0.00599,-9.81956e-13,-9.84164e-09
0.006,-9.83597e-13,-9.84165e-09
0.00601,-9.85237e-13,-9.84162e-09
0.00602,-9.86877e-13,-9.84158e-09
0.00603,-9.88517e-13,-9.84151e-09
0.00604,-9.90158e-13,-9.84141e-09
0.00605,-9.91798e-13,-9.84128e-09
0.00606,-9.93438e-13,-9.84113e-09
0.00607,-9.95078e-13,-9.84094e-09
0.00608,-9.96718e-13,-9.84072e-09
0.00609,-9.98359e-13,-9.84049e-09
0.0061,-9.99999e-13,-9.84021e-09
0.00611,-1.00164e-12,-9.83991e-09
0.00612,-1.00328e-12,-9.83959e-09
0.00613,-1.00492e-12,-9.83924e-09
0.00614,-1.00656e-12,-9.83887e-09
0.00615,-1.0082e-12,-9.83847e-09
0.00616,-1.00984e-12,-9.83806e-09
0.00617,-1.01148e-12,-9.83762e-09
0.00618,-1.01312e-12,-9.83718e-09
0.00619,-1.01476e-12,-9.83671e-09
0.0062,-1.0164e-12,-9.83624e-09
0.00621,-1.01804e-12,-9.83575e-09
0.00622,-1.01967e-12,-9.83526e-09
0.00623,-1.02131e-12,-9.83478e-09
0.00624,-1.02295e-12,-9.83429e-09
0.00625,-1.02459e-12,-9.8338e-09
0.00626,-1.02623e-12,-9.83331e-09
0.00627,-1.02787e-12,-9.83284e-09
0.00628,-1.02951e-12,-9.83237e-09
0.00629,-1.03115e-12,-9.83193e-09
0.0063,-1.03279e-12,-9.83148e-09
0.00631,-1.03442e-12,-9.83106e-09
0.00632,-1.03606e-12,-9.83066e-09
0.00633,-1.0377e-12,-9.83027e-09
0.00634,-1.03934e-12,-9.82991e-09
0.00635,-1.04098e-12,-9.82956e-09
0.00636,-1.04262e-12,-9.82923e-09
0.00637,-1.04425e-12,-9.82891e-09
0.00638,-1.04589e-12,-9.82863e-09
0.00639,-1.04753e-12,-9.82835e-09
0.0064,-1.04917e-12,-9.8281e-09
0.00641,-1.05081e-12,-9.82787e-09
0.00642,-1.05244e-12,-9.82766e-09
0.00643,-1.05408e-12,-9.82745e-09
0.00644,-1.05572e-12,-9.82726e-09
0.00645,-1.05736e-12,-9.82709e-09
0.00646,-1.059e-12,-9.82692e-09
0.00647,-1.06063e-12,-9.82678e-09
0.00648,-1.06227e-12,-9.82664e-09
0.00649,-1.06391e-12,-9.82652e-09
0.0065,-1.06555e-12,-9.8264e-09
0.00651,-1.06718e-12,-9.82631e-09
0.00652,-1.06882e-12,-9.82621e-09
0.00653,-1.07046e-12,-9.82613e-09
0.00654,-1.0721e-12,-9.82607e-09
0.00655,-1.07374e-12,-9.82602e-09
0.00656,-1.07537e-12,-9.826e-09
0.00657,-1.07701e-12,-9.82597e-09
0.00658,-1.07865e-12,-9.82599e-09
0.00659,-1.08029e-12,-9.82599e-09
0.0066,-1.08192e-12,-9.82606e-09
0.00661,-1.08356e-12,-9.82612e-09
0.00662,-1.0852e-12,-9.82622e-09
0.00663,-1.08684e-12,-9.82634e-09
0.00664,-1.08847e-12,-9.82649e-09
0.00665,-1.09011e-12,-9.82667e-09
0.00666,-1.09175e-12,-9.82688e-09
0.00667,-1.09339e-12,-9.82712e-09
0.00668,-1.09503e-12,-9.8274e-09
0.00669,-1.09666e-12,-9.8277e-09
0.0067,-1.0983e-12,-9.82802e-09
0.00671,-1.09994e-12,-9.82838e-09
0.00672,-1.10158e-12,-9.82875e-09
0.00673,-1.10322e-12,-9.82914e-09
0.00674,-1.10485e-12,-9.82957e-09
0.00675,-1.10649e-12,-9.83e-09
0.00676,-1.10813e-12,-9.83044e-09
0.00677,-1.10977e-12,-9.83089e-09
0.00678,-1.11141e-12,-9.83134e-09
0.00679,-1.11305e-12,-9.83179e-09
0.0068,-1.11469e-12,-9.83222e-09
0.00681,-1.11632e-12,-9.83265e-09
0.00682,-1.11796e-12,-9.83305e-09
0.00683,-1.1196e-12,-9.83345e-09
0.00684,-1.12124e-12,-9.8338e-09
0.00685,-1.12288e-12,-9.83413e-09
0.00686,-1.12452e-12,-9.83442e-09
0.00687,-1.12616e-12,-9.83467e-09
0.00688,-1.1278e-12,-9.83488e-09
0.00689,-1.12944e-12,-9.83505e-09
0.0069,-1.13108e-12,-9.83519e-09
0.00691,-1.13271e-12,-9.83526e-09
0.00692,-1.13435e-12,-9.83529e-09
0.00693,-1.13599e-12,-9.83528e-09
0.00694,-1.13763e-12,-9.83524e-09
0.00695,-1.13927e-12,-9.83516e-09
0.00696,-1.14091e-12,-9.83503e-09
0.00697,-1.14255e-12,-9.83487e-09
0.00698,-1.14419e-12,-9.8347e-09
0.00699,-1.14583e-12,-9.83449e-09
0.007,-1.14747e-12,-9.83427e-09
0.00701,-1.14911e-12,-9.83404e-09
0.00702,-1.15074e-12,-9.83381e-09
0.00703,-1.15238e-12,-9.83359e-09
0.00704,-1.15402e-12,-9.83337e-09
0.00705,-1.15566e-12,-9.83317e-09
0.00706,-1.1573e-12,-9.83301e-09
0.00707,-1.15894e-12,-9.83285e-09
0.00708,-1.16058e-12,-9.83273e-09
0.00709,-1.16222e-12,-9.83266e-09
0.0071,-1.16386e-12,-9.83263e-09
0.00711,-1.16549e-12,-9.83264e-09
0.00712,-1.16713e-12,-9.83269e-09
0.00713,-1.16877e-12,-9.8328e-09
0.00714,-1.17041e-12,-9.83296e-09
0.00715,-1.17205e-12,-9.83317e-09
0.00716,-1.17369e-12,-9.8334e-09
0.00717,-1.17533e-12,-9.8337e-09
0.00718,-1.17697e-12,-9.83403e-09
0.00719,-1.17861e-12,-9.8344e-09
0.0072,-1.18024e-12,-9.83479e-09
0.00721,-1.18188e-12,-9.83523e-09
0.00722,-1.18352e-12,-9.83567e-09
0.00723,-1.18516e-12,-9.83611e-09
0.00724,-1.1868e-12,-9.83658e-09
0.00725,-1.18844e-12,-9.83703e-09
0.00726,-1.19008e-12,-9.83747e-09
0.00727,-1.19172e-12,-9.8379e-09
0.00728,-1.19336e-12,-9.8383e-09
0.00729,-1.195e-12,-9.83867e-09
0.0073,-1.19664e-12,-9.839e-09
0.00731,-1.19828e-12,-9.83929e-09
0.00732,-1.19992e-12,-9.83954e-09
0.00733,-1.20156e-12,-9.83972e-09
0.00734,-1.2032e-12,-9.83986e-09
0.00735,-1.20484e-12,-9.83995e-09
0.00736,-1.20648e-12,-9.83997e-09
0.00737,-1.20812e-12,-9.83993e-09
0.00738,-1.20976e-12,-9.83985e-09
0.00739,-1.2114e-12,-9.8397e-09
0.0074,-1.21304e-12,-9.83952e-09
0.00741,-1.21468e-12,-9.83928e-09
0.00742,-1.21632e-12,-9.83901e-09
0.00743,-1.21796e-12,-9.8387e-09
0.00744,-1.2196e-12,-9.83836e-09
0.00745,-1.22124e-12,-9.83799e-09
0.00746,-1.22288e-12,-9.83762e-09
0.00747,-1.22452e-12,-9.83723e-09
0.00748,-1.22616e-12,-9.83685e-09
0.00749,-1.2278e-12,-9.83648e-09
0.0075,-1.22944e-12,-9.83611e-09
0.00751,-1.23107e-12,-9.83577e-09
0.00752,-1.23271e-12,-9.83546e-09
0.00753,-1.23435e-12,-9.83518e-09
0.00754,-1.23599e-12,-9.83494e-09
0.00755,-1.23763e-12,-9.83474e-09
0.00756,-1.23927e-12,-9.83459e-09
0.00757,-1.24091e-12,-9.83449e-09
0.00758,-1.24255e-12,-9.83444e-09
0.00759,-1.24419e-12,-9.83444e-09
0.0076,-1.24583e-12,-9.8345e-09
0.00761,-1.24747e-12,-9.83461e-09
0.00762,-1.24911e-12,-9.83476e-09
0.00763,-1.25074e-12,-9.83496e-09
0.00764,-1.25238e-12,-9.83521e-09
0.00765,-1.25402e-12,-9.83551e-09
0.00766,-1.25566e-12,-9.83583e-09
0.00767,-1.2573e-12,-9.8362e-09
0.00768,-1.25894e-12,-9.83658e-09
0.00769,-1.26058e-12,-9.83699e-09
0.0077,-1.26222e-12,-9.83741e-09
0.00771,-1.26386e-12,-9.83783e-09
0.00772,-1.2655e-12,-9.83827e-09
0.00773,-1.26714e-12,-9.8387e-09
0.00774,-1.26878e-12,-9.83913e-09
0.00775,-1.27042e-12,-9.83955e-09
0.00776,-1.27206e-12,-9.83995e-09
0.00777,-1.2737e-12,-9.84033e-09
0.00778,-1.27534e-12,-9.84068e-09
0.00779,-1.27698e-12,-9.84101e-09
0.0078,-1.27862e-12,-9.84132e-09
0.00781,-1.28026e-12,-9.8416e-09
0.00782,-1.2819e-12,-9.84184e-09
0.00783,-1.28354e-12,-9.84206e-09
0.00784,-1.28518e-12,-9.84225e-09
0.00785,-1.28682e-12,-9.8424e-09
0.00786,-1.28846e-12,-9.84254e-09
0.00787,-1.2901e-12,-9.84264e-09
0.00788,-1.29174e-12,-9.84272e-09
0.00789,-1.29338e-12,-9.84278e-09
0.0079,-1.29502e-12,-9.84283e-09
0.00791,-1.29666e-12,-9.84285e-09
0.00792,-1.2983e-12,-9.84286e-09
0.00793,-1.29994e-12,-9.84285e-09
0.00794,-1.30158e-12,-9.84283e-09
0.00795,-1.30323e-12,-9.8428e-09
0.00796,-1.30487e-12,-9.84276e-09
0.00797,-1.30651e-12,-9.84272e-09
0.00798,-1.30815e-12,-9.84267e-09
0.00799,-1.30979e-12,-9.84262e-09
0.008,-1.31143e-12,-9.84257e-09
0.00801,-1.31307e-12,-9.84249e-09
0.00802,-1.31471e-12,-9.84241e-09
0.00803,-1.31635e-12,-9.84234e-09
0.00804,-1.31799e-12,-9.84224e-09
0.00805,-1.31963e-12,-9.84212e-09
0.00806,-1.32127e-12,-9.84203e-09
0.00807,-1.32291e-12,-9.84186e-09
0.00808,-1.32455e-12,-9.84172e-09
0.00809,-1.32619e-12,-9.84155e-09
0.0081,-1.32783e-12,-9.84136e-09
0.00811,-1.32947e-12,-9.84114e-09
0.00812,-1.33111e-12,-9.8409e-09
0.00813,-1.33275e-12,-9.84063e-09
0.00814,-1.33439e-12,-9.84033e-09
0.00815,-1.33603e-12,-9.84e-09
0.00816,-1.33767e-12,-9.83966e-09
0.00817,-1.33931e-12,-9.83928e-09
0.00818,-1.34095e-12,-9.83887e-09
0.00819,-1.34259e-12,-9.83843e-09
0.0082,-1.34423e-12,-9.83797e-09
0.00821,-1.34587e-12,-9.83748e-09
0.00822,-1.34751e-12,-9.83697e-09
0.00823,-1.34915e-12,-9.83645e-09
0.00824,-1.35079e-12,-9.8359e-09
0.00825,-1.35243e-12,-9.83535e-09
0.00826,-1.35407e-12,-9.83476e-09
0.00827,-1.35571e-12,-9.83418e-09
0.00828,-1.35735e-12,-9.8334e-09
0.00829,-1.35898e-12,-9.83303e-09
0.0083,-1.36062e-12,-9.8325e-09
0.00831,-1.36226e-12,-9.83193e-09
0.00832,-1.3639e-12,-9.83138e-09
0.00833,-1.36554e-12,-9.83083e-09
0.00834,-1.36718e-12,-9.83031e-09
0.00835,-1.36882e-12,-9.82984e-09
0.00836,-1.37045e-12,-9.82933e-09
0.00837,-1.37209e-12,-9.82889e-09
0.00838,-1.37373e-12,-9.82847e-09
0.00839,-1.37537e-12,-9.82804e-09
0.0084,-1.37701e-12,-9.82759e-09
0.00841,-1.37864e-12,-9.82739e-09
0.00842,-1.38028e-12,-9.82701e-09
0.00843,-1.38192e-12,-9.82671e-09
0.00844,-1.38356e-12,-9.82642e-09
0.00845,-1.3852e-12,-9.82619e-09
0.00846,-1.38683e-12,-9.82595e-09
0.00847,-1.38847e-12,-9.82571e-09
0.00848,-1.39011e-12,-9.82557e-09
0.00849,-1.39175e-12,-9.82535e-09
0.0085,-1.39338e-12,-9.82517e-09
0.00851,-1.39502e-12,-9.825e-09
0.00852,-1.39666e-12,-9.82482e-09
0.00853,-1.3983e-12,-9.82463e-09
0.00854,-1.39993e-12,-9.82442e-09
0.00855,-1.40157e-12,-9.82418e-09
0.00856,-1.40321e-12,-9.82389e-09
0.00857,-1.40484e-12,-9.82354e-09
0.00858,-1.40648e-12,-9.82312e-09
0.00859,-1.40812e-12,-9.82258e-09
0.0086,-1.40976e-12,-9.8219e-09
0.00861,-1.41139e-12,-9.82104e-09
0.00862,-1.41303e-12,-9.81997e-09
0.00863,-1.41467e-12,-9.81863e-09
0.00864,-1.4163e-12,-9.81694e-09
0.00865,-1.41794e-12,-9.81483e-09
0.00866,-1.41957e-12,-9.81221e-09
0.00867,-1.42121e-12,-9.80898e-09
0.00868,-1.42284e-12,-9.805e-09
0.00869,-1.42448e-12,-9.80013e-09
0.0087,-1.42611e-12,-9.79419e-09
0.00871,-1.42774e-12,-9.787e-09
0.00872,-1.42937e-12,-9.77829e-09
0.00873,-1.431e-12,-9.76782e-09
0.00874,-1.43263e-12,-9.7553e-09
0.00875,-1.43425e-12,-9.74038e-09
0.00876,-1.43588e-12,-9.72267e-09
0.00877,-1.43749e-12,-9.70175e-09
0.00878,-1.43911e-12,-9.67715e-09
0.00879,-1.44072e-12,-9.64831e-09
0.0088,-1.44232e-12,-9.61464e-09
0.00881,-1.44392e-12,-9.57551e-09
0.00882,-1.44552e-12,-9.53019e-09
0.00883,-1.4471e-12,-9.4779e-09
0.00884,-1.44868e-12,-9.41779e-09
0.00885,-1.45024e-12,-9.34894e-09
0.00886,-1.45179e-12,-9.27037e-09
0.00887,-1.45333e-12,-9.18104e-09
0.00888,-1.45485e-12,-9.07983e-09
0.00889,-1.45635e-12,-8.96561e-09
0.0089,-1.45784e-12,-8.83719e-09
0.00891,-1.4593e-12,-8.69337e-09
0.00892,-1.46074e-12,-8.53292e-09
0.00893,-1.46214e-12,-8.35465e-09
0.00894,-1.46352e-12,-8.15739e-09
0.00895,-1.46486e-12,-7.94004e-09
0.00896,-1.46616e-12,-7.70154e-09
0.00897,-1.46743e-12,-7.44098e-09
0.00898,-1.46864e-12,-7.15752e-09
0.00899,-1.46981e-12,-6.85049e-09
0.009,-1.47093e-12,-6.51937e-09
0.00901,-1.47198e-12,-6.16374e-09
0.00902,-1.47298e-12,-5.78343e-09
0.00903,-1.47391e-12,-5.37835e-09
0.00904,-1.47477e-12,-4.94863e-09
0.00905,-1.47556e-12,-4.4945e-09
0.00906,-1.47627e-12,-4.01633e-09
0.00907,-1.4769e-12,-3.51463e-09
0.00908,-1.47744e-12,-2.98997e-09
0.00909,-1.47789e-12,-2.443e-09
0.0091,-1.47825e-12,-1.87445e-09
0.00911,-1.47851e-12,-1.28499e-09
0.00912,-1.47868e-12,-6.75378e-10
0.00913,-1.47874e-12,-4.62623e-11
0.00914,-1.47869e-12,6.01745e-10
0.00915,-1.47854e-12,1.26819e-09
0.00916,-1.47827e-12,1.95242e-09
0.00917,-1.47788e-12,2.65422e-09
0.00918,-1.47738e-12,3.37338e-09
0.00919,-1.47676e-12,4.10984e-09
0.0092,-1.47601e-12,4.86364e-09
0.00921,-1.47514e-12,5.63496e-09
0.00922,-1.47413e-12,6.42415e-09
0.00923,-1.47299e-12,7.23164e-09
0.00924,-1.47172e-12,8.05796e-09
0.00925,-1.47031e-12,8.90379e-09
0.00926,-1.46875e-12,9.76984e-09
0.00927,-1.46705e-12,1.06569e-08
0.00928,-1.4652e-12,1.15658e-08
0.00929,-1.46319e-12,1.24974e-08
0.0093,-1.46103e-12,1.34525e-08
0.00931,-1.45871e-12,1.44319e-08
0.00932,-1.45622e-12,1.54363e-08
0.00933,-1.45356e-12,1.64666e-08
0.00934,-1.45073e-12,1.75231e-08
0.00935,-1.44772e-12,1.86063e-08
0.00936,-1.44452e-12,1.97166e-08
0.00937,-1.44114e-12,2.08542e-08
0.00938,-1.43757e-12,2.20193e-08
0.00939,-1.4338e-12,2.32117e-08
0.0094,-1.42983e-12,2.44314e-08
0.00941,-1.42566e-12,2.5678e-08
0.00942,-1.42127e-12,2.6951e-08
0.00943,-1.41667e-12,2.825e-08
0.00944,-1.41185e-12,2.95744e-08
0.00945,-1.40681e-12,3.09235e-08
0.00946,-1.40154e-12,3.22969e-08
0.00947,-1.39604e-12,3.36938e-08
0.00948,-1.39031e-12,3.51136e-08
0.00949,-1.38434e-12,3.65558e-08
0.0095,-1.37812e-12,3.802e-08
0.00951,-1.37166e-12,3.9506e-08
0.00952,-1.36495e-12,4.10135e-08
0.00953,-1.35799e-12,4.25427e-08
0.00954,-1.35077e-12,4.40938e-08
0.00955,-1.34329e-12,4.56672e-08
0.00956,-1.33555e-12,4.72633e-08
0.00957,-1.32754e-12,4.88831e-08
0.00958,-1.31925e-12,5.05272e-08
0.00959,-1.94593e-11,-0.000392385
0.0096,-2.51732e-10,-0.00255938
0.00961,-8.03434e-10,-0.00317272
0.00962,-5.92471e-10,0.00817887
0.00963,2.65835e-09,0.0322991
0.00964,1.07678e-08,0.0672721
0.00965,2.59501e-08,0.117691
0.00966,5.09323e-08,0.184847
0.00967,8.84302e-08,0.267522
0.00968,1.40812e-07,0.362907
0.00969,2.0991e-07,0.467541
0.0097,2.97002e-07,0.578396
0.00971,4.02935e-07,0.693356
0.00972,5.28285e-07,0.811277
0.00973,6.735e-07,0.931696
0.00974,8.38985e-07,1.05453
0.00975,1.02515e-06,1.17985
0.00976,1.23241e-06,1.30775
0.00977,1.46117e-06,1.4373
0.00978,1.7116e-06,1.56814
0.00979,1.98401e-06,1.70111
0.0098,2.27871e-06,1.83552
0.00981,2.59586e-06,1.97033
0.00982,2.93543e-06,2.10422
0.00983,3.29713e-06,2.23566
0.00984,3.68042e-06,2.36306
0.00985,4.08449e-06,2.48489
0.00986,4.50832e-06,2.59987
0.00987,4.95068e-06,2.70709
0.00988,5.41023e-06,2.80604
0.00989,5.88557e-06,2.89669
0.0099,6.37536e-06,2.97942
0.00991,6.87831e-06,3.05493
0.00992,7.39606e-06,3.20897
0.00993,7.94609e-06,3.38861
0.00994,8.52452e-06,3.54903
0.00995,9.12783e-06,3.68685
0.00996,9.75208e-06,3.79986
0.00997,1.0393e-05,3.88706
0.00998,1.10464e-05,3.94864
0.00999,1.17079e-05,3.98594
0.01,1.23738e-05,4.00134
0.01001,1.30406e-05,3.99817
0.01002,1.37057e-05,3.98031
0.01003,1.43668e-05,3.95219
0.01004,1.50228e-05,3.91832
0.01005,1.56729e-05,3.88306
0.01006,1.63173e-05,3.85036
0.01007,1.69566e-05,3.82347
0.01008,1.75922e-05,3.80476
0.01009,1.82254e-05,3.79566
0.0101,1.8858e-05,3.79658
0.01011,1.94915e-05,3.80705
0.01012,2.01275e-05,3.82588
0.01013,2.07672e-05,3.85132
0.01014,2.14115e-05,3.88134
0.01015,2.20611e-05,3.91386
0.01016,2.27162e-05,3.94696
0.01017,2.33767e-05,3.97901
0.01018,2.40424e-05,4.00882
0.01019,2.47128e-05,4.03569
0.0102,2.53874e-05,4.05939
0.01021,2.60658e-05,4.08019
0.01022,2.67474e-05,4.0987
0.01023,2.74319e-05,4.11582
0.01024,2.81193e-05,4.13259
0.01025,2.88095e-05,4.15002
0.01026,2.95027e-05,4.169
0.01027,3.01993e-05,4.19016
0.01028,3.08996e-05,4.2138
0.01029,3.1604e-05,4.2398
0.0103,3.23129e-05,4.26765
0.01031,3.30266e-05,4.29645
0.01032,3.37451e-05,4.32504
0.01033,3.44682e-05,4.35207
0.01034,3.51956e-05,4.37611
0.01035,3.59267e-05,4.39583
0.01036,3.66606e-05,4.4101
0.01037,3.73963e-05,4.41809
0.01038,3.81329e-05,4.4194
0.01039,3.88691e-05,4.41406
0.0104,3.96039e-05,4.4026
0.01041,4.03364e-05,4.386
0.01042,4.10657e-05,4.36562
0.01043,4.17915e-05,4.34315
0.01044,4.25134e-05,4.32046
0.01045,4.32317e-05,4.29953
0.01046,4.39468e-05,4.28222
0.01047,4.46594e-05,4.27018
0.01048,4.53706e-05,4.2647
0.01049,4.60814e-05,4.26662
0.0105,4.67932e-05,4.27623
0.01051,4.75072e-05,4.29329
0.01052,4.82246e-05,4.317
0.01053,4.89465e-05,4.34611
0.01054,4.96736e-05,4.379
0.01055,5.04063e-05,4.41379
0.01056,5.11448e-05,4.4485
0.01057,5.1889e-05,4.48119
0.01058,5.26383e-05,4.51006
0.01059,5.33921e-05,4.53362
0.0106,5.41492e-05,4.55076
0.01061,5.49086e-05,4.56079
0.01062,5.5669e-05,4.56351
0.01063,5.64294e-05,4.55919
0.01064,5.71884e-05,4.54855
0.01065,5.79453e-05,4.53271
0.01066,5.86991e-05,4.51304
0.01067,5.94495e-05,4.49116
0.01068,6.01962e-05,4.46877
0.01069,6.09391e-05,4.44752
0.0107,6.16788e-05,4.42896
0.01071,6.24157e-05,4.41438
0.01072,6.31505e-05,4.40477
0.01073,6.38842e-05,4.40076
0.01074,6.46178e-05,4.40258
0.01075,6.53521e-05,4.41011
0.01076,6.60881e-05,4.42289
0.01077,6.68266e-05,4.44016
0.01078,6.75683e-05,4.46099
0.01079,6.83138e-05,4.48432
0.0108,6.90632e-05,4.50908
0.01081,6.98168e-05,4.53424
0.01082,7.05746e-05,4.55887
0.01083,7.13364e-05,4.58228
0.01084,7.21019e-05,4.60393
0.01085,7.28709e-05,4.62351
0.01086,7.3643e-05,4.64097
0.01087,7.44178e-05,4.65644
0.01088,7.5195e-05,4.67026
0.01089,7.59745e-05,4.6829
0.0109,7.67559e-05,4.69493
0.01091,7.75394e-05,4.70693
0.01092,7.8325e-05,4.71949
0.01093,7.91127e-05,4.73315
0.01094,7.99028e-05,4.74833
0.01095,8.06955e-05,4.76535
0.01096,8.14913e-05,4.7844
0.01097,8.22905e-05,4.80553
0.01098,8.30933e-05,4.82868
0.01099,8.39001e-05,4.85367
0.011,8.47113e-05,4.88024
0.01101,8.55269e-05,4.90809
0.01102,8.63473e-05,4.93688
0.01103,8.71726e-05,4.96627
0.01104,8.80028e-05,4.99591
0.01105,8.88379e-05,5.02551
0.01106,8.96779e-05,5.05479
0.01107,9.05228e-05,5.0835
0.01108,9.13724e-05,5.11139
0.01109,9.22265e-05,5.13825
0.0111,9.30851e-05,5.16383
0.01111,9.39477e-05,5.18787
0.01112,9.48142e-05,5.21007
0.01113,9.56843e-05,5.2301
0.01114,9.65575e-05,5.24756
0.01115,9.74333e-05,5.26207
0.01116,9.83113e-05,5.27318
0.01117,9.91908e-05,5.28049
0.01118,0.000100071,5.28359
0.01119,0.000100952,5.28214
0.0112,0.000101832,5.27587
0.01121,0.00010271,5.26465
0.01122,0.000103586,5.24843
0.01123,0.000104459,5.22733
0.01124,0.000105328,5.2016
0.01125,0.000106193,5.1716
0.01126,0.000107052,5.13784
0.01127,0.000107905,5.10091
0.01128,0.000108752,5.06149
0.01129,0.000109592,5.02028
0.0113,0.000110426,4.978
0.01131,0.000111252,4.93534
0.01132,0.000112071,4.89292
0.01133,0.000112883,4.85126
0.01134,0.000113688,4.8108
0.01135,0.000114486,4.77182
0.01136,0.000115279,4.73451
0.01137,0.000116065,4.69892
0.01138,0.000116845,4.66498
0.01139,0.00011762,4.63256
0.0114,0.000118389,4.60142
0.01141,0.000119154,4.57128
0.01142,0.000119913,4.54184
0.01143,0.000120668,4.51278
0.01144,0.000121417,4.48384
0.01145,0.000122162,4.45477
0.01146,0.000122902,4.42538
0.01147,0.000123637,4.39555
0.01148,0.000124367,4.36521
0.01149,0.000125092,4.33434
0.0115,0.000125812,4.303
0.01151,0.000126527,4.27126
0.01152,0.000127236,4.23924
0.01153,0.00012794,4.20706
0.01154,0.000128638,4.17482
0.01155,0.000129331,4.14264
0.01156,0.000130019,4.11058
0.01157,0.000130702,4.07867
0.01158,0.000131379,4.04689
0.01159,0.000132051,4.0152
0.0116,0.000132717,3.98348
0.01161,0.000133378,3.95157
0.01162,0.000134034,3.91931
0.01163,0.000134685,3.88646
0.01164,0.00013533,3.85281
0.01165,0.000135969,3.81812
0.01166,0.000136602,3.78216
0.01167,0.00013723,3.74472
0.01168,0.00013785,3.7056
0.01169,0.000138465,3.66464
0.0117,0.000139072,3.62171
0.01171,0.000139672,3.57671
0.01172,0.000140264,3.52961
0.01173,0.000140848,3.48038
0.01174,0.000141424,3.42903
0.01175,0.000141991,3.37563
0.01176,0.000142549,3.32028
0.01177,0.000143098,3.26307
0.01178,0.000143637,3.20413
0.01179,0.000144166,3.1436
0.0118,0.000144684,3.08165
0.01181,0.000145193,3.01845
0.01182,0.000145691,2.95418
0.01183,0.000146178,2.88901
0.01184,0.000146654,2.82314
0.01185,0.000147119,2.75676
0.01186,0.000147572,2.69006
0.01187,0.000148015,2.62383
0.01188,0.000148447,2.55923
0.01189,0.000148869,2.49736
0.0119,0.00014928,2.43902
0.01191,0.000149682,2.38476
0.01192,0.000150075,2.33479
0.01193,0.00015046,2.28897
0.01194,0.000150838,2.24691
0.01195,0.000151209,2.20795
0.01196,0.000151574,2.17127
0.01197,0.000151933,2.13594
0.01198,0.000152286,2.10101
0.01199,0.000152634,2.06554
0.012,0.000152975,2.02867
0.01201,0.00015331,1.98962
0.01202,0.000153638,1.9477
0.01203,0.000153959,1.90231
0.01204,0.000154272,1.85285
0.01205,0.000154576,1.79874
0.01206,0.000154871,1.73935
0.01207,0.000155155,1.67389
0.01208,0.000155428,1.60139
0.01209,0.000155689,1.52062
0.0121,0.000155935,1.42997
0.01211,0.000156165,1.32744
0.01212,0.000156376,1.21058
0.01213,0.000156567,1.07614
0.01214,0.000156734,0.921058
0.01215,0.000156873,0.74361
0.01216,0.000156977,2.75754e-08
0.01217,0.000156977,2.33205e-08
0.01218,0.000156977,1.86579e-08
0.01219,0.000156977,1.37741e-08
0.0122,0.000156977,8.8532e-09
0.01221,0.000156977,4.10379e-09
0.01222,0.000156977,-2.88671e-10
0.01223,0.000156977,-4.15881e-09
0.01224,0.000156977,-7.36166e-09
0.01225,0.000156977,-9.75818e-09
0.01226,0.000156977,-1.12112e-08
0.01227,0.000156977,-1.18156e-08
0.01228,0.000156977,-1.19846e-08
0.01229,0.000156977,-1.19503e-08
0.0123,0.000156977,-1.17079e-08
0.01231,0.000156977,-1.11059e-08
0.01232,0.000156977,-1.00298e-08
0.01233,0.000156977,-8.58563e-09
0.01234,0.000156977,-6.95615e-09
0.01235,0.000156977,-5.29945e-09
0.01236,0.000156977,-3.74406e-09
0.01237,0.000156977,-2.39347e-09
0.01238,0.000156977,-1.32703e-09
0.01239,0.000156977,-5.99762e-10
0.0124,0.000156977,-2.42444e-10
0.01241,0.000156977,-2.61559e-10
0.01242,0.000156977,-6.40402e-10
0.01243,0.000156977,-1.34074e-09
0.01244,0.000156977,-2.3063e-09
0.01245,0.000156977,-3.46734e-09
0.01246,0.000156977,-4.74548e-09
0.01247,0.000156977,-6.05882e-09
0.01248,0.000156977,-7.32691e-09
0.01249,0.000156977,-8.47563e-09
0.0125,0.000156977,-9.44301e-09
0.01251,0.000156977,-1.01879e-08
0.01252,0.000156977,-1.06998e-08
0.01253,0.000156977,-1.10014e-08
0.01254,0.000156977,-1.11327e-08
0.01255,0.000156977,-1.11293e-08
0.01256,0.000156977,-1.1015e-08
0.01257,0.000156977,-1.08096e-08
0.01258,0.000156977,-1.054e-08
0.01259,0.000156977,-1.02446e-08
0.0126,0.000156977,-9.9667e-09
0.01261,0.000156977,-9.74278e-09
0.01262,0.000156977,-9.59562e-09
0.01263,0.000156977,-9.54082e-09
0.01264,0.000156977,-9.58072e-09
0.01265,0.000156977,-9.71495e-09
0.01266,0.000156977,-9.93597e-09
0.01267,0.000156977,-1.02305e-08
0.01268,0.000156977,-1.0579e-08
0.01269,0.000156977,-1.0955e-08
0.0127,0.000156977,-1.1325e-08
0.01271,0.000156977,-1.16526e-08
0.01272,0.000156977,-1.19109e-08
0.01273,0.000156977,-1.20956e-08
0.01274,0.000156977,-1.22206e-08
0.01275,0.000156977,-1.23046e-08
0.01276,0.000156977,-1.23621e-08
0.01277,0.000156977,-1.2403e-08
0.01278,0.000156977,-1.24325e-08
0.01279,0.000156977,-1.24524e-08
0.0128,0.000156977,-1.24531e-08
0.01281,0.000156977,-1.24534e-08
0.01282,0.000156977,-1.24536e-08
0.01283,0.000156977,-1.24537e-08
0.01284,0.000156977,-1.24538e-08
0.01285,0.000156977,-1.24539e-08
0.01286,0.000156977,-1.2454e-08
0.01287,0.000156977,-1.24526e-08
0.01288,0.000156977,-1.24542e-08
0.01289,0.000156977,-1.24542e-08
0.0129,0.000156977,-1.24542e-08
0.01291,0.000156977,-1.24544e-08
0.01292,0.000156977,-1.24544e-08
0.01293,0.000156977,-1.24545e-08
0.01294,0.000156977,-1.24545e-08
0.01295,0.000156977,-1.24546e-08
0.01296,0.000156977,-1.24546e-08
0.01297,0.000156977,-1.24546e-08
0.01298,0.000156977,-1.24547e-08
0.01299,0.000156977,-1.24547e-08
0.013,0.000156977,-1.24547e-08
0.01301,0.000156977,-1.24547e-08
0.01302,0.000156977,-1.24547e-08
0.01303,0.000156977,-1.24547e-08
0.01304,0.000156977,-1.24547e-08
0.01305,0.000156977,-1.24547e-08
0.01306,0.000156977,-1.24546e-08
0.01307,0.000156977,-1.24546e-08
0.01308,0.000156977,-1.24545e-08
0.01309,0.000156977,-1.24545e-08
0.0131,0.000156977,-1.24544e-08
0.01311,0.000156977,-1.24543e-08
0.01312,0.000156977,-1.24542e-08
0.01313,0.000156977,-1.24541e-08
0.01314,0.000156977,-1.2454e-08
0.01315,0.000156977,-1.24538e-08
0.01316,0.000156977,-1.24536e-08
0.01317,0.000156977,-1.24528e-08
0.01318,0.000156977,-2.35035e-07
0.01319,0.000156977,-1.24086e-08
0.0132,0.000156977,-1.23545e-08
0.01321,0.000156977,-1.22424e-08
0.01322,0.000156977,-1.20275e-08
0.01323,0.000156977,-1.16236e-08
0.01324,0.000156977,-1.09988e-08
0.01325,0.000156977,-1.02424e-08
0.01326,0.000156977,-9.46718e-09
0.01327,0.000156977,-8.75098e-09
0.01328,0.000156977,-8.14451e-09
0.01329,0.000156977,-7.68249e-09
0.0133,0.000156977,-7.3885e-09
0.01331,0.000156977,-7.27668e-09
0.01332,0.000156977,-7.35223e-09
0.01333,0.000156977,-7.61156e-09
0.01334,0.000156977,-8.04229e-09
0.01335,0.000156977,-8.62241e-09
0.01336,0.000156977,-9.31986e-09
0.01337,0.000156977,-1.00876e-08
0.01338,0.000156977,-1.08545e-08
0.01339,0.000156977,-1.15142e-08
0.0134,0.000156977,-1.19633e-08
0.01341,0.000156977,-1.2209e-08
0.01342,0.000156977,-1.23363e-08
0.01343,0.000156977,-1.24066e-08
0.01344,0.000156977,-1.2449e-08
0.01345,0.000156977,-3.98522e-08
0.01346,0.000156977,-1.24535e-08
0.01347,0.000156977,-1.24539e-08
0.01348,0.000156977,-1.24539e-08
0.01349,0.000156977,-1.24541e-08
0.0135,0.000156977,-1.24539e-08
0.01351,0.000156977,-1.24543e-08
0.01352,0.000156977,-1.24544e-08
0.01353,0.000156977,-1.24545e-08
0.01354,0.000156977,-1.24545e-08
0.01355,0.000156977,-1.24546e-08
0.01356,0.000156977,-1.24547e-08
0.01357,0.000156977,-1.24546e-08
0.01358,0.000156977,-1.33444e-08
0.01359,0.000156977,-1.24549e-08
0.0136,0.000156977,-1.2455e-08
0.01361,0.000156977,-1.2455e-08
0.01362,0.000156977,-1.2455e-08
0.01363,0.000156977,-1.24551e-08
0.01364,0.000156977,1.79797e-08
0.01365,0.000156977,-1.24552e-08
0.01366,0.000156977,-1.23654e-08
0.01367,0.000156977,-1.24554e-08
0.01368,0.000156977,-1.24553e-08
0.01369,0.000156977,-1.24553e-08
0.0137,0.000156977,-1.24553e-08
0.01371,0.000156977,-1.24554e-08
0.01372,0.000156977,-1.24554e-08
0.01373,0.000156977,-6.16662e-09
0.01374,0.000156977,-1.24555e-08
0.01375,0.000156977,-1.24555e-08
0.01376,0.000156977,-1.24556e-08
0.01377,0.000156977,-1.24556e-08
0.01378,0.000156977,-1.24556e-08
0.01379,0.000156977,-1.24557e-08
0.0138,0.000156977,-1.24564e-08
0.01381,0.000156977,-1.24557e-08
0.01382,0.000156977,-1.24557e-08
0.01383,0.000156977,-1.24558e-08
0.01384,0.000156977,-1.24558e-08
0.01385,0.000156977,-1.24558e-08
0.01386,0.000156977,-1.24559e-08
0.01387,0.000156977,-1.24559e-08
0.01388,0.000156977,-1.24559e-08
0.01389,0.000156977,-1.24559e-08
0.0139,0.000156977,-1.24559e-08
0.01391,0.000156977,-1.2456e-08
0.01392,0.000156977,-1.2456e-08
0.01393,0.000156977,-1.24534e-08
0.01394,0.000156977,-1.24561e-08
0.01395,0.000156977,-1.24563e-08
0.01396,0.000156977,-1.24563e-08
0.01397,0.000156977,-1.24561e-08
0.01398,0.000156977,-1.24561e-08
0.01399,0.000156977,-1.24563e-08
0.014,0.000156977,-1.24565e-08
0.01401,0.000156977,-1.24562e-08
0.01402,0.000156977,-1.24562e-08
0.01403,0.000156977,-1.24566e-08
0.01404,0.000156977,-1.24563e-08
0.01405,0.000156977,-1.24562e-08
0.01406,0.000156977,-1.24575e-08
0.01407,0.000156977,-1.24678e-08
0.01408,0.000156977,-1.24563e-08
0.01409,0.000156977,-1.24563e-08
0.0141,0.000156977,-1.24564e-08
0.01411,0.000156977,-1.24564e-08
0.01412,0.000156977,-1.24564e-08
0.01413,0.000156977,-1.24564e-08
0.01414,0.000156977,-1.24564e-08
0.01415,0.000156977,-1.24565e-08
0.01416,0.000156977,-1.24565e-08
0.01417,0.000156977,-1.24565e-08
0.01418,0.000156977,-1.24565e-08
0.01419,0.000156977,-1.24581e-08
0.0142,0.000156977,-1.24565e-08
0.01421,0.000156977,-1.24553e-08
0.01422,0.000156977,-1.24366e-08
0.01423,0.000156977,-1.24566e-08
0.01424,0.000156977,-1.24566e-08
0.01425,0.000156977,-1.24566e-08
0.01426,0.000156977,-1.24566e-08
0.01427,0.000156977,-1.24554e-08
0.01428,0.000156977,-1.24567e-08
0.01429,0.000156977,-1.24567e-08
0.0143,0.000156977,-1.24567e-08
0.01431,0.000156977,-1.24567e-08
0.01432,0.000156977,-1.24576e-08
0.01433,0.000156977,-1.24321e-08
0.01434,0.000156977,-1.24568e-08
0.01435,0.000156977,-1.24568e-08
0.01436,0.000156977,-1.24568e-08
0.01437,0.000156977,-1.24568e-08
0.01438,0.000156977,-1.24568e-08
0.01439,0.000156977,-1.24568e-08
0.0144,0.000156977,-1.24568e-08
0.01441,0.000156977,-1.24569e-08
0.01442,0.000156977,-1.24569e-08
0.01443,0.000156977,-1.24569e-08
0.01444,0.000156977,-1.24569e-08
0.01445,0.000156977,-1.24569e-08
0.01446,0.000156977,-1.24569e-08
0.01447,0.000156977,-1.24569e-08
0.01448,0.000156977,-1.2457e-08
0.01449,0.000156977,-1.2457e-08
0.0145,0.000156977,-1.2457e-08
0.01451,0.000156977,-1.2457e-08
0.01452,0.000156977,-1.2457e-08
0.01453,0.000156977,-1.2457e-08
0.01454,0.000156977,-1.2457e-08
0.01455,0.000156977,-1.24571e-08
0.01456,0.000156977,-1.24571e-08
0.01457,0.000156977,-1.24571e-08
0.01458,0.000156977,-1.24571e-08
0.01459,0.000156977,-1.24585e-08
0.0146,0.000156977,-1.24605e-08
0.01461,0.000156977,-1.24461e-08
0.01462,0.000156977,-1.2442e-08
0.01463,0.000156977,-1.24571e-08
0.01464,0.000156977,-1.24572e-08
0.01465,0.000156977,-1.24572e-08
0.01466,0.000156977,-1.24573e-08
0.01467,0.000156977,-1.24585e-08
0.01468,0.000156977,-1.24572e-08
0.01469,0.000156977,-1.24572e-08
0.0147,0.000156977,-1.24572e-08
0.01471,0.000156977,-1.24572e-08
0.01472,0.000156977,-1.24573e-08
0.01473,0.000156977,-1.24573e-08
0.01474,0.000156977,-1.24573e-08
0.01475,0.000156977,-1.24572e-08
0.01476,0.000156977,-1.24573e-08
0.01477,0.000156977,-1.24558e-08
0.01478,0.000156977,-1.24573e-08
0.01479,0.000156977,-1.24573e-08
0.0148,0.000156977,-1.24573e-08
0.01481,0.000156977,-1.24574e-08
0.01482,0.000156977,-1.24574e-08
0.01483,0.000156977,-1.24574e-08
0.01484,0.000156977,-1.24576e-08
0.01485,0.000156977,-1.24574e-08
0.01486,0.000156977,-1.24575e-08
0.01487,0.000156977,-1.24601e-08
0.01488,0.000156977,-1.24605e-08
0.01489,0.000156977,-1.245e-08
0.0149,0.000156977,-1.2455e-08
0.01491,0.000156977,-1.2458e-08
0.01492,0.000156977,-1.24581e-08
0.01493,0.000156977,-1.24575e-08
0.01494,0.000156977,-1.24575e-08
0.01495,0.000156977,-1.24577e-08
0.01496,0.000156977,-1.24572e-08
0.01497,0.000156977,-1.24575e-08
0.01498,0.000156977,-1.24575e-08
0.01499,0.000156977,-1.24562e-08
0.015,0.000156977,-1.24573e-08
0.01501,0.000156977,-1.24575e-08
0.01502,0.000156977,-1.24576e-08
0.01503,0.000156977,-1.24576e-08
0.01504,0.000156977,-1.24576e-08
0.01505,0.000156977,-1.24576e-08
0.01506,0.000156977,-1.24576e-08
0.01507,0.000156977,-1.24576e-08
0.01508,0.000156977,-1.24576e-08
0.01509,0.000156977,-1.24576e-08
0.0151,0.000156977,-1.24576e-08
0.01511,0.000156977,-1.24576e-08
0.01512,0.000156977,-1.24576e-08
0.01513,0.000156977,-1.24576e-08
0.01514,0.000156977,-1.24577e-08
0.01515,0.000156977,-1.24577e-08
0.01516,0.000156977,-1.24577e-08
0.01517,0.000156977,-1.24577e-08
0.01518,0.000156977,-1.2458e-08
0.01519,0.000156977,-1.24574e-08
0.0152,0.000156977,-1.24577e-08
0.01521,0.000156977,-1.24577e-08
0.01522,0.000156977,-1.24577e-08
0.01523,0.000156977,-1.24577e-08
0.01524,0.000156977,-1.24577e-08
0.01525,0.000156977,-1.24577e-08
0.01526,0.000156977,-1.24578e-08
0.01527,0.000156977,-1.24578e-08
0.01528,0.000156977,-1.24578e-08
0.01529,0.000156977,-1.24578e-08
0.0153,0.000156977,-1.24578e-08
0.01531,0.000156977,-1.24578e-08
0.01532,0.000156977,-1.24578e-08
0.01533,0.000156977,-1.24578e-08
0.01534,0.000156977,-1.24578e-08
0.01535,0.000156977,-1.24578e-08
0.01536,0.000156977,-1.24577e-08
0.01537,0.000156977,-1.24579e-08
0.01538,0.000156977,-1.24579e-08
0.01539,0.000156977,-1.24579e-08
0.0154,0.000156977,-1.24579e-08
0.01541,0.000156977,-1.24579e-08
0.01542,0.000156977,-1.24579e-08
0.01543,0.000156977,-1.24579e-08
0.01544,0.000156977,-1.24579e-08
0.01545,0.000156977,-1.24579e-08
0.01546,0.000156977,-1.24579e-08
0.01547,0.000156977,-1.24579e-08
0.01548,0.000156977,-1.24579e-08
0.01549,0.000156977,-1.24579e-08
0.0155,0.000156977,-1.24579e-08
0.01551,0.000156977,-1.24579e-08
0.01552,0.000156977,-1.24579e-08
0.01553,0.000156977,-1.24579e-08
0.01554,0.000156977,-1.24606e-08
0.01555,0.000156977,-1.2458e-08
0.01556,0.000156977,-1.2458e-08
0.01557,0.000156977,-1.2458e-08
0.01558,0.000156977,-1.2458e-08
0.01559,0.000156977,-1.2458e-08
0.0156,0.000156977,-1.2458e-08
0.01561,0.000156977,-1.2458e-08
0.01562,0.000156977,-1.2458e-08
0.01563,0.000156977,-1.2458e-08
0.01564,0.000156977,-1.2458e-08
0.01565,0.000156977,-1.2458e-08
0.01566,0.000156977,-1.2458e-08
0.01567,0.000156977,-1.2458e-08
0.01568,0.000156977,-1.24581e-08
0.01569,0.000156977,-1.24581e-08
0.0157,0.000156977,-1.24581e-08
0.01571,0.000156977,-1.24581e-08
0.01572,0.000156977,-1.24581e-08
0.01573,0.000156977,-1.24581e-08
0.01574,0.000156977,-1.24581e-08
0.01575,0.000156977,-1.24581e-08
0.01576,0.000156977,-1.24581e-08
0.01577,0.000156977,-1.24581e-08
0.01578,0.000156977,-1.24581e-08
0.01579,0.000156977,-1.24581e-08
0.0158,0.000156977,-1.24581e-08
0.01581,0.000156977,-1.24581e-08
0.01582,0.000156977,-1.24581e-08
0.01583,0.000156977,-1.24582e-08
0.01584,0.000156977,-1.24581e-08
0.01585,0.000156977,-1.24579e-08
0.01586,0.000156977,-1.24582e-08
0.01587,0.000156977,-1.24582e-08
0.01588,0.000156977,-1.24583e-08
0.01589,0.000156977,-1.24582e-08
0.0159,0.000156977,-1.24582e-08
0.01591,0.000156977,-1.24582e-08
0.01592,0.000156977,-1.24582e-08
0.01593,0.000156977,-1.24582e-08
0.01594,0.000156977,-1.24582e-08
0.01595,0.000156977,-1.24582e-08
0.01596,0.000156977,-1.24582e-08
0.01597,0.000156977,-1.24582e-08
0.01598,0.000156977,-1.24583e-08
0.01599,0.000156977,-1.24583e-08
0.016,0.000156977,-1.24583e-08
0.01601,0.000156977,-1.24583e-08
0.01602,0.000156977,-1.24583e-08
0.01603,0.000156977,-1.24583e-08
0.01604,0.000156977,-1.24583e-08
0.01605,0.000156977,-1.24583e-08
0.01606,0.000156977,-1.24583e-08
0.01607,0.000156977,-1.24583e-08
0.01608,0.000156977,-1.24583e-08
0.01609,0.000156977,-1.24583e-08
0.0161,0.000156977,-1.24583e-08
0.01611,0.000156977,-1.24583e-08
0.01612,0.000156977,-1.24583e-08
0.01613,0.000156977,-1.24583e-08
0.01614,0.000156977,-1.24583e-08
0.01615,0.000156977,-1.24584e-08
0.01616,0.000156977,-1.24584e-08
0.01617,0.000156977,-1.24584e-08
0.01618,0.000156977,-1.24584e-08
0.01619,0.000156977,-1.24584e-08
0.0162,0.000156977,-1.24584e-08
0.01621,0.000156977,-1.24584e-08
0.01622,0.000156977,-1.24584e-08
0.01623,0.000156977,-1.24584e-08
0.01624,0.000156977,-1.24584e-08
0.01625,0.000156977,-1.24584e-08
0.01626,0.000156977,-1.24584e-08
0.01627,0.000156977,-1.24584e-08
0.01628,0.000156977,-1.24584e-08
0.01629,0.000156977,-1.24584e-08
0.0163,0.000156977,-1.24584e-08
0.01631,0.000156977,-1.24584e-08
0.01632,0.000156977,-1.24584e-08
0.01633,0.000156977,-1.24585e-08
0.01634,0.000156977,-1.24585e-08
0.01635,0.000156977,-1.24585e-08
0.01636,0.000156977,-1.24585e-08
0.01637,0.000156977,-1.24585e-08
0.01638,0.000156977,-1.24586e-08
0.01639,0.000156977,-1.24585e-08
0.0164,0.000156977,-1.24585e-08
0.01641,0.000156977,-1.24585e-08
0.01642,0.000156977,-1.24585e-08
0.01643,0.000156977,-1.24585e-08
0.01644,0.000156977,-1.24585e-08
0.01645,0.000156977,-1.24579e-08
0.01646,0.000156977,-1.24585e-08
0.01647,0.000156977,-1.24585e-08
0.01648,0.000156977,-1.24585e-08
0.01649,0.000156977,-1.24585e-08
0.0165,0.000156977,-1.24587e-08
0.01651,0.000156977,-1.24585e-08
0.01652,0.000156977,-1.24587e-08
0.01653,0.000156977,-1.24586e-08
0.01654,0.000156977,-1.24586e-08
0.01655,0.000156977,-1.24586e-08
0.01656,0.000156977,-1.24586e-08
0.01657,0.000156977,-1.24586e-08
0.01658,0.000156977,-1.24586e-08
0.01659,0.000156977,-1.24586e-08
0.0166,0.000156977,-1.24586e-08
0.01661,0.000156977,-1.24586e-08
0.01662,0.000156977,-1.24644e-08
0.01663,0.000156977,-1.24586e-08
0.01664,0.000156977,-1.24586e-08
0.01665,0.000156977,-1.24586e-08
0.01666,0.000156977,-1.24586e-08
