"time","Capacitor1.i","IdealDiode3.v"
0, -500.848528137424,-282.842712474619
0.0001, -500.829606425858,1.0369809420312
0.0002, -500.3826824211,2.00042509726982
0.0003, -498.229935599173,2.00255750927452
0.0004, -494.708310470992,2.00605887519909
0.0005, -490.301434162492,2.01044559380385
0.0006, -485.495203891898,2.01523178884495
0.0007, -480.774632187259,2.01993246383763
0.0008, -476.620705670415,2.02406664328564
0.0009, -473.507274189855,2.02716048359217
0.001, -471.897987926438,2.02875033602973
0.0011, -472.24329982307,2.02838574441574
0.0012, -474.977550297705,2.02563236053514
0.0013, -480.516150707244,2.02007476083996
0.0014, -489.252881452887,2.01131914853595
0.0015, -500.578828010328,-15.0567142102972
0.0016, -500.567684663705,-20.0330378488047
0.0017, -500.557508800165,-25.4989195269383
0.0018, -500.548300013262,-31.4453963261596
0.0019, -500.448856541873,-38.6259521903634
0.002, -494.606821646263,-50.9240334426856
0.0021, -480.015041611221,-63.4529679189859
0.0022, -457.196679341811,-76.227104839692
0.0023, -426.725030899287,-89.2587739344347
0.0024, -389.219979515279,-102.55814886717
0.0025, -345.344044926559,-116.133112609223
0.0026, -295.798198629636,-129.989136523401
0.0027, -241.317469039467,-144.129173876256
0.0028, -182.666361353563,-158.553568437629
0.0029, -120.634118283721,-173.259978727477
0.003, -56.0298486601421,-188.243318381179
0.0031, 10.3224483964746,-203.495713013205
0.0032, 77.5889355051422,-219.00647386572
0.0033, 144.931036648927,-234.762088433832
0.0034, 211.510555568503,-250.746228163416
0.0035, 276.494784043237,-266.939773221149
0.0036, 339.061571281979,-283.320854240259
0.0037, 398.404325909895,-299.864910849936
0.0038, 453.736922460256,-316.544766701987
0.0039, 504.298484856855,-333.330720615633
0.004, 549.35802010434,-350.190653370809
0.0041, 588.21887627966,-367.09014959259
0.0042, 620.222999940135,-383.992634084671
0.0043, 644.754969219255,-400.859521888902
0.0044, 661.245780170148,-417.650381270989
0.0045, 669.176365325683,-434.323108760052
0.0046, 668.08082497012,-450.834115302331
0.0047, 657.549353247535,-467.138522527094
0.0048, 637.230842960285,-483.190368066241
0.0049, 606.835154726151,-498.942818818452
0.005, 566.135038053937,-514.348391004248
0.0051, 514.967693856142,-529.359175820338
0.0052, 453.235969930594,-543.927069470206
0.0053, 382.310984680034,-550.481266595398
0.0054, 306.727359320202,-552.79498198788
0.0055, 226.862541059485,-554.60296033241
0.0056, 142.783440859109,-555.87680908026
0.0057, 54.590662635645,-556.588696523448
0.0058, -37.5817761681539,-556.711576067869
0.0059, -133.566973796762,-556.219406686978
0.006, -184.484088851644,-555.120665540471
0.0061, -185.93024908436,-553.882447124295
0.0062, -183.723668224636,-552.650665126862
0.0063, -178.341198868217,-551.447615673283
0.0064, -170.278644757895,-550.292332147421
0.0065, -160.047522567844,-549.200472748225
0.0066, -148.171741312581,-548.184229937647
0.0067, -135.184217381826,-547.252262768325
0.0068, -121.623444540136,-546.409651441877
0.0069, -108.030038449977,-545.657875079939
0.007, -94.9432753848751,-544.994812735581
0.0071, -82.897644797876,-544.414767147146
0.0072, -72.4194353010238,-543.908511598772
0.0073, -64.0233733910569,-543.463358953773
0.0074, -58.2093339315056,-543.063253362391
0.0075, -55.4591409671685,-542.688882915968
0.0076, -56.2334769143188,-542.317813494208
0.0077, -60.9689175344134,-541.924642810102
0.0078, -70.0751093682489,-541.48117309785
0.0079, -83.9321054873191,-540.956602709855
0.008, -102.887874507037,-540.317733838208
0.0081, -127.255996818974,-539.529196904937
0.0082, -157.313560928771,-538.553688718423
0.0083, -193.299271651998,-537.352224299241
0.0084, -235.411780717108,-535.884400019938
0.0085, -283.808249067989,-534.108666881593
0.0086, -335.366866354425,-531.992582340536
0.0087, -385.812133434242,-529.537614126468
0.0088, -435.281231994705,-526.750665148384
0.0089, -433.93606198151,-523.849876941142
0.009, -425.030714295166,-520.991644659063
0.0091, -409.21299840602,-518.223076685132
0.0092, -387.02584530338,-515.587870968744
0.0093, -359.051065444686,-513.125979579513
0.0094, -325.905338272008,-510.873331886415
0.0095, -288.236178689672,-508.861610475407
0.0096, -246.717843762928,-507.118062932562
0.0097, -202.047095235742,-505.665342031364
0.0098, -154.938842063569,-504.521374479566
0.0099, -106.121687786799,-503.699259107918
0.01, -56.3334080584473,-503.20719529941
0.0101, -6.31638398542435,-503.048441478143
0.0102, 43.1869828535146,-503.221304299132
0.0103, 91.4388477921278,-503.719158440845
0.0104, 137.710467028061,-504.530496608481
0.0105, 181.286682534886,-505.639009667789
0.0106, 221.470322700279,-507.023696401347
0.0107, 257.586493967156,-508.659002127956
0.0108, 288.986739402845,-510.514985120039
0.0109, 315.053040901507,-512.557510512238
0.011, 335.201642635815,-514.748469786696
0.0111, 348.88667440526,-517.046024926799
0.0112, 355.603554678157,-519.404876083172
0.0113, 354.892154385867,-521.776550303684
0.0114, 346.339703888919,-524.109711184565
0.0115, 329.583426997731,-526.350485468583
0.0116, 304.312887472555,-528.442807276406
0.0117, 270.272035057479,-530.328775692851
0.0118, 227.260939794267,-531.949025258655
0.0119, 176.624224367111,-533.243572754486
0.012, 123.134806686586,-534.174951901264
0.0121, 67.040065995637,-534.725169671447
0.0122, 8.22681306404371,-534.876491656519
0.0123, -53.3955563107734,-534.610529447718
0.0124, -117.893906744489,-533.908395039816
0.0125, -185.310388272163,-532.750863181075
0.0126, -184.107496861974,-376.628548815347
0.0127, -168.139771325589,-361.003878118263
0.0128, -148.343057331192,-345.343376619268
0.0129, -125.290424089855,-329.673791737674
0.013, -99.5744751091948,-314.020006709744
0.0131, -71.8035742397611,-298.404966921073
0.0132, -42.5979887386401,-282.849618901047
0.0133, -12.5859712733943,-267.372862232177
0.0134, 17.6001968434646,-251.991514555503
0.0135, 47.3281787199983,-236.720289778645
0.0136, 75.9695487270501,-221.571789518064
0.0137, 102.90373066744,-206.556507732185
0.0138, 127.521885018216,-191.682848427341
0.0139, 149.230723313408,-176.957156244937
0.014, 167.456228177369,-162.38375966574
0.0141, 181.647258079194,-147.965026496406
0.0142, 191.279016555957,-133.701431234632
0.0143, 195.85636644182,-119.591633842954
0.0144, 194.916970533731,-105.632569397906
0.0145, 188.034241124106,-91.8195480205942
0.0146, 174.820081923579,-78.1463644380662
0.0147, 154.927407080844,-64.6054164716578
0.0148, 128.052423273369,-51.1878316994674
0.0149, 93.9366621872831,-37.8836014954349
0.015, 52.3687521144076,-24.6817216073242
0.0151, 3.18591886902715,-11.5703384006671
0.0152, -53.7247922512245,1.46310013468909
0.0153, -115.103944327176,2.0066462625665
0.0154, -177.140768460727,2.02762322268997
0.0155, -239.902852487997,2.06283011844522
0.0156, -303.455779561166,2.11214436261053
0.0157, -346.478998580497,2.15417306029983
0.0158, -340.709894050235,2.15995348578105
0.0159, -329.083373733782,2.17159155024042
0.016, -312.12313489049,2.18856359727688
0.0161, -290.385094545824,2.21031374508655
0.0162, -264.453776837296,2.23625749892048
0.0163, -234.938571993518,2.26578549185667
0.0164, -202.469861094867,2.29826735982862
0.0165, -167.695028788128,2.33305572873942
0.0166, -131.274386714187,2.36949029090347
0.0167, -93.8770308662058,2.40690194759881
0.0168, -56.1766564243833,2.44461699418426
0.0169, -18.8473538118851,2.48196132403819
0.017, 17.4405902216208,2.51826462751086
0.0171, 52.0248627477329,2.55286456215036
0.0172, 84.2552424989698,2.58511087066177
0.0173, 113.497642191625,2.61436942339003
0.0174, 139.13805258214,2.64002616257611
0.0175, 160.586366092457,2.66149092622135
0.0176, 177.280058549459,2.67820113010226
0.0177, 188.687708406801,2.68962528730427
0.0178, 194.312333759476,2.69526634558184
0.0179, 193.694528508042,2.69466482390047
0.018, 186.41538017974,2.68740173066512
0.0181, 172.09915315815,2.67310124738531
0.0182, 150.415722408098,2.65143316286039
0.0183, 121.082744196862,2.62211504438341
0.0184, 83.8675517990973,2.58491413394921
0.0185, 38.5948820047186,2.53965456796906
0.0186, -11.0454348108963,2.49001438647509
0.0187, -61.9490529356223,2.43911023230847
0.0188, -114.271215172444,2.38678684460458
0.0189, -168.154318014566,2.33290180684969
0.019, -223.726510322981,2.27732694837108
0.0191, -263.913119873561,2.23700970936093
0.0192, -248.854949091048,2.25205047893667
0.0193, -228.763774885656,2.27212431683071
0.0194, -204.211243048245,2.29665963501345
0.0195, -175.795999046684,2.32505784393104
0.0196, -144.139846950035,2.35669718938944
0.0197, -109.883808987897,2.39093669277215
0.0198, -73.684082859741,2.4271201935481
0.0199, -36.2079198429295,2.4645804710215
0.02, 1.87055284825976,2.50264342187275
0.0201, 39.8745417311201,2.54063226976798
0.0202, 77.1288048874769,2.57787178317585
0.0203, 112.963854094639,2.61369247752448
0.0204, 146.720117514848,2.64743477795817
0.0205, 177.752039461825,2.67845311921289
0.0206, 205.432094153296,2.70611995951844
0.0207, 229.154690876332,2.72982968595249
0.0208, 248.339948632966,2.74900238931374
0.0209, 262.437319098361,2.76308748734434
0.021, 270.92903760294,2.7715671760115
0.0211, 273.333382840707,2.77395968954912
0.0212, 269.207727104738,2.76982235105773
0.0213, 258.151360046009,2.75875439665709
0.0214, 239.808070241717,2.7403995574756
0.0215, 213.868470234864,2.71444838513515
0.0216, 180.0720521588,2.68064030784256
0.0217, 138.208962582195,2.63876540572101
0.0218, 88.1214867937489,2.58866589559712
0.0219, 30.1294470795866,2.52980430750394
0.022, -30.7307961401025,2.45706326996391
0.0221, -93.0459064211447,2.36895024536904
0.0222, -156.885013137802,2.26551076613111
0.0223, -222.303561027549,2.14681166776395
0.0224, -289.342409458111,2.01294131820788
0.0225, -290.083907228051,-139.058979083377
0.0226, -278.92782705709,-153.035299508048
0.0227, -262.866391127725,-167.16756523695
0.0228, -242.450772435636,-181.45636995441
0.0229, -218.258155132677,-195.900333478861
0.023, -190.88834384442,-210.496038464906
0.0231, -160.959742496558,-225.237971407091
0.0232, -129.105436886891,-240.118482027665
0.0233, -95.9692008974139,-255.127755905309
0.0234, -62.2014490700994,-270.253800546507
0.0235, -28.4551585430641,-285.482445025304
0.0236, 4.61821652259476,-300.797353240252
0.0237, 36.3728148932553,-316.18005076024
0.0238, 66.1723995846742,-331.609965153893
0.0239, 93.3943278016532,-347.064479621086
0.024, 117.433437123372,-362.518999669806
0.0241, 137.705826066201,-377.947032507927
0.0242, 153.652507778627,-393.320278747605
0.0243, 164.742916368071,-408.608735950541
0.0244, 170.478246212276,-423.780813475492
0.0245, 170.394605571355,-438.803458025526
0.0246, 164.065966882699,-453.642289232238
0.0247, 151.106897282863,-468.261744557395
0.0248, 131.175054151282,-482.625232739827
0.0249, 103.973431805829,-496.695294967156
0.025, 69.2523468899491,-510.433772908111
0.0251, 26.811151466504,-523.801982702373
0.0252, -23.2476822610611,-533.35841246668
0.0253, -76.0591636844053,-533.038825239442
0.0254, -129.825907602432,-532.378247035609
0.0255, -184.681817919527,-531.369712864958
0.0256, -240.750342930185,-530.005392508002
0.0257, -298.14311704104,-528.276662858673
0.0258, -290.766868809362,-526.314079396428
0.0259, -274.464300057229,-524.443462586589
0.026, -253.138909971467,-522.703596855962
0.0261, -227.370311025203,-521.125471309176
0.0262, -197.764826621228,-519.73609322971
0.0263, -164.951632287712,-518.558326460607
0.0264, -129.578774055442,-517.61075667207
0.0265, -92.3090867308916,-516.907582629756
0.0266, -53.816035330069,-516.458536185155
0.0267, -14.7795033226419,-516.268829204193
0.0268, 24.1184484040018,-516.339129208177
0.0269, 62.1978278298877,-516.665563536435
0.027, 98.7849393174765,-517.239751079842
0.0271, 133.216568479674,-518.048862825481
0.0272, 164.844100804229,-519.075709283698
0.0273, 193.037550843501,-520.298855434476
0.0274, 217.18947931685,-521.692762073144
0.0275, 236.718776134574,-523.227952515754
0.0276, 251.074288135138,-524.871203898215
0.0277, 259.73827122768,-526.58576194915
0.0278, 262.229647643333,-528.331578058101
0.0279, 258.107050116765,-530.065566889562
0.028, 246.971636035421,-531.741883400514
0.0281, 228.469655903417,-533.312217855951
0.0282, 202.294761862441,-534.726106311723
0.0283, 168.190043481612,-535.931255876903
0.0284, 125.949779570998,-536.873881692713
0.0285, 75.4208963716831,-537.499054926343
0.0286, 18.6952661229576,-537.75723362503
0.0287, -39.6550147250766,-537.629863664336
0.0288, -99.5761900917481,-537.106735367047
0.0289, -161.154192983061,-536.176995965775
0.029, -224.460094899343,-534.829283277645
0.0291, -279.259030497561,-533.066876198603
0.0292, -269.889442734827,-531.242769900359
0.0293, -255.360364568338,-529.503768625659
0.0294, -236.214097214743,-527.882000829266
0.0295, -213.018505858824,-526.405734353773
0.0296, -186.366713119819,-525.09940436056
0.0297, -156.872338562654,-523.983403208945
0.0298, -125.165569814021,-523.073958414216
0.0299, -91.8891826347793,-522.383039509634
0.03, -57.6944964908546,-521.918291819588
0.0301, -23.2372886199503,-521.682996868719
0.0302, 10.8263102138583,-521.676060708671
0.0303, 43.8439150246556,-521.892029118249
0.0304, 75.1709577799132,-522.321130511841
0.0305, 104.174707455439,-522.949345225129
0.0306, 130.238216300258,-523.758501712905
0.0307, 152.764170092021,-524.726398531698
0.0308, 171.17862073487,-525.82695131639
0.0309, 184.934580242349,-527.030364568645
0.031, 193.51545595697,-528.303325860065
0.0311, 196.438307772736,-529.609223093644
0.0312, 193.256909153634,-530.908382022858
0.0313, 183.564594861761,-532.158323639919
0.0314, 166.996879527084,-533.314039075094
0.0315, 143.233832491635,-534.328281631701
0.0316, 112.002195745614,-535.151872808683
0.0317, 73.0772332233158,-535.734021762664
0.0318, 26.2843012449264,-536.02265571692
0.0319, -27.5535038879978,-535.964705962442
0.032, -83.1862959802993,-535.526037780755
0.0321, -139.894799820584,-534.697778563384
0.0322, -197.790242591151,-533.472404557529
0.0323, -256.97259775941,-531.841707937886
0.0324, -302.133217193259,-405.542079973019
0.0325, -291.486433616932,-389.750247879868
0.0326, -275.412818415043,-373.877944099691
0.0327, -254.462135711617,-357.957097484266
0.0328, -229.211932634823,-342.017822482974
0.0329, -200.266312519979,-326.088383501136
0.033, -168.251312997385,-310.195073655615
0.0331, -133.810928696539,-294.362133052249
0.0332, -97.6030529321222,-278.611680790741
0.0333, -60.2953475984471,-262.963660573878
0.0334, -22.5610647577692,-247.435800136073
0.0335, 14.925156361271,-232.043584627532
0.0336, 51.4914931441949,-216.800244011059
0.0337, 86.4731203718027,-201.716754449408
0.0338, 119.216344393978,-186.801853581673
0.0339, 149.082667386455,-172.062069509317
0.034, 175.452758807549,-157.501763235148
0.0341, 197.730311730153,-143.123184223264
0.0342, 215.345762399279,-128.926538674524
0.0343, 227.759852165164,-114.910070041096
0.0344, 234.467011854241,-101.070151235711
0.0345, 234.998549661415,-87.4013879261558
0.0346, 228.925624774491,-73.896732244342
0.0347, 215.861990162231,-60.5476061817903
0.0348, 195.466489273285,-47.3440338902152
0.0349, 167.445292787222,-34.2747820571135
0.035, 131.553863031558,-21.3275074824023
0.0351, 87.598635214527,-8.48891094315951
0.0352, 35.5518360654626,2.0002268648026
0.0353, -20.1219929195091,2.00979156407531
0.0354, -77.1599995681667,2.03334210265082
0.0355, -135.671208045547,2.07074849945349
0.0356, -195.751383148583,2.12187307282226
0.0357, -257.481886177252,2.18657106865767
0.0358, -278.395915504521,2.22226486098077
0.0359, -265.568729731631,2.23510422152204
0.036, -247.762234084107,2.25292316587287
0.0361, -225.536441781483,2.27516171246459
0.0362, -199.477980117515,2.30123325979278
0.0363, -170.196338245899,2.33052833840217
0.0364, -138.319994762604,2.36241848311329
0.0365, -104.492444342207,2.39626020623526
0.0366, -69.3681460897771,2.43139904910261
0.0367, -33.6084166705969,2.46717368887577
0.0368, 2.12270845389889,2.50292007727611
0.0369, 37.1626222148793,2.53797558778741
0.037, 70.8542780740227,2.57168314784806
0.0371, 102.550283758713,2.60339533268113
0.0372, 131.616933493932,2.63247839766215
0.0373, 157.438156012802,2.65831622650526
0.0374, 179.419356134655,2.68031417305525
0.0375, 196.991128327592,2.69790277510253
0.0376, 209.61282142462,2.71054131938664
0.0377, 216.775934521712,2.71772123781766
0.0378, 218.007325064681,2.7189693159178
0.0379, 212.872211204594,2.71385069556322
0.038, 200.976951680687,2.7019716552813
0.0381, 181.971587754335,2.6829821526257
0.0382, 155.552133070726,2.65657811450239
0.0383, 121.46259875079,2.62250346274733
0.0384, 79.4967425134014,2.58055186375267
0.0385, 29.4995321827364,2.530568192494
0.0386, -26.2436450111426,2.47482730109258
0.0387, -83.2415100186237,2.41782865051631
0.0388, -141.490156601285,2.35957844891993
0.0389, -201.088428519116,2.29997783509526
0.039, -262.122558155271,2.23894055798845
0.0391, -294.263672984974,2.20666602795407
0.0392, -282.900122209836,2.21801185564443
0.0393, -266.308451473686,2.23458582845622
0.0394, -245.041235396422,2.25583543554099
0.0395, -219.679252371286,2.28117995666972
0.0396, -190.827756908204,2.31001418962845
0.0397, -159.112628796167,2.34171230081927
0.0398, -125.176412058356,2.37563178610808
0.0399, -89.6742663082671,2.41111751931085
0.04, -53.2698535674177,2.44750586525964
0.0401, -16.631183923812,2.48412883406893
0.0402, 19.5735563982601,2.52031825303257
0.0403, 54.6801709295323,2.55540993252309
0.0404, 88.0325892521631,2.58874780233808
0.0405, 118.986950351196,2.61968799514239
0.0406, 146.91561000367,2.64760285398867
0.0407, 171.211049650246,2.67188484135971
0.0408, 191.289664779945,2.69195032776272
0.0409, 206.595411566805,2.70724323861229
0.041, 216.603291321832,2.71723853896439
0.0411, 220.82265326047,2.72144553659994
0.0412, 218.800297131339,2.71941098500133
0.0413, 210.12335839573,2.71072196891003
0.0414, 194.421959889538,2.69500855639342
0.0415, 171.371615223535,2.67194620267633
0.0416, 140.695370589026,2.64125789239961
0.0417, 102.16567311235,2.60271600844801
0.0418, 55.6059554461835,2.5561439170321
0.0419, 1.85189267121785,2.5004511373783
0.042, -53.8886684726169,2.4302953004216
0.0421, -110.921451646027,2.34484866375199
0.0422, -169.354921000513,2.2441372033348
0.0423, -229.284710436611,2.12820766049836
0.0424, -289.356431300725,-122.739855400384
0.0425, -279.508804517703,-136.595055259941
0.0426, -264.299316226819,-150.613361932204
0.0427, -244.271960091568,-164.800979347009
0.0428, -219.999886265927,-179.158180184752
0.0429, -192.081716663834,-193.683188815627
0.043, -161.137730007807,-208.372117435547
0.0431, -127.80593067821,-223.218915215663
0.0432, -92.7380238726577,-238.215330782108
0.0433, -56.5953200124823,-253.350888285477
0.0434, -20.0445916902374,-268.612877242389
0.0435, 16.2460933241948,-283.986356253448
0.0436, 51.6115394050106,-299.454170623217
0.0437, 85.3935671463335,-314.996983829247
0.0438, 116.94511078565,-330.593322708769
0.0439, 145.634245868353,-346.219636154195
0.044, 170.848124474304,-361.850367032252
0.0441, 191.996795878208,-377.458036966875
0.0442, 208.516891192863,-393.013343553452
0.0443, 219.875151335768,-408.485269501829
0.0444, 225.571778567774,-423.841203138213
0.0445, 225.143592866491,-439.047069632063
0.0446, 218.16697551768,-454.067472253509
0.0447, 204.26058351976,-468.865842910362
0.0448, 183.087819702007,-483.404601161242
0.0449, 154.359044842892,-497.645320853623
0.045, 117.833519533641,-511.54890349239
0.0451, 73.3210650600719,-525.075757406383
0.0452, 20.7706010529723,-536.208089737066
0.0453, -35.4379163010603,-536.169142184404
0.0454, -92.8964244391302,-535.765414128399
0.0455, -151.711029665326,-534.988078983858
0.0456, -211.975450078425,-533.827639992154
0.0457, -273.769884984557,-532.27401237001
0.0458, -286.946061416096,-530.382095304731
0.0459, -274.041297372569,-528.522229867036
0.046, -256.110345443096,-526.770468082617
0.0461, -233.713989915588,-525.157902985029
0.0462, -207.439881932447,-523.711770889236
0.0463, -177.89878289987,-522.45528807515
0.0464, -145.720684594452,-521.407513765325
0.0465, -111.550826998527,-520.583239030941
0.0466, -76.0456365786055,-519.992902487843
0.0467, -39.8686081265722,-519.642533962951
0.0468, -3.68615355665315,-519.533725031522
0.0469, 31.8365588017946,-519.663627590489
0.047, 66.0397508631681,-520.024980375069
0.0471, 98.2731439620384,-520.606162521062
0.0472, 127.900007359666,-521.391274466055
0.0473, 154.301123270341,-522.360245703112
0.0474, 176.878646101058,-523.488968070637
0.0475, 195.059834222711,-524.749454715106
0.0476, 208.300633339,-526.110022789112
0.0477, 216.089091378558,-527.535499927239
0.0478, 217.948585809926,-528.987451947387
0.0479, 213.440845352524,-530.424432106088
0.048, 202.168749235582,-531.802248463009
0.0481, 183.778888419987,-533.074249858487
0.0482, 157.963874553473,-534.191627277096
0.0483, 124.464383855904,-535.103729820207
0.0484, 83.0709246311241,-535.75839270934
0.0485, 33.6253186588772,-536.102276202541
0.0486, -21.4421837012383,-536.088655486594
0.0487, -77.7708053670735,-535.702303230948
0.0488, -135.391801114627,-534.93488654442
0.0489, -194.408587064941,-533.777334664933
0.049, -254.911618780734,-532.219942806819
0.0491, -289.539758581918,-530.315219314872
0.0492, -277.843841037063,-528.43262308582
0.0493, -260.948563849634,-526.650842672638
0.0494, -239.408889506198,-525.002182663513
0.0495, -213.806157680806,-523.51504476735
0.0496, -184.746902915946,-522.213899533085
0.0497, -152.858102189899,-521.11908350895
0.0498, -118.783205752796,-520.246679767695
0.0499, -83.1780837764978,-519.608425766194
0.05, -46.7069095587788,-519.211648206806
0.0501, -10.0380026805913,-519.059225823355
0.0502, 26.1603443020383,-519.149579806481
0.0503, 61.2240319973835,-519.476692044805
0.0504, 94.4972895940699,-520.030150848015
0.0505, 125.33675620934,-520.795224406356
0.0506, 153.115485166227,-521.75296087978
0.0507, 177.226848663022,-522.880314798499
0.0508, 197.088320891348,-524.15029879046
0.0509, 212.145118371575,-525.532160465559
0.051, 221.873677106775,-526.99158235805
0.0511, 225.784947097495,-528.490904274804
0.0512, 223.427485809369,-529.989367155622
0.0513, 214.390333337102,-531.443376245079
0.0514, 198.305653251597,-532.806782645139
0.0515, 174.851124449768,-534.031181150226
0.0516, 143.752070737111,-535.066223125682
0.0517, 104.783316356691,-535.859942484876
0.0518, 57.7707572249662,-536.359092377666
0.0519, 3.47384518697282,-536.509376884169
0.052, -52.8953166783716,-536.274829432728
0.0521, -110.562988130737,-535.644924339238
0.0522, -169.632927148498,-534.6106802495
0.0523, -230.196057488001,-533.162487577101
0.0524, -290.989595011159,-406.273477618394
0.0525, -281.601776971918,-390.512183567048
0.0526, -266.839963426106,-374.670659613743
0.0527, -247.246188337605,-358.776134487264
0.0528, -223.390759540526,-342.858597052677
0.0529, -195.869864433393,-326.94619436836
0.053, -165.301585736424,-311.065132938637
0.0531, -132.321854514798,-295.239592966262
0.0532, -97.5804367825124,-279.491660644654
0.0533, -61.7368485956657,-263.841273904277
0.0534, -25.4562228656512,-248.306181827581
0.0535, 10.5948486411973,-232.901917869095
0.0536, 45.752474556277,-217.641786938965
0.0537, 79.3596008822054,-202.536866329599
0.0538, 110.770102319915,-187.59602038699
0.0539, 139.352804876536,-172.82592875072
0.054, 164.495417100083,-158.23112791044
0.0541, 185.608347836551,-143.814065751919
0.0542, 202.128389071256,-129.575168693042
0.0543, 213.522243205305,-115.512920939959
0.0544, 219.289875017631,-101.623955326037
0.0545, 218.967669572892,-87.9031551320672
0.0546, 212.131378446993,-74.3437662253373
0.0547, 198.398837851403,-60.9375187983317
0.0548, 177.432443533936,-47.6747579350463
0.0549, 148.941368714126,-34.5445821845996
0.055, 112.683512766415,-21.5349892782882
0.0551, 68.4671698830732,-8.63302808754274
0.0552, 16.257492967197,2.00021016408959
0.0553, -39.4900209975261,2.00972191943147
0.0554, -96.4583319405061,2.0332912309337
0.0555, -154.757220138065,2.07078774005278
0.0556, -214.484261162827,2.12207286026909
0.0557, -275.723665607992,2.18700041325489
0.0558, -286.852268155262,2.2138076679419
0.0559, -273.525898441848,2.22714613080477
0.056, -255.176959609703,2.24550744198194
0.0561, -232.368588222481,2.26832849697556
0.0562, -205.690621783083,2.29501948444658
0.0563, -175.756048591995,2.32496743614124
0.0564, -143.197026000196,2.35754020843751
0.0565, -108.660886294094,2.39209047630715
0.0566, -72.8060634892778,2.42795980640971
0.0567, -36.2979641753566,2.46448278617601
0.0568, 0.19519413223054,2.5009911854269
0.0569, 36.0065535387126,2.53681812693146
0.057, 70.4747716078223,2.57130224229836
0.0571, 102.948139006439,2.60379178971558
0.0572, 132.788635724074,2.63364871030522
0.0573, 159.375903014372,2.66025260024096
0.0574, 182.111108715311,2.68300457628295
0.0575, 200.420684234739,2.70133101301567
0.0576, 213.759912238519,2.71468713082523
0.0577, 221.616344945996,2.72256041451839
0.0578, 223.513033913143,2.72447384346261
0.0579, 219.011553267185,2.71998891520779
0.058, 207.7147995339,2.70870844573051
0.0581, 189.269552475386,2.69027913071399
0.0582, 163.368782708805,2.66439385363383
0.0583, 129.753693314048,2.63079372785364
0.0584, 88.2154841400643,2.58926986143771
0.0585, 38.5968290830222,2.53966483495162
0.0586, -16.7254706073331,2.48434472436449
0.0587, -73.3528609288569,2.42771667830416
0.0588, -131.30479955825,2.36976331886771
0.0589, -190.682200579461,2.3103837135231
0.059, -251.572802243433,2.24949010432516
0.0591, -288.567144903945,2.21236249381913
0.0592, -277.184154046294,2.22372780877264
0.0593, -260.604898177855,2.24028942272254
0.0594, -239.382651433714,2.26149411727349
0.0595, -214.096959661258,2.28676240330261
0.0596, -185.352598325572,2.31548955733852
0.0597, -153.774800950766,2.34705039174367
0.0598, -120.005298847504,2.38080321479906
0.0599, -84.6982772588092,2.41609387440317
0.06, -48.5162678549352,2.45225986546181
0.0601, -12.126000925918,2.48863447762229
0.0602, 23.8057591972106,2.52455095982003
0.0603, 58.616371905511,2.5593466780514
0.0604, 91.6514477514422,2.59236724286403
0.0605, 122.268922263532,2.62297058326356
0.0606, 149.843053173689,2.65053094407345
0.0607, 173.768318559497,2.67444278424881
0.0608, 193.463193991705,2.69412455423466
0.0609, 208.373787490646,2.70902233116893
0.061, 217.977311918188,2.71861329155762
0.0611, 221.785375375162,2.72240900198857
0.0612, 219.347071217967,2.71995850949622
0.0613, 210.25185045439,2.7108512143359
0.0614, 194.13216052161,2.69471950916699
0.0615, 170.665835774476,2.67124116997207
0.0616, 139.578226421357,2.64014148544614
0.0617, 100.644054124308,2.60119511306943
0.0618, 53.6889840202745,2.55422765161913
0.0619, -0.514700170650428,2.49821624168112
0.062, -56.7500868732026,2.42781473269211
0.0621, -114.255697897014,2.34213342061255
0.0622, -173.136537432216,2.24120000918399
0.0623, -233.484973423991,2.12506287280883
0.0624, -292.275313625917,-122.914469442306
0.0625, -282.699089491874,-136.755096490616
0.0626, -267.74349346638,-150.762398271256
0.0627, -247.950683458042,-164.938190190339
0.0628, -223.892518104188,-179.282811306047
0.0629, -196.16644359439,-193.794556503668
0.063, -165.391685118056,-208.469612254146
0.0631, -132.205321500465,-223.302005347674
0.0632, -97.2582654324345,-238.283564939151
0.0633, -61.2111722027499,-253.403898167442
0.0634, -24.7303002041518,-268.650379533347
0.0635, 11.5166532888776,-284.008154143101
0.0636, 46.8647174722104,-299.460154845779
0.0637, 80.6557909309169,-314.987133214219
0.0638, 112.2427387234,-330.5677042409
0.0639, 140.993420527452,-346.178404542605
0.064, 166.294627163569,-361.793763791405
0.0641, 187.555903361689,-377.386389014857
0.0642, 204.213235306804,-392.927061335675
0.0643, 215.73258228791,-408.384844650895
0.0644, 221.613232677534,-423.727205683279
0.0645, 221.390965480041,-438.920144773532
0.0646, 214.640999801656,-453.928336721297
0.0647, 200.980715805078,-468.715280926264
0.0648, 180.072132011754,-483.243460028164
0.0649, 151.624125197948,-497.474506196458
0.065, 115.39438058619,-511.369374177282
0.0651, 71.1910615588382,-524.888520166857
0.0652, 18.979055308409,-535.820376965922
0.0653, -36.7898813266065,-535.771163522439
0.0654, -93.7995504906219,-535.360137059676
0.0655, -152.159393146014,-534.578520451007
0.0656, -211.966500995306,-533.416843375221
0.0657, -273.304460200917,-531.865025118208
0.0658, -285.797115151825,-529.978984643321
0.0659, -272.561188460696,-528.128218124323
0.066, -254.307842424312,-526.387725919619
0.0661, -231.599635484842,-524.788535014636
0.0662, -205.025931240353,-523.357803851354
0.0663, -175.19913267988,-522.118659923137
0.0664, -142.750793301295,-521.090063017994
0.0665, -108.327626416262,-520.28669461896
0.0666, -72.5874354035469,-519.718874613318
0.0667, -36.1949880725084,-519.392505050689
0.0668, 0.182141427541751,-519.309041879296
0.0669, 35.8777395765793,-519.465494165729
0.067, 70.2311057448319,-519.854451324591
0.0671, 102.591166281372,-520.464137439944
0.0672, 132.320527216312,-521.278493508817
0.0673, 158.799442746031,-522.277285301584
0.0674, 181.429677174044,-523.436238445356
0.0675, 199.63823861542,-524.727197476523
0.0676, 212.880963518196,-526.118310242282
0.0677, 220.645931925172,-527.574234671192
0.0678, 222.456694372456,-529.056367898761
0.0679, 217.875292403503,-530.523096126217
0.068, 206.505055857205,-531.930063139157
0.0681, 187.993161358131,-533.230457027116
0.0682, 162.032937795092,-534.375312578277
0.0683, 128.365906005995,-535.31382792255
0.0684, 86.7835413893465,-535.993693442038
0.0685, 37.1287497243193,-536.361431802334
0.0686, -18.2297634189637,-536.369953295662
0.0687, -74.8840178518226,-536.003618346683
0.0688, -132.851449959806,-535.253956618305
0.0689, -192.232878392888,-534.111769672165
0.069, -253.116030937731,-532.5672432283
0.0691, -289.345988168333,-530.668464704036
0.0692, -277.944625821371,-528.785884034363
0.0693, -261.342824275689,-527.002157749621
0.0694, -240.093961067521,-525.349607290764
0.0695, -214.777750789433,-523.856657871306
0.0696, -185.999145170323,-522.547815700307
0.0697, -154.383573991385,-521.443462996501
0.0698, -120.572984072913,-520.55973894511
0.0699, -85.2217941912903,-519.908446788349
0.07, -48.9927862483009,-519.496988404512
0.0701, -12.5529560472636,-519.328326833318
0.0702, 23.4306527845671,-519.400975986287
0.0703, 58.2951081320662,-519.70901832226
0.0704, 91.3857184691699,-520.242150314175
0.0705, 122.060108367282,-520.985755100924
0.0706, 149.692217462935,-521.921001849591
0.0707, 173.676200376678,-523.024971433301
0.0708, 193.430205664405,-524.270807968833
0.0709, 208.400012593814,-525.627894163449
0.071, 218.06250536332,-527.06205109962
0.0711, 221.928965323096,-528.535759561692
0.0712, 219.548162800692,-530.008403252509
0.0713, 210.509231283568,-531.436530919791
0.0714, 194.444307948677,-532.774137412616
0.0715, 171.030925860411,-533.97296051071
0.0716, 139.994144562978,-534.982793165568
0.0717, 101.108407274945,-535.751808473378
0.0718, 54.1991144351908,-536.22689579322
0.0719, 0.0455153597595768,-536.353907733769
0.072, -56.1366601675491,-536.097211508945
0.0721, -113.593686748729,-535.446495587848
0.0722, -172.43092010458,-534.392930500104
0.0723, -232.741042312763,-532.927046977647
0.0724, -291.824512760371,-406.145724508934
0.0725, -282.226862859752,-390.385656241158
0.0726, -267.252500971068,-374.542425248275
0.0727, -247.443680744013,-358.646887714575
0.0728, -223.372345007351,-342.729051782099
0.0729, -195.636008245195,-326.817069833638
0.073, -164.85394769207,-310.937144829658
0.0731, -131.663277707481,-295.113449464213
0.0732, -96.7149298362165,-279.36805850559
0.0733, -60.669561464047,-263.72089461265
0.0734, -24.1934163405662,-248.189687840974
0.0735, 12.0458395338775,-232.789948974834
0.0736, 47.3832830589215,-217.53495674263
0.0737, 81.1608766600131,-202.435758894712
0.0738, 112.731564992377,-187.501187044236
0.0739, 141.463302617744,-172.737885094183
0.074, 166.742989976376,-158.150350997096
0.0741, 187.980295520446,-143.740991519687
0.0742, 204.611342549748,-129.510189611318
0.0743, 216.102240077146,-115.456383905253
0.0744, 221.952437956354,-101.576159814005
0.0745, 221.697887514566,-87.8643516157287
0.0746, 214.913990048157,-74.3141548678581
0.0747, 201.218316749741,-60.9172484270904
0.0748, 180.273084935952,-47.6639253022703
0.0749, 151.787376827381,-34.5432315181524
0.075, 115.519088589168,-21.543112124626
0.0751, 71.2765988645872,-8.6505634472156
0.0752, 19.0227549005027,2.00020521087244
0.0753, -36.7991501326973,2.00968209028099
0.0754, -93.8616297740199,2.03320663311891
0.0755, -152.273734725404,2.07064884534613
0.0756, -212.132171058587,2.12187057514107
0.0757, -273.520146853193,2.18672614538063
0.0758, -286.008264768234,2.21465189141307
0.0759, -272.807390126773,2.22786486690924
0.076, -254.587671275908,2.24609696452533
0.0761, -231.911482446296,2.26878584206324
0.0762, -205.36801230217,2.2953423370046
0.0763, -175.569499090844,2.32515423113022
0.0764, -143.1473426572,2.35759013831295
0.0765, -108.748114583006,2.39200349422583
0.0766, -73.0294892059611,2.42773662521022
0.0767, -36.6561186782449,2.46412487314622
0.0768, -0.295475494649565,2.50050075289442
0.0769, 35.3863139359595,2.53619811873631
0.077, 69.7286210929262,2.57055631623
0.0771, 102.080429057242,2.60292429601829
0.0772, 131.804384925487,2.63266466637791
0.0773, 158.280768092712,2.65915766167801
0.0774, 180.911352080999,2.681805004423
0.0775, 199.12313821899,2.70003363918426
0.0776, 212.371940228289,2.71329931747523
0.0777, 220.145799638004,2.721090013489
0.0778, 221.968212923341,2.72292915159344
0.0779, 217.401152346159,2.71837862755862
0.078, 206.047863652547,2.7070416066704
0.0781, 187.555425054867,2.6885650831546
0.0782, 161.617053280317,2.66264218669183
0.0783, 127.974143901177,2.62901422323509
0.0784, 86.4180346631194,2.58747243884422
0.0785, 36.7914820904379,2.53785949681257
0.0786, -18.5287052084332,2.48254147809985
0.0787, -75.1409230262933,2.42592858060155
0.0788, -133.064489140614,2.36800357004232
0.0789, -192.400549740688,2.30866528195895
0.079, -253.237170709101,2.24782563094529
0.0791, -289.319037533886,2.21161050638163
0.0792, -277.882433177387,2.22302943036461
0.0793, -261.245796126741,2.23964841954554
0.0794, -239.962693345521,2.26091396408553
0.0795, -214.613029326857,2.2862462169419
0.0796, -185.801940124612,2.31504009408197
0.0797, -154.155034111163,2.34667003304523
0.0798, -120.314430023848,2.38049395470754
0.0799, -84.934710939975,2.41585730915059
0.08, -48.6788145471596,2.45209718527637
0.0801, -12.2138830693335,2.48854646080771
0.0802, 23.7929036073414,2.52453796913019
0.0803, 58.678488009269,2.55940865937667
0.0804, 91.7880648297083,2.59250372623253
0.0805, 122.479157048993,2.62318068614807
0.0806, 150.125615445367,2.65081337698159
0.0807, 174.12151898497,2.67479585856179
0.0808, 193.884954171582,2.69454619224716
0.0809, 208.861652143523,2.70951007827081
0.081, 218.528463137089,2.71916433048629
0.0811, 222.396648871345,2.72302016906944
0.0812, 220.014974459263,2.72062631277769
0.0813, 210.972582594374,2.71157185351521
0.0814, 194.90163400556,2.69548889719337
0.0815, 171.479699499649,2.67205495620439
0.0816, 140.431890320963,2.64099508023409
0.0817, 101.53271503538,2.6020837136194
0.0818, 54.6076526906327,2.55514626899913
0.0819, 0.433035842386175,2.49915550678598
0.082, -55.7757531726262,2.42876652500304
0.0821, -113.262017733577,2.34309411568392
0.0822, -172.130892900613,2.24216591730555
0.0823, -232.474822670302,2.1260302662177
0.0824, -291.750706329213,-122.916098001665
0.0825, -282.18043504568,-136.759021401979
0.0826, -267.233679817413,-150.768038053089
0.0827, -247.452524240306,-164.945510667725
0.0828, -223.408757556339,-179.291769036745
0.0829, -195.699741454211,-193.805099034838
0.083, -164.944602007982,-208.481678428527
0.0831, -131.780304887937,-223.315525657526
0.0832, -96.8576362409605,-238.298461925938
0.0833, -60.8371121484786,-253.420086864949
0.0834, -24.3848399251897,-268.667767951714
0.0835, 11.8316452443583,-284.026643791024
0.0836, 47.1475447404192,-299.479641287858
0.0837, 80.904938454207,-315.007506660391
0.0838, 112.456880851436,-330.588850164571
0.0839, 141.171428053281,-346.200204324015
0.084, 166.435573258123,-361.816095382636
0.0841, 187.659068375679,-377.409127622737
0.0842, 204.278110415077,-392.950080118761
0.0843, 215.758871957679,-408.408015426644
0.0844, 221.600855949366,-423.750399641478
0.0845, 221.340056056262,-438.943233192001
0.0846, 214.551904943435,-453.951191679924
0.0847, 200.853994046564,-468.73777601536
0.0848, 179.908549705995,-483.265471047256
0.0849, 151.42465191547,-497.495911839664
0.085, 115.160183394207,-511.390056701446
0.0851, 70.9234982136836,-524.908366038824
0.0852, 18.6778609628557,-535.858173442905
0.0853, -37.1313674618269,-535.806795950485
0.0854, -94.1787346223724,-535.39334669442
0.0855, -152.573407065756,-534.609066720904
0.0856, -212.41222371187,-533.444505941489
0.0857, -273.778541445357,-531.88960530963
0.0858, -286.098828703607,-530.001028675912
0.0859, -272.880146246683,-528.148175078059
0.086, -254.642245684974,-526.405488551887
0.0861, -231.947602930063,-524.804008464002
0.0862, -205.385509488394,-523.370906132243
0.0863, -175.568307216249,-522.129322398655
0.0864, -143.127499758105,-521.098230557413
0.0865, -108.709762109717,-520.292326138872
0.0866, -72.9728710641199,-519.721943093771
0.0867, -36.5815797032993,-519.392997834871
0.0868, -0.20345936887901,-519.306960530173
0.0869, 35.495267311273,-519.460854540512
0.087, 69.8538787546148,-519.847283487138
0.0871, 102.221268648781,-520.45448545698
0.0872, 131.959998854834,-521.266414982847
0.0873, 158.450268156245,-522.262851479809
0.0874, 181.093774527124,-523.419533273
0.0875, 199.317449222079,-524.708317482578
0.0876, 212.577041742316,-526.097363818963
0.0877, 220.360535596549,-527.551341517665
0.0878, 222.191375751308,-529.031658356871
0.0879, 217.631489746131,-530.496710227681
0.088, 206.284085627696,-531.902150206975
0.0881, 187.796211129707,-533.201174417286
0.0882, 161.861059877754,-534.344825130461
0.0883, 128.22001183599,-535.282306701447
0.0884, 86.6643967089146,-535.961315219424
0.0885, 37.0369705787888,-536.328377561745
0.0886, -18.2859894917826,-536.336438769013
0.0887, -74.902842660259,-535.969890962917
0.0888, -132.832797298529,-535.220266169517
0.0889, -192.176949388187,-534.078365323069
0.089, -253.023302092735,-532.534371520086
0.0891, -289.227779173265,-530.636335294531
0.0892, -277.800117177301,-528.754656961524
0.0893, -261.17286200937,-526.972004833283
0.0894, -239.899532034814,-525.32069403162
0.0895, -214.559974859721,-523.829142650072
0.0896, -185.759269854763,-522.521848767894
0.0897, -154.122967313026,-521.41918584789
0.0898, -120.293126773902,-520.537283416047
0.0899, -84.9242713280063,-519.887934347992
0.09, -48.6792782220081,-519.478529682999
0.0901, -12.2252291204275,-519.312020753773
0.0902, 23.7707564320247,-519.386909354353
0.0903, 58.6456807509471,-519.697265474406
0.0904, 91.7447974358317,-520.232772538407
0.0905, 122.425687164678,-520.978800447097
0.0906, 150.062256886924,-521.916504773571
0.0907, 174.04863990452,-523.022952845849
0.0908, 193.802974922941,-524.271274798366
0.0909, 208.771042862337,-525.630839729047
0.091, 218.429741048641,-527.067454829876
0.0911, 222.290375341895,-528.543587364084
0.0912, 219.901751807147,-530.018607557167
0.0913, 210.853050679384,-531.449051233949
0.0914, 194.776466615848,-532.788900349601
0.0915, 171.349600556557,-533.989880338481
0.0916, 140.297589922606,-535.001772444389
0.0917, 101.39496536217,-535.772738382434
0.0918, 54.4672237949532,-536.249656942914
0.0919, 0.290387190890556,-536.378368153521
0.092, -55.9199485675837,-536.123197121924
0.0921, -113.406690763025,-535.473812615805
0.0922, -172.274972723767,-534.421375528069
0.0923, -232.617244638568,-532.956408728026
0.0924, -291.820448497628,-406.160519231147
0.0925, -282.247649851668,-390.400560316514
0.0926, -267.297990998203,-374.557218802556
0.0927, -247.513579873725,-358.661488857907
0.0928, -223.466224375333,-342.743379829798
0.0929, -195.753306663528,-326.831045751891
0.093, -164.993974985023,-310.950691671244
0.0931, -131.825218757755,-295.126492791907
0.0932, -96.8978493171829,-279.380526800917
0.0933, -60.8724092317246,-263.732719667755
0.0934, -24.4150334524606,-248.200805131522
0.0935, 11.8067142055281,-232.800298011783
0.0936, 47.1280056582119,-217.544481401041
0.0937, 80.8908906640216,-202.444407717791
0.0938, 112.448393055186,-187.508913520982
0.0939, 141.168537989868,-172.744647909081
0.094, 166.438287546209,-158.156114250651
0.0941, 187.667362529184,-143.74572491848
0.0942, 204.291929031393,-129.513868626633
0.0943, 215.778129077034,-115.458989899478
0.0944, 221.625435583169,-101.577680134123
0.0945, 221.36981288099,-87.86477965346
0.0946, 214.586665156482,-74.3134900861371
0.0947, 200.893556378205,-60.9154963528504
0.0948, 179.952686582359,-47.6610974855728
0.0949, 151.473110765318,-34.5393454579805
0.095, 115.212688092294,-21.53819116179
0.0951, 70.9797506523602,-8.64463662502635
0.0952, 18.7377364645525,2.00020650120982
0.0953, -37.0673387445974,2.00969155517959
0.0954, -94.1110332877258,2.03322525063163
0.0955, -152.502540063041,2.07067752247877
0.0956, -212.338720550858,2.12191014119803
0.0957, -273.702950242027,2.18677734596525
0.0958, -286.055567448509,2.21460455521211
0.0959, -272.83591927212,2.22783630388266
0.096, -254.597300015298,2.24608730173274
0.0961, -231.902189138629,2.26879510133501
0.0962, -205.33988032432,2.29537043515265
0.0963, -175.52271619843,2.32520098058621
0.0964, -143.082199767555,2.35765524834446
0.0965, -108.665003987395,2.39208657272286
0.0966, -72.9289022228822,2.42783718103119
0.0967, -36.5386427606603,2.46424231900938
0.0968, -0.161790809343756,2.50063440879785
0.0969, 35.5354384380161,2.53634721588664
0.097, 69.8923320921266,2.570720001457
0.0971, 102.257793741731,2.60310163665033
0.0972, 131.994396299849,2.6328546555502
0.0973, 158.482350689852,2.65935922404355
0.0974, 181.123368044182,2.68201700223394
0.0975, 199.344393719596,2.70025487870919
0.0976, 212.601192183464,2.71352855571624
0.0977, 220.38176269017,2.72132596516087
0.0978, 222.209566642812,2.72317049632564
0.0979, 217.646548615748,2.71862401727988
0.098, 206.295934193923,2.70728967313454
0.0981, 187.804789053628,2.68881444556565
0.0982, 161.866325067893,2.66289145938593
0.0983, 128.221940651086,2.62926202337651
0.0984, 86.6629840581651,2.58771739409272
0.0985, 37.0322299186543,2.53810025291961
0.0986, -18.2949469746226,2.48277525045717
0.0987, -74.9161235264129,2.42615339727496
0.0988, -132.850296028224,2.36821778324604
0.0989, -192.198529441969,2.30886732511322
0.099, -253.048796973819,2.24801403012678
0.0991, -289.248388090895,2.21168117670808
0.0992, -277.823393549878,2.22308849115691
0.0993, -261.198672346105,2.23969556491998
0.0994, -239.927728610618,2.26094895081293
0.0995, -214.590397219674,2.28626887131734
0.0996, -185.791745468756,2.31505031115787
0.0997, -154.15731254946,2.34666777705406
0.0998, -120.329147937127,2.3804792591439
0.0999, -84.9617657499946,2.41583027646893
0.1, -48.7179289204552,2.45205809268644
