"time","y1","y2"
0,1,0
0.001,1,0
0.002,1,0
0.003,1,0
0.004,1,0
0.005,1,0
0.006,1,0
0.007,1,0
0.008,1,0
0.009,1,0
0.01,1,0
0.011,1,0
0.012,1,0
0.013,1,0
0.014,1,0
0.015,1,0
0.016,1,0
0.017,1,0
0.018,1,0
0.019,1,0
0.02,1,0
0.021,1,0
0.022,1,0
0.023,1,0
0.024,1,0
0.025,1,0
0.026,1,0
0.027,1,0
0.028,1,0
0.029,1,0
0.03,1,0
0.031,1,0
0.032,1,0
0.033,1,0
0.034,1,0
0.035,1,0
0.036,1,0
0.037,1,0
0.038,1,0
0.039,1,0
0.04,1,0
0.041,1,0
0.042,1,0
0.043,1,0
0.044,1,0
0.045,1,0
0.046,1,0
0.047,1,0
0.048,1,0
0.049,1,0
0.05,1,0
0.051,1,0
0.052,1,0
0.053,1,0
0.054,1,0
0.055,1,0
0.056,1,0
0.057,1,0
0.058,1,0
0.059,1,0
0.06,1,0
0.061,1,0
0.062,1,0
0.063,1,0
0.064,1,0
0.065,1,0
0.066,1,0
0.067,1,0
0.068,1,0
0.069,1,0
0.07,1,0
0.071,1,0
0.072,1,0
0.073,1,0
0.074,1,0
0.075,1,0
0.076,1,0
0.077,1,0
0.078,1,0
0.079,1,0
0.08,1,0
0.081,1,0
0.082,1,0
0.083,1,0
0.084,1,0
0.085,1,0
0.086,1,0
0.087,1,0
0.088,1,0
0.089,1,0
0.09,1,0
0.091,1,0
0.092,1,0
0.093,1,0
0.094,1,0
0.095,1,0
0.096,1,0
0.097,1,0
0.098,1,0
0.099,1,0
0.1,1,3
0.101,1,3
0.102,1,3
0.103,1,3
0.104,1,3
0.105,1,3
0.106,1,3
0.107,1,3
0.108,1,3
0.109,1,3
0.11,1,3
0.111,1,3
0.112,1,3
0.113,1,3
0.114,1,3
0.115,1,3
0.116,1,3
0.117,1,3
0.118,1,3
0.119,1,3
0.12,1,3
0.121,1,3
0.122,1,3
0.123,1,3
0.124,1,3
0.125,1,3
0.126,1,3
0.127,1,3
0.128,1,3
0.129,1,3
0.13,1,3
0.131,1,3
0.132,1,3
0.133,1,3
0.134,1,3
0.135,1,3
0.136,1,3
0.137,1,3
0.138,1,3
0.139,1,3
0.14,1,3
0.141,1,3
0.142,1,3
0.143,1,3
0.144,1,3
0.145,1,3
0.146,1,3
0.147,1,3
0.148,1,3
0.149,1,3
0.15,1,3
0.151,1,3
0.152,1,3
0.153,1,3
0.154,1,3
0.155,1,3
0.156,1,3
0.157,1,3
0.158,1,3
0.159,1,3
0.16,1,3
0.161,1,3
0.162,1,3
0.163,1,3
0.164,1,3
0.165,1,3
0.166,1,3
0.167,1,3
0.168,1,3
0.169,1,3
0.17,1,3
0.171,1,3
0.172,1,3
0.173,1,3
0.174,1,3
0.175,1,3
0.176,1,3
0.177,1,3
0.178,1,3
0.179,1,3
0.18,1,3
0.181,1,3
0.182,1,3
0.183,1,3
0.184,1,3
0.185,1,3
0.186,1,3
0.187,1,3
0.188,1,3
0.189,1,3
0.19,1,3
0.191,1,3
0.192,1,3
0.193,1,3
0.194,1,3
0.195,1,3
0.196,1,3
0.197,1,3
0.198,1,3
0.199,1,3
0.2,1,3
0.201,1,3
0.202,1,3
0.203,1,3
0.204,1,3
0.205,1,3
0.206,1,3
0.207,1,3
0.208,1,3
0.209,1,3
0.21,1,3
0.211,1,3
0.212,1,3
0.213,1,3
0.214,1,3
0.215,1,3
0.216,1,3
0.217,1,3
0.218,1,3
0.219,1,3
0.22,1,3
0.221,1,3
0.222,1,3
0.223,1,3
0.224,1,3
0.225,1,3
0.226,1,3
0.227,1,3
0.228,1,3
0.229,1,3
0.23,1,3
0.231,1,3
0.232,1,3
0.233,1,3
0.234,1,3
0.235,1,3
0.236,1,3
0.237,1,3
0.238,1,3
0.239,1,3
0.24,1,3
0.241,1,3
0.242,1,3
0.243,1,3
0.244,1,3
0.245,1,3
0.246,1,3
0.247,1,3
0.248,1,3
0.249,1,3
0.25,1,3
0.251,1,3
0.252,1,3
0.253,1,3
0.254,1,3
0.255,1,3
0.256,1,3
0.257,1,3
0.258,1,3
0.259,1,3
0.26,1,3
0.261,1,3
0.262,1,3
0.263,1,3
0.264,1,3
0.265,1,3
0.266,1,3
0.267,1,3
0.268,1,3
0.269,1,3
0.27,1,3
0.271,1,3
0.272,1,3
0.273,1,3
0.274,1,3
0.275,1,3
0.276,1,3
0.277,1,3
0.278,1,3
0.279,1,3
0.28,1,3
0.281,1,3
0.282,1,3
0.283,1,3
0.284,1,3
0.285,1,3
0.286,1,3
0.287,1,3
0.288,1,3
0.289,1,3
0.29,1,3
0.291,1,3
0.292,1,3
0.293,1,3
0.294,1,3
0.295,1,3
0.296,1,3
0.297,1,3
0.298,1,3
0.299,1,3
0.3,1,3
0.301,1,3
0.302,1,3
0.303,1,3
0.304,1,3
0.305,1,3
0.306,1,3
0.307,1,3
0.308,1,3
0.309,1,3
0.31,1,3
0.311,1,3
0.312,1,3
0.313,1,3
0.314,1,3
0.315,1,3
0.316,1,3
0.317,1,3
0.318,1,3
0.319,1,3
0.32,1,3
0.321,1,3
0.322,1,3
0.323,1,3
0.324,1,3
0.325,1,3
0.326,1,3
0.327,1,3
0.328,1,3
0.329,1,3
0.33,1,3
0.331,1,3
0.332,1,3
0.333,1,3
0.334,1,3
0.335,1,3
0.336,1,3
0.337,1,3
0.338,1,3
0.339,1,3
0.34,1,3
0.341,1,3
0.342,1,3
0.343,1,3
0.344,1,3
0.345,1,3
0.346,1,3
0.347,1,3
0.348,1,3
0.349,1,3
0.35,1,3
0.351,1,3
0.352,1,3
0.353,1,3
0.354,1,3
0.355,1,3
0.356,1,3
0.357,1,3
0.358,1,3
0.359,1,3
0.36,1,3
0.361,1,3
0.362,1,3
0.363,1,3
0.364,1,3
0.365,1,3
0.366,1,3
0.367,1,3
0.368,1,3
0.369,1,3
0.37,1,3
0.371,1,3
0.372,1,3
0.373,1,3
0.374,1,3
0.375,1,3
0.376,1,3
0.377,1,3
0.378,1,3
0.379,1,3
0.38,1,3
0.381,1,3
0.382,1,3
0.383,1,3
0.384,1,3
0.385,1,3
0.386,1,3
0.387,1,3
0.388,1,3
0.389,1,3
0.39,1,3
0.391,1,3
0.392,1,3
0.393,1,3
0.394,1,3
0.395,1,3
0.396,1,3
0.397,1,3
0.398,1,3
0.399,1,3
0.4,1,3
0.401,1,3
0.402,1,3
0.403,1,3
0.404,1,3
0.405,1,3
0.406,1,3
0.407,1,3
0.408,1,3
0.409,1,3
0.41,1,3
0.411,1,3
0.412,1,3
0.413,1,3
0.414,1,3
0.415,1,3
0.416,1,3
0.417,1,3
0.418,1,3
0.419,1,3
0.42,1,3
0.421,1,3
0.422,1,3
0.423,1,3
0.424,1,3
0.425,1,3
0.426,1,3
0.427,1,3
0.428,1,3
0.429,1,3
0.43,1,3
0.431,1,3
0.432,1,3
0.433,1,3
0.434,1,3
0.435,1,3
0.436,1,3
0.437,1,3
0.438,1,3
0.439,1,3
0.44,1,3
0.441,1,3
0.442,1,3
0.443,1,3
0.444,1,3
0.445,1,3
0.446,1,3
0.447,1,3
0.448,1,3
0.449,1,3
0.45,1,3
0.451,1,3
0.452,1,3
0.453,1,3
0.454,1,3
0.455,1,3
0.456,1,3
0.457,1,3
0.458,1,3
0.459,1,3
0.46,1,3
0.461,1,3
0.462,1,3
0.463,1,3
0.464,1,3
0.465,1,3
0.466,1,3
0.467,1,3
0.468,1,3
0.469,1,3
0.47,1,3
0.471,1,3
0.472,1,3
0.473,1,3
0.474,1,3
0.475,1,3
0.476,1,3
0.477,1,3
0.478,1,3
0.479,1,3
0.48,1,3
0.481,1,3
0.482,1,3
0.483,1,3
0.484,1,3
0.485,1,3
0.486,1,3
0.487,1,3
0.488,1,3
0.489,1,3
0.49,1,3
0.491,1,3
0.492,1,3
0.493,1,3
0.494,1,3
0.495,1,3
0.496,1,3
0.497,1,3
0.498,1,3
0.499,1,3
0.5,0,3
0.501,0,3
0.502,0,3
0.503,0,3
0.504,0,3
0.505,0,3
0.506,0,3
0.507,0,3
0.508,0,3
0.509,0,3
0.51,0,3
0.511,0,3
0.512,0,3
0.513,0,3
0.514,0,3
0.515,0,3
0.516,0,3
0.517,0,3
0.518,0,3
0.519,0,3
0.52,0,3
0.521,0,3
0.522,0,3
0.523,0,3
0.524,0,3
0.525,0,3
0.526,0,3
0.527,0,3
0.528,0,3
0.529,0,3
0.53,0,3
0.531,0,3
0.532,0,3
0.533,0,3
0.534,0,3
0.535,0,3
0.536,0,3
0.537,0,3
0.538,0,3
0.539,0,3
0.54,0,3
0.541,0,3
0.542,0,3
0.543,0,3
0.544,0,3
0.545,0,3
0.546,0,3
0.547,0,3
0.548,0,3
0.549,0,3
0.55,0,3
0.551,0,3
0.552,0,3
0.553,0,3
0.554,0,3
0.555,0,3
0.556,0,3
0.557,0,3
0.558,0,3
0.559,0,3
0.56,0,3
0.561,0,3
0.562,0,3
0.563,0,3
0.564,0,3
0.565,0,3
0.566,0,3
0.567,0,3
0.568,0,3
0.569,0,3
0.57,0,3
0.571,0,3
0.572,0,3
0.573,0,3
0.574,0,3
0.575,0,3
0.576,0,3
0.577,0,3
0.578,0,3
0.579,0,3
0.58,0,3
0.581,0,3
0.582,0,3
0.583,0,3
0.584,0,3
0.585,0,3
0.586,0,3
0.587,0,3
0.588,0,3
0.589,0,3
0.59,0,3
0.591,0,3
0.592,0,3
0.593,0,3
0.594,0,3
0.595,0,3
0.596,0,3
0.597,0,3
0.598,0,3
0.599,0,3
0.6,0,0
0.601,0,0
0.602,0,0
0.603,0,0
0.604,0,0
0.605,0,0
0.606,0,0
0.607,0,0
0.608,0,0
0.609,0,0
0.61,0,0
0.611,0,0
0.612,0,0
0.613,0,0
0.614,0,0
0.615,0,0
0.616,0,0
0.617,0,0
0.618,0,0
0.619,0,0
0.62,0,0
0.621,0,0
0.622,0,0
0.623,0,0
0.624,0,0
0.625,0,0
0.626,0,0
0.627,0,0
0.628,0,0
0.629,0,0
0.63,0,0
0.631,0,0
0.632,0,0
0.633,0,0
0.634,0,0
0.635,0,0
0.636,0,0
0.637,0,0
0.638,0,0
0.639,0,0
0.64,0,0
0.641,0,0
0.642,0,0
0.643,0,0
0.644,0,0
0.645,0,0
0.646,0,0
0.647,0,0
0.648,0,0
0.649,0,0
0.65,0,0
0.651,0,0
0.652,0,0
0.653,0,0
0.654,0,0
0.655,0,0
0.656,0,0
0.657,0,0
0.658,0,0
0.659,0,0
0.66,0,0
0.661,0,0
0.662,0,0
0.663,0,0
0.664,0,0
0.665,0,0
0.666,0,0
0.667,0,0
0.668,0,0
0.669,0,0
0.67,0,0
0.671,0,0
0.672,0,0
0.673,0,0
0.674,0,0
0.675,0,0
0.676,0,0
0.677,0,0
0.678,0,0
0.679,0,0
0.68,0,0
0.681,0,0
0.682,0,0
0.683,0,0
0.684,0,0
0.685,0,0
0.686,0,0
0.687,0,0
0.688,0,0
0.689,0,0
0.69,0,0
0.691,0,0
0.692,0,0
0.693,0,0
0.694,0,0
0.695,0,0
0.696,0,0
0.697,0,0
0.698,0,0
0.699,0,0
0.7,0,0
0.701,0,0
0.702,0,0
0.703,0,0
0.704,0,0
0.705,0,0
0.706,0,0
0.707,0,0
0.708,0,0
0.709,0,0
0.71,0,0
0.711,0,0
0.712,0,0
0.713,0,0
0.714,0,0
0.715,0,0
0.716,0,0
0.717,0,0
0.718,0,0
0.719,0,0
0.72,0,0
0.721,0,0
0.722,0,0
0.723,0,0
0.724,0,0
0.725,0,0
0.726,0,0
0.727,0,0
0.728,0,0
0.729,0,0
0.73,0,0
0.731,0,0
0.732,0,0
0.733,0,0
0.734,0,0
0.735,0,0
0.736,0,0
0.737,0,0
0.738,0,0
0.739,0,0
0.74,0,0
0.741,0,0
0.742,0,0
0.743,0,0
0.744,0,0
0.745,0,0
0.746,0,0
0.747,0,0
0.748,0,0
0.749,0,0
0.75,0,0
0.751,0,0
0.752,0,0
0.753,0,0
0.754,0,0
0.755,0,0
0.756,0,0
0.757,0,0
0.758,0,0
0.759,0,0
0.76,0,0
0.761,0,0
0.762,0,0
0.763,0,0
0.764,0,0
0.765,0,0
0.766,0,0
0.767,0,0
0.768,0,0
0.769,0,0
0.77,0,0
0.771,0,0
0.772,0,0
0.773,0,0
0.774,0,0
0.775,0,0
0.776,0,0
0.777,0,0
0.778,0,0
0.779,0,0
0.78,0,0
0.781,0,0
0.782,0,0
0.783,0,0
0.784,0,0
0.785,0,0
0.786,0,0
0.787,0,0
0.788,0,0
0.789,0,0
0.79,0,0
0.791,0,0
0.792,0,0
0.793,0,0
0.794,0,0
0.795,0,0
0.796,0,0
0.797,0,0
0.798,0,0
0.799,0,0
0.8,0,0
0.801,0,0
0.802,0,0
0.803,0,0
0.804,0,0
0.805,0,0
0.806,0,0
0.807,0,0
0.808,0,0
0.809,0,0
0.81,0,0
0.811,0,0
0.812,0,0
0.813,0,0
0.814,0,0
0.815,0,0
0.816,0,0
0.817,0,0
0.818,0,0
0.819,0,0
0.82,0,0
0.821,0,0
0.822,0,0
0.823,0,0
0.824,0,0
0.825,0,0
0.826,0,0
0.827,0,0
0.828,0,0
0.829,0,0
0.83,0,0
0.831,0,0
0.832,0,0
0.833,0,0
0.834,0,0
0.835,0,0
0.836,0,0
0.837,0,0
0.838,0,0
0.839,0,0
0.84,0,0
0.841,0,0
0.842,0,0
0.843,0,0
0.844,0,0
0.845,0,0
0.846,0,0
0.847,0,0
0.848,0,0
0.849,0,0
0.85,0,0
0.851,0,0
0.852,0,0
0.853,0,0
0.854,0,0
0.855,0,0
0.856,0,0
0.857,0,0
0.858,0,0
0.859,0,0
0.86,0,0
0.861,0,0
0.862,0,0
0.863,0,0
0.864,0,0
0.865,0,0
0.866,0,0
0.867,0,0
0.868,0,0
0.869,0,0
0.87,0,0
0.871,0,0
0.872,0,0
0.873,0,0
0.874,0,0
0.875,0,0
0.876,0,0
0.877,0,0
0.878,0,0
0.879,0,0
0.88,0,0
0.881,0,0
0.882,0,0
0.883,0,0
0.884,0,0
0.885,0,0
0.886,0,0
0.887,0,0
0.888,0,0
0.889,0,0
0.89,0,0
0.891,0,0
0.892,0,0
0.893,0,0
0.894,0,0
0.895,0,0
0.896,0,0
0.897,0,0
0.898,0,0
0.899,0,0
0.9,0,0
0.901,0,0
0.902,0,0
0.903,0,0
0.904,0,0
0.905,0,0
0.906,0,0
0.907,0,0
0.908,0,0
0.909,0,0
0.91,0,0
0.911,0,0
0.912,0,0
0.913,0,0
0.914,0,0
0.915,0,0
0.916,0,0
0.917,0,0
0.918,0,0
0.919,0,0
0.92,0,0
0.921,0,0
0.922,0,0
0.923,0,0
0.924,0,0
0.925,0,0
0.926,0,0
0.927,0,0
0.928,0,0
0.929,0,0
0.93,0,0
0.931,0,0
0.932,0,0
0.933,0,0
0.934,0,0
0.935,0,0
0.936,0,0
0.937,0,0
0.938,0,0
0.939,0,0
0.94,0,0
0.941,0,0
0.942,0,0
0.943,0,0
0.944,0,0
0.945,0,0
0.946,0,0
0.947,0,0
0.948,0,0
0.949,0,0
0.95,0,0
0.951,0,0
0.952,0,0
0.953,0,0
0.954,0,0
0.955,0,0
0.956,0,0
0.957,0,0
0.958,0,0
0.959,0,0
0.96,0,0
0.961,0,0
0.962,0,0
0.963,0,0
0.964,0,0
0.965,0,0
0.966,0,0
0.967,0,0
0.968,0,0
0.969,0,0
0.97,0,0
0.971,0,0
0.972,0,0
0.973,0,0
0.974,0,0
0.975,0,0
0.976,0,0
0.977,0,0
0.978,0,0
0.979,0,0
0.98,0,0
0.981,0,0
0.982,0,0
0.983,0,0
0.984,0,0
0.985,0,0
0.986,0,0
0.987,0,0
0.988,0,0
0.989,0,0
0.99,0,0
0.991,0,0
0.992,0,0
0.993,0,0
0.994,0,0
0.995,0,0
0.996,0,0
0.997,0,0
0.998,0,0
0.999,0,0
1,1,0
1.001,1,0
1.002,1,0
1.003,1,0
1.004,1,0
1.005,1,0
1.006,1,0
1.007,1,0
1.008,1,0
1.009,1,0
1.01,1,0
1.011,1,0
1.012,1,0
1.013,1,0
1.014,1,0
1.015,1,0
1.016,1,0
1.017,1,0
1.018,1,0
1.019,1,0
1.02,1,0
1.021,1,0
1.022,1,0
1.023,1,0
1.024,1,0
1.025,1,0
1.026,1,0
1.027,1,0
1.028,1,0
1.029,1,0
1.03,1,0
1.031,1,0
1.032,1,0
1.033,1,0
1.034,1,0
1.035,1,0
1.036,1,0
1.037,1,0
1.038,1,0
1.039,1,0
1.04,1,0
1.041,1,0
1.042,1,0
1.043,1,0
1.044,1,0
1.045,1,0
1.046,1,0
1.047,1,0
1.048,1,0
1.049,1,0
1.05,1,0
1.051,1,0
1.052,1,0
1.053,1,0
1.054,1,0
1.055,1,0
1.056,1,0
1.057,1,0
1.058,1,0
1.059,1,0
1.06,1,0
1.061,1,0
1.062,1,0
1.063,1,0
1.064,1,0
1.065,1,0
1.066,1,0
1.067,1,0
1.068,1,0
1.069,1,0
1.07,1,0
1.071,1,0
1.072,1,0
1.073,1,0
1.074,1,0
1.075,1,0
1.076,1,0
1.077,1,0
1.078,1,0
1.079,1,0
1.08,1,0
1.081,1,0
1.082,1,0
1.083,1,0
1.084,1,0
1.085,1,0
1.086,1,0
1.087,1,0
1.088,1,0
1.089,1,0
1.09,1,0
1.091,1,0
1.092,1,0
1.093,1,0
1.094,1,0
1.095,1,0
1.096,1,0
1.097,1,0
1.098,1,0
1.099,1,0
1.1,1,3
1.101,1,3
1.102,1,3
1.103,1,3
1.104,1,3
1.105,1,3
1.106,1,3
1.107,1,3
1.108,1,3
1.109,1,3
1.11,1,3
1.111,1,3
1.112,1,3
1.113,1,3
1.114,1,3
1.115,1,3
1.116,1,3
1.117,1,3
1.118,1,3
1.119,1,3
1.12,1,3
1.121,1,3
1.122,1,3
1.123,1,3
1.124,1,3
1.125,1,3
1.126,1,3
1.127,1,3
1.128,1,3
1.129,1,3
1.13,1,3
1.131,1,3
1.132,1,3
1.133,1,3
1.134,1,3
1.135,1,3
1.136,1,3
1.137,1,3
1.138,1,3
1.139,1,3
1.14,1,3
1.141,1,3
1.142,1,3
1.143,1,3
1.144,1,3
1.145,1,3
1.146,1,3
1.147,1,3
1.148,1,3
1.149,1,3
1.15,1,3
1.151,1,3
1.152,1,3
1.153,1,3
1.154,1,3
1.155,1,3
1.156,1,3
1.157,1,3
1.158,1,3
1.159,1,3
1.16,1,3
1.161,1,3
1.162,1,3
1.163,1,3
1.164,1,3
1.165,1,3
1.166,1,3
1.167,1,3
1.168,1,3
1.169,1,3
1.17,1,3
1.171,1,3
1.172,1,3
1.173,1,3
1.174,1,3
1.175,1,3
1.176,1,3
1.177,1,3
1.178,1,3
1.179,1,3
1.18,1,3
1.181,1,3
1.182,1,3
1.183,1,3
1.184,1,3
1.185,1,3
1.186,1,3
1.187,1,3
1.188,1,3
1.189,1,3
1.19,1,3
1.191,1,3
1.192,1,3
1.193,1,3
1.194,1,3
1.195,1,3
1.196,1,3
1.197,1,3
1.198,1,3
1.199,1,3
1.2,1,3
1.201,1,3
1.202,1,3
1.203,1,3
1.204,1,3
1.205,1,3
1.206,1,3
1.207,1,3
1.208,1,3
1.209,1,3
1.21,1,3
1.211,1,3
1.212,1,3
1.213,1,3
1.214,1,3
1.215,1,3
1.216,1,3
1.217,1,3
1.218,1,3
1.219,1,3
1.22,1,3
1.221,1,3
1.222,1,3
1.223,1,3
1.224,1,3
1.225,1,3
1.226,1,3
1.227,1,3
1.228,1,3
1.229,1,3
1.23,1,3
1.231,1,3
1.232,1,3
1.233,1,3
1.234,1,3
1.235,1,3
1.236,1,3
1.237,1,3
1.238,1,3
1.239,1,3
1.24,1,3
1.241,1,3
1.242,1,3
1.243,1,3
1.244,1,3
1.245,1,3
1.246,1,3
1.247,1,3
1.248,1,3
1.249,1,3
1.25,1,3
1.251,1,3
1.252,1,3
1.253,1,3
1.254,1,3
1.255,1,3
1.256,1,3
1.257,1,3
1.258,1,3
1.259,1,3
1.26,1,3
1.261,1,3
1.262,1,3
1.263,1,3
1.264,1,3
1.265,1,3
1.266,1,3
1.267,1,3
1.268,1,3
1.269,1,3
1.27,1,3
1.271,1,3
1.272,1,3
1.273,1,3
1.274,1,3
1.275,1,3
1.276,1,3
1.277,1,3
1.278,1,3
1.279,1,3
1.28,1,3
1.281,1,3
1.282,1,3
1.283,1,3
1.284,1,3
1.285,1,3
1.286,1,3
1.287,1,3
1.288,1,3
1.289,1,3
1.29,1,3
1.291,1,3
1.292,1,3
1.293,1,3
1.294,1,3
1.295,1,3
1.296,1,3
1.297,1,3
1.298,1,3
1.299,1,3
1.3,1,3
1.301,1,3
1.302,1,3
1.303,1,3
1.304,1,3
1.305,1,3
1.306,1,3
1.307,1,3
1.308,1,3
1.309,1,3
1.31,1,3
1.311,1,3
1.312,1,3
1.313,1,3
1.314,1,3
1.315,1,3
1.316,1,3
1.317,1,3
1.318,1,3
1.319,1,3
1.32,1,3
1.321,1,3
1.322,1,3
1.323,1,3
1.324,1,3
1.325,1,3
1.326,1,3
1.327,1,3
1.328,1,3
1.329,1,3
1.33,1,3
1.331,1,3
1.332,1,3
1.333,1,3
1.334,1,3
1.335,1,3
1.336,1,3
1.337,1,3
1.338,1,3
1.339,1,3
1.34,1,3
1.341,1,3
1.342,1,3
1.343,1,3
1.344,1,3
1.345,1,3
1.346,1,3
1.347,1,3
1.348,1,3
1.349,1,3
1.35,1,3
1.351,1,3
1.352,1,3
1.353,1,3
1.354,1,3
1.355,1,3
1.356,1,3
1.357,1,3
1.358,1,3
1.359,1,3
1.36,1,3
1.361,1,3
1.362,1,3
1.363,1,3
1.364,1,3
1.365,1,3
1.366,1,3
1.367,1,3
1.368,1,3
1.369,1,3
1.37,1,3
1.371,1,3
1.372,1,3
1.373,1,3
1.374,1,3
1.375,1,3
1.376,1,3
1.377,1,3
1.378,1,3
1.379,1,3
1.38,1,3
1.381,1,3
1.382,1,3
1.383,1,3
1.384,1,3
1.385,1,3
1.386,1,3
1.387,1,3
1.388,1,3
1.389,1,3
1.39,1,3
1.391,1,3
1.392,1,3
1.393,1,3
1.394,1,3
1.395,1,3
1.396,1,3
1.397,1,3
1.398,1,3
1.399,1,3
1.4,1,3
1.401,1,3
1.402,1,3
1.403,1,3
1.404,1,3
1.405,1,3
1.406,1,3
1.407,1,3
1.408,1,3
1.409,1,3
1.41,1,3
1.411,1,3
1.412,1,3
1.413,1,3
1.414,1,3
1.415,1,3
1.416,1,3
1.417,1,3
1.418,1,3
1.419,1,3
1.42,1,3
1.421,1,3
1.422,1,3
1.423,1,3
1.424,1,3
1.425,1,3
1.426,1,3
1.427,1,3
1.428,1,3
1.429,1,3
1.43,1,3
1.431,1,3
1.432,1,3
1.433,1,3
1.434,1,3
1.435,1,3
1.436,1,3
1.437,1,3
1.438,1,3
1.439,1,3
1.44,1,3
1.441,1,3
1.442,1,3
1.443,1,3
1.444,1,3
1.445,1,3
1.446,1,3
1.447,1,3
1.448,1,3
1.449,1,3
1.45,1,3
1.451,1,3
1.452,1,3
1.453,1,3
1.454,1,3
1.455,1,3
1.456,1,3
1.457,1,3
1.458,1,3
1.459,1,3
1.46,1,3
1.461,1,3
1.462,1,3
1.463,1,3
1.464,1,3
1.465,1,3
1.466,1,3
1.467,1,3
1.468,1,3
1.469,1,3
1.47,1,3
1.471,1,3
1.472,1,3
1.473,1,3
1.474,1,3
1.475,1,3
1.476,1,3
1.477,1,3
1.478,1,3
1.479,1,3
1.48,1,3
1.481,1,3
1.482,1,3
1.483,1,3
1.484,1,3
1.485,1,3
1.486,1,3
1.487,1,3
1.488,1,3
1.489,1,3
1.49,1,3
1.491,1,3
1.492,1,3
1.493,1,3
1.494,1,3
1.495,1,3
1.496,1,3
1.497,1,3
1.498,1,3
1.499,1,3
1.5,0,3
1.501,0,3
1.502,0,3
1.503,0,3
1.504,0,3
1.505,0,3
1.506,0,3
1.507,0,3
1.508,0,3
1.509,0,3
1.51,0,3
1.511,0,3
1.512,0,3
1.513,0,3
1.514,0,3
1.515,0,3
1.516,0,3
1.517,0,3
1.518,0,3
1.519,0,3
1.52,0,3
1.521,0,3
1.522,0,3
1.523,0,3
1.524,0,3
1.525,0,3
1.526,0,3
1.527,0,3
1.528,0,3
1.529,0,3
1.53,0,3
1.531,0,3
1.532,0,3
1.533,0,3
1.534,0,3
1.535,0,3
1.536,0,3
1.537,0,3
1.538,0,3
1.539,0,3
1.54,0,3
1.541,0,3
1.542,0,3
1.543,0,3
1.544,0,3
1.545,0,3
1.546,0,3
1.547,0,3
1.548,0,3
1.549,0,3
1.55,0,3
1.551,0,3
1.552,0,3
1.553,0,3
1.554,0,3
1.555,0,3
1.556,0,3
1.557,0,3
1.558,0,3
1.559,0,3
1.56,0,3
1.561,0,3
1.562,0,3
1.563,0,3
1.564,0,3
1.565,0,3
1.566,0,3
1.567,0,3
1.568,0,3
1.569,0,3
1.57,0,3
1.571,0,3
1.572,0,3
1.573,0,3
1.574,0,3
1.575,0,3
1.576,0,3
1.577,0,3
1.578,0,3
1.579,0,3
1.58,0,3
1.581,0,3
1.582,0,3
1.583,0,3
1.584,0,3
1.585,0,3
1.586,0,3
1.587,0,3
1.588,0,3
1.589,0,3
1.59,0,3
1.591,0,3
1.592,0,3
1.593,0,3
1.594,0,3
1.595,0,3
1.596,0,3
1.597,0,3
1.598,0,3
1.599,0,3
1.6,0,0
1.601,0,0
1.602,0,0
1.603,0,0
1.604,0,0
1.605,0,0
1.606,0,0
1.607,0,0
1.608,0,0
1.609,0,0
1.61,0,0
1.611,0,0
1.612,0,0
1.613,0,0
1.614,0,0
1.615,0,0
1.616,0,0
1.617,0,0
1.618,0,0
1.619,0,0
1.62,0,0
1.621,0,0
1.622,0,0
1.623,0,0
1.624,0,0
1.625,0,0
1.626,0,0
1.627,0,0
1.628,0,0
1.629,0,0
1.63,0,0
1.631,0,0
1.632,0,0
1.633,0,0
1.634,0,0
1.635,0,0
1.636,0,0
1.637,0,0
1.638,0,0
1.639,0,0
1.64,0,0
1.641,0,0
1.642,0,0
1.643,0,0
1.644,0,0
1.645,0,0
1.646,0,0
1.647,0,0
1.648,0,0
1.649,0,0
1.65,0,0
1.651,0,0
1.652,0,0
1.653,0,0
1.654,0,0
1.655,0,0
1.656,0,0
1.657,0,0
1.658,0,0
1.659,0,0
1.66,0,0
1.661,0,0
1.662,0,0
1.663,0,0
1.664,0,0
1.665,0,0
1.666,0,0
1.667,0,0
1.668,0,0
1.669,0,0
1.67,0,0
1.671,0,0
1.672,0,0
1.673,0,0
1.674,0,0
1.675,0,0
1.676,0,0
1.677,0,0
1.678,0,0
1.679,0,0
1.68,0,0
1.681,0,0
1.682,0,0
1.683,0,0
1.684,0,0
1.685,0,0
1.686,0,0
1.687,0,0
1.688,0,0
1.689,0,0
1.69,0,0
1.691,0,0
1.692,0,0
1.693,0,0
1.694,0,0
1.695,0,0
1.696,0,0
1.697,0,0
1.698,0,0
1.699,0,0
1.7,0,0
1.701,0,0
1.702,0,0
1.703,0,0
1.704,0,0
1.705,0,0
1.706,0,0
1.707,0,0
1.708,0,0
1.709,0,0
1.71,0,0
1.711,0,0
1.712,0,0
1.713,0,0
1.714,0,0
1.715,0,0
1.716,0,0
1.717,0,0
1.718,0,0
1.719,0,0
1.72,0,0
1.721,0,0
1.722,0,0
1.723,0,0
1.724,0,0
1.725,0,0
1.726,0,0
1.727,0,0
1.728,0,0
1.729,0,0
1.73,0,0
1.731,0,0
1.732,0,0
1.733,0,0
1.734,0,0
1.735,0,0
1.736,0,0
1.737,0,0
1.738,0,0
1.739,0,0
1.74,0,0
1.741,0,0
1.742,0,0
1.743,0,0
1.744,0,0
1.745,0,0
1.746,0,0
1.747,0,0
1.748,0,0
1.749,0,0
1.75,0,0
1.751,0,0
1.752,0,0
1.753,0,0
1.754,0,0
1.755,0,0
1.756,0,0
1.757,0,0
1.758,0,0
1.759,0,0
1.76,0,0
1.761,0,0
1.762,0,0
1.763,0,0
1.764,0,0
1.765,0,0
1.766,0,0
1.767,0,0
1.768,0,0
1.769,0,0
1.77,0,0
1.771,0,0
1.772,0,0
1.773,0,0
1.774,0,0
1.775,0,0
1.776,0,0
1.777,0,0
1.778,0,0
1.779,0,0
1.78,0,0
1.781,0,0
1.782,0,0
1.783,0,0
1.784,0,0
1.785,0,0
1.786,0,0
1.787,0,0
1.788,0,0
1.789,0,0
1.79,0,0
1.791,0,0
1.792,0,0
1.793,0,0
1.794,0,0
1.795,0,0
1.796,0,0
1.797,0,0
1.798,0,0
1.799,0,0
1.8,0,0
1.801,0,0
1.802,0,0
1.803,0,0
1.804,0,0
1.805,0,0
1.806,0,0
1.807,0,0
1.808,0,0
1.809,0,0
1.81,0,0
1.811,0,0
1.812,0,0
1.813,0,0
1.814,0,0
1.815,0,0
1.816,0,0
1.817,0,0
1.818,0,0
1.819,0,0
1.82,0,0
1.821,0,0
1.822,0,0
1.823,0,0
1.824,0,0
1.825,0,0
1.826,0,0
1.827,0,0
1.828,0,0
1.829,0,0
1.83,0,0
1.831,0,0
1.832,0,0
1.833,0,0
1.834,0,0
1.835,0,0
1.836,0,0
1.837,0,0
1.838,0,0
1.839,0,0
1.84,0,0
1.841,0,0
1.842,0,0
1.843,0,0
1.844,0,0
1.845,0,0
1.846,0,0
1.847,0,0
1.848,0,0
1.849,0,0
1.85,0,0
1.851,0,0
1.852,0,0
1.853,0,0
1.854,0,0
1.855,0,0
1.856,0,0
1.857,0,0
1.858,0,0
1.859,0,0
1.86,0,0
1.861,0,0
1.862,0,0
1.863,0,0
1.864,0,0
1.865,0,0
1.866,0,0
1.867,0,0
1.868,0,0
1.869,0,0
1.87,0,0
1.871,0,0
1.872,0,0
1.873,0,0
1.874,0,0
1.875,0,0
1.876,0,0
1.877,0,0
1.878,0,0
1.879,0,0
1.88,0,0
1.881,0,0
1.882,0,0
1.883,0,0
1.884,0,0
1.885,0,0
1.886,0,0
1.887,0,0
1.888,0,0
1.889,0,0
1.89,0,0
1.891,0,0
1.892,0,0
1.893,0,0
1.894,0,0
1.895,0,0
1.896,0,0
1.897,0,0
1.898,0,0
1.899,0,0
1.9,0,0
1.901,0,0
1.902,0,0
1.903,0,0
1.904,0,0
1.905,0,0
1.906,0,0
1.907,0,0
1.908,0,0
1.909,0,0
1.91,0,0
1.911,0,0
1.912,0,0
1.913,0,0
1.914,0,0
1.915,0,0
1.916,0,0
1.917,0,0
1.918,0,0
1.919,0,0
1.92,0,0
1.921,0,0
1.922,0,0
1.923,0,0
1.924,0,0
1.925,0,0
1.926,0,0
1.927,0,0
1.928,0,0
1.929,0,0
1.93,0,0
1.931,0,0
1.932,0,0
1.933,0,0
1.934,0,0
1.935,0,0
1.936,0,0
1.937,0,0
1.938,0,0
1.939,0,0
1.94,0,0
1.941,0,0
1.942,0,0
1.943,0,0
1.944,0,0
1.945,0,0
1.946,0,0
1.947,0,0
1.948,0,0
1.949,0,0
1.95,0,0
1.951,0,0
1.952,0,0
1.953,0,0
1.954,0,0
1.955,0,0
1.956,0,0
1.957,0,0
1.958,0,0
1.959,0,0
1.96,0,0
1.961,0,0
1.962,0,0
1.963,0,0
1.964,0,0
1.965,0,0
1.966,0,0
1.967,0,0
1.968,0,0
1.969,0,0
1.97,0,0
1.971,0,0
1.972,0,0
1.973,0,0
1.974,0,0
1.975,0,0
1.976,0,0
1.977,0,0
1.978,0,0
1.979,0,0
1.98,0,0
1.981,0,0
1.982,0,0
1.983,0,0
1.984,0,0
1.985,0,0
1.986,0,0
1.987,0,0
1.988,0,0
1.989,0,0
1.99,0,0
1.991,0,0
1.992,0,0
1.993,0,0
1.994,0,0
1.995,0,0
1.996,0,0
1.997,0,0
1.998,0,0
1.999,0,0
2,1,0
2.001,1,0
2.002,1,0
2.003,1,0
2.004,1,0
2.005,1,0
2.006,1,0
2.007,1,0
2.008,1,0
2.009,1,0
2.01,1,0
2.011,1,0
2.012,1,0
2.013,1,0
2.014,1,0
2.015,1,0
2.016,1,0
2.017,1,0
2.018,1,0
2.019,1,0
2.02,1,0
2.021,1,0
2.022,1,0
2.023,1,0
2.024,1,0
2.025,1,0
2.026,1,0
2.027,1,0
2.028,1,0
2.029,1,0
2.03,1,0
2.031,1,0
2.032,1,0
2.033,1,0
2.034,1,0
2.035,1,0
2.036,1,0
2.037,1,0
2.038,1,0
2.039,1,0
2.04,1,0
2.041,1,0
2.042,1,0
2.043,1,0
2.044,1,0
2.045,1,0
2.046,1,0
2.047,1,0
2.048,1,0
2.049,1,0
2.05,1,0
2.051,1,0
2.052,1,0
2.053,1,0
2.054,1,0
2.055,1,0
2.056,1,0
2.057,1,0
2.058,1,0
2.059,1,0
2.06,1,0
2.061,1,0
2.062,1,0
2.063,1,0
2.064,1,0
2.065,1,0
2.066,1,0
2.067,1,0
2.068,1,0
2.069,1,0
2.07,1,0
2.071,1,0
2.072,1,0
2.073,1,0
2.074,1,0
2.075,1,0
2.076,1,0
2.077,1,0
2.078,1,0
2.079,1,0
2.08,1,0
2.081,1,0
2.082,1,0
2.083,1,0
2.084,1,0
2.085,1,0
2.086,1,0
2.087,1,0
2.088,1,0
2.089,1,0
2.09,1,0
2.091,1,0
2.092,1,0
2.093,1,0
2.094,1,0
2.095,1,0
2.096,1,0
2.097,1,0
2.098,1,0
2.099,1,0
2.1,1,3
2.101,1,3
2.102,1,3
2.103,1,3
2.104,1,3
2.105,1,3
2.106,1,3
2.107,1,3
2.108,1,3
2.109,1,3
2.11,1,3
2.111,1,3
2.112,1,3
2.113,1,3
2.114,1,3
2.115,1,3
2.116,1,3
2.117,1,3
2.118,1,3
2.119,1,3
2.12,1,3
2.121,1,3
2.122,1,3
2.123,1,3
2.124,1,3
2.125,1,3
2.126,1,3
2.127,1,3
2.128,1,3
2.129,1,3
2.13,1,3
2.131,1,3
2.132,1,3
2.133,1,3
2.134,1,3
2.135,1,3
2.136,1,3
2.137,1,3
2.138,1,3
2.139,1,3
2.14,1,3
2.141,1,3
2.142,1,3
2.143,1,3
2.144,1,3
2.145,1,3
2.146,1,3
2.147,1,3
2.148,1,3
2.149,1,3
2.15,1,3
2.151,1,3
2.152,1,3
2.153,1,3
2.154,1,3
2.155,1,3
2.156,1,3
2.157,1,3
2.158,1,3
2.159,1,3
2.16,1,3
2.161,1,3
2.162,1,3
2.163,1,3
2.164,1,3
2.165,1,3
2.166,1,3
2.167,1,3
2.168,1,3
2.169,1,3
2.17,1,3
2.171,1,3
2.172,1,3
2.173,1,3
2.174,1,3
2.175,1,3
2.176,1,3
2.177,1,3
2.178,1,3
2.179,1,3
2.18,1,3
2.181,1,3
2.182,1,3
2.183,1,3
2.184,1,3
2.185,1,3
2.186,1,3
2.187,1,3
2.188,1,3
2.189,1,3
2.19,1,3
2.191,1,3
2.192,1,3
2.193,1,3
2.194,1,3
2.195,1,3
2.196,1,3
2.197,1,3
2.198,1,3
2.199,1,3
2.2,1,3
2.201,1,3
2.202,1,3
2.203,1,3
2.204,1,3
2.205,1,3
2.206,1,3
2.207,1,3
2.208,1,3
2.209,1,3
2.21,1,3
2.211,1,3
2.212,1,3
2.213,1,3
2.214,1,3
2.215,1,3
2.216,1,3
2.217,1,3
2.218,1,3
2.219,1,3
2.22,1,3
2.221,1,3
2.222,1,3
2.223,1,3
2.224,1,3
2.225,1,3
2.226,1,3
2.227,1,3
2.228,1,3
2.229,1,3
2.23,1,3
2.231,1,3
2.232,1,3
2.233,1,3
2.234,1,3
2.235,1,3
2.236,1,3
2.237,1,3
2.238,1,3
2.239,1,3
2.24,1,3
2.241,1,3
2.242,1,3
2.243,1,3
2.244,1,3
2.245,1,3
2.246,1,3
2.247,1,3
2.248,1,3
2.249,1,3
2.25,1,3
2.251,1,3
2.252,1,3
2.253,1,3
2.254,1,3
2.255,1,3
2.256,1,3
2.257,1,3
2.258,1,3
2.259,1,3
2.26,1,3
2.261,1,3
2.262,1,3
2.263,1,3
2.264,1,3
2.265,1,3
2.266,1,3
2.267,1,3
2.268,1,3
2.269,1,3
2.27,1,3
2.271,1,3
2.272,1,3
2.273,1,3
2.274,1,3
2.275,1,3
2.276,1,3
2.277,1,3
2.278,1,3
2.279,1,3
2.28,1,3
2.281,1,3
2.282,1,3
2.283,1,3
2.284,1,3
2.285,1,3
2.286,1,3
2.287,1,3
2.288,1,3
2.289,1,3
2.29,1,3
2.291,1,3
2.292,1,3
2.293,1,3
2.294,1,3
2.295,1,3
2.296,1,3
2.297,1,3
2.298,1,3
2.299,1,3
2.3,1,3
2.301,1,3
2.302,1,3
2.303,1,3
2.304,1,3
2.305,1,3
2.306,1,3
2.307,1,3
2.308,1,3
2.309,1,3
2.31,1,3
2.311,1,3
2.312,1,3
2.313,1,3
2.314,1,3
2.315,1,3
2.316,1,3
2.317,1,3
2.318,1,3
2.319,1,3
2.32,1,3
2.321,1,3
2.322,1,3
2.323,1,3
2.324,1,3
2.325,1,3
2.326,1,3
2.327,1,3
2.328,1,3
2.329,1,3
2.33,1,3
2.331,1,3
2.332,1,3
2.333,1,3
2.334,1,3
2.335,1,3
2.336,1,3
2.337,1,3
2.338,1,3
2.339,1,3
2.34,1,3
2.341,1,3
2.342,1,3
2.343,1,3
2.344,1,3
2.345,1,3
2.346,1,3
2.347,1,3
2.348,1,3
2.349,1,3
2.35,1,3
2.351,1,3
2.352,1,3
2.353,1,3
2.354,1,3
2.355,1,3
2.356,1,3
2.357,1,3
2.358,1,3
2.359,1,3
2.36,1,3
2.361,1,3
2.362,1,3
2.363,1,3
2.364,1,3
2.365,1,3
2.366,1,3
2.367,1,3
2.368,1,3
2.369,1,3
2.37,1,3
2.371,1,3
2.372,1,3
2.373,1,3
2.374,1,3
2.375,1,3
2.376,1,3
2.377,1,3
2.378,1,3
2.379,1,3
2.38,1,3
2.381,1,3
2.382,1,3
2.383,1,3
2.384,1,3
2.385,1,3
2.386,1,3
2.387,1,3
2.388,1,3
2.389,1,3
2.39,1,3
2.391,1,3
2.392,1,3
2.393,1,3
2.394,1,3
2.395,1,3
2.396,1,3
2.397,1,3
2.398,1,3
2.399,1,3
2.4,1,3
2.401,1,3
2.402,1,3
2.403,1,3
2.404,1,3
2.405,1,3
2.406,1,3
2.407,1,3
2.408,1,3
2.409,1,3
2.41,1,3
2.411,1,3
2.412,1,3
2.413,1,3
2.414,1,3
2.415,1,3
2.416,1,3
2.417,1,3
2.418,1,3
2.419,1,3
2.42,1,3
2.421,1,3
2.422,1,3
2.423,1,3
2.424,1,3
2.425,1,3
2.426,1,3
2.427,1,3
2.428,1,3
2.429,1,3
2.43,1,3
2.431,1,3
2.432,1,3
2.433,1,3
2.434,1,3
2.435,1,3
2.436,1,3
2.437,1,3
2.438,1,3
2.439,1,3
2.44,1,3
2.441,1,3
2.442,1,3
2.443,1,3
2.444,1,3
2.445,1,3
2.446,1,3
2.447,1,3
2.448,1,3
2.449,1,3
2.45,1,3
2.451,1,3
2.452,1,3
2.453,1,3
2.454,1,3
2.455,1,3
2.456,1,3
2.457,1,3
2.458,1,3
2.459,1,3
2.46,1,3
2.461,1,3
2.462,1,3
2.463,1,3
2.464,1,3
2.465,1,3
2.466,1,3
2.467,1,3
2.468,1,3
2.469,1,3
2.47,1,3
2.471,1,3
2.472,1,3
2.473,1,3
2.474,1,3
2.475,1,3
2.476,1,3
2.477,1,3
2.478,1,3
2.479,1,3
2.48,1,3
2.481,1,3
2.482,1,3
2.483,1,3
2.484,1,3
2.485,1,3
2.486,1,3
2.487,1,3
2.488,1,3
2.489,1,3
2.49,1,3
2.491,1,3
2.492,1,3
2.493,1,3
2.494,1,3
2.495,1,3
2.496,1,3
2.497,1,3
2.498,1,3
2.499,1,3
2.5,0,3
2.501,0,3
2.502,0,3
2.503,0,3
2.504,0,3
2.505,0,3
2.506,0,3
2.507,0,3
2.508,0,3
2.509,0,3
2.51,0,3
2.511,0,3
2.512,0,3
2.513,0,3
2.514,0,3
2.515,0,3
2.516,0,3
2.517,0,3
2.518,0,3
2.519,0,3
2.52,0,3
2.521,0,3
2.522,0,3
2.523,0,3
2.524,0,3
2.525,0,3
2.526,0,3
2.527,0,3
2.528,0,3
2.529,0,3
2.53,0,3
2.531,0,3
2.532,0,3
2.533,0,3
2.534,0,3
2.535,0,3
2.536,0,3
2.537,0,3
2.538,0,3
2.539,0,3
2.54,0,3
2.541,0,3
2.542,0,3
2.543,0,3
2.544,0,3
2.545,0,3
2.546,0,3
2.547,0,3
2.548,0,3
2.549,0,3
2.55,0,3
2.551,0,3
2.552,0,3
2.553,0,3
2.554,0,3
2.555,0,3
2.556,0,3
2.557,0,3
2.558,0,3
2.559,0,3
2.56,0,3
2.561,0,3
2.562,0,3
2.563,0,3
2.564,0,3
2.565,0,3
2.566,0,3
2.567,0,3
2.568,0,3
2.569,0,3
2.57,0,3
2.571,0,3
2.572,0,3
2.573,0,3
2.574,0,3
2.575,0,3
2.576,0,3
2.577,0,3
2.578,0,3
2.579,0,3
2.58,0,3
2.581,0,3
2.582,0,3
2.583,0,3
2.584,0,3
2.585,0,3
2.586,0,3
2.587,0,3
2.588,0,3
2.589,0,3
2.59,0,3
2.591,0,3
2.592,0,3
2.593,0,3
2.594,0,3
2.595,0,3
2.596,0,3
2.597,0,3
2.598,0,3
2.599,0,3
2.6,0,0
2.601,0,0
2.602,0,0
2.603,0,0
2.604,0,0
2.605,0,0
2.606,0,0
2.607,0,0
2.608,0,0
2.609,0,0
2.61,0,0
2.611,0,0
2.612,0,0
2.613,0,0
2.614,0,0
2.615,0,0
2.616,0,0
2.617,0,0
2.618,0,0
2.619,0,0
2.62,0,0
2.621,0,0
2.622,0,0
2.623,0,0
2.624,0,0
2.625,0,0
2.626,0,0
2.627,0,0
2.628,0,0
2.629,0,0
2.63,0,0
2.631,0,0
2.632,0,0
2.633,0,0
2.634,0,0
2.635,0,0
2.636,0,0
2.637,0,0
2.638,0,0
2.639,0,0
2.64,0,0
2.641,0,0
2.642,0,0
2.643,0,0
2.644,0,0
2.645,0,0
2.646,0,0
2.647,0,0
2.648,0,0
2.649,0,0
2.65,0,0
2.651,0,0
2.652,0,0
2.653,0,0
2.654,0,0
2.655,0,0
2.656,0,0
2.657,0,0
2.658,0,0
2.659,0,0
2.66,0,0
2.661,0,0
2.662,0,0
2.663,0,0
2.664,0,0
2.665,0,0
2.666,0,0
2.667,0,0
2.668,0,0
2.669,0,0
2.67,0,0
2.671,0,0
2.672,0,0
2.673,0,0
2.674,0,0
2.675,0,0
2.676,0,0
2.677,0,0
2.678,0,0
2.679,0,0
2.68,0,0
2.681,0,0
2.682,0,0
2.683,0,0
2.684,0,0
2.685,0,0
2.686,0,0
2.687,0,0
2.688,0,0
2.689,0,0
2.69,0,0
2.691,0,0
2.692,0,0
2.693,0,0
2.694,0,0
2.695,0,0
2.696,0,0
2.697,0,0
2.698,0,0
2.699,0,0
2.7,0,0
2.701,0,0
2.702,0,0
2.703,0,0
2.704,0,0
2.705,0,0
2.706,0,0
2.707,0,0
2.708,0,0
2.709,0,0
2.71,0,0
2.711,0,0
2.712,0,0
2.713,0,0
2.714,0,0
2.715,0,0
2.716,0,0
2.717,0,0
2.718,0,0
2.719,0,0
2.72,0,0
2.721,0,0
2.722,0,0
2.723,0,0
2.724,0,0
2.725,0,0
2.726,0,0
2.727,0,0
2.728,0,0
2.729,0,0
2.73,0,0
2.731,0,0
2.732,0,0
2.733,0,0
2.734,0,0
2.735,0,0
2.736,0,0
2.737,0,0
2.738,0,0
2.739,0,0
2.74,0,0
2.741,0,0
2.742,0,0
2.743,0,0
2.744,0,0
2.745,0,0
2.746,0,0
2.747,0,0
2.748,0,0
2.749,0,0
2.75,0,0
2.751,0,0
2.752,0,0
2.753,0,0
2.754,0,0
2.755,0,0
2.756,0,0
2.757,0,0
2.758,0,0
2.759,0,0
2.76,0,0
2.761,0,0
2.762,0,0
2.763,0,0
2.764,0,0
2.765,0,0
2.766,0,0
2.767,0,0
2.768,0,0
2.769,0,0
2.77,0,0
2.771,0,0
2.772,0,0
2.773,0,0
2.774,0,0
2.775,0,0
2.776,0,0
2.777,0,0
2.778,0,0
2.779,0,0
2.78,0,0
2.781,0,0
2.782,0,0
2.783,0,0
2.784,0,0
2.785,0,0
2.786,0,0
2.787,0,0
2.788,0,0
2.789,0,0
2.79,0,0
2.791,0,0
2.792,0,0
2.793,0,0
2.794,0,0
2.795,0,0
2.796,0,0
2.797,0,0
2.798,0,0
2.799,0,0
2.8,0,0
2.801,0,0
2.802,0,0
2.803,0,0
2.804,0,0
2.805,0,0
2.806,0,0
2.807,0,0
2.808,0,0
2.809,0,0
2.81,0,0
2.811,0,0
2.812,0,0
2.813,0,0
2.814,0,0
2.815,0,0
2.816,0,0
2.817,0,0
2.818,0,0
2.819,0,0
2.82,0,0
2.821,0,0
2.822,0,0
2.823,0,0
2.824,0,0
2.825,0,0
2.826,0,0
2.827,0,0
2.828,0,0
2.829,0,0
2.83,0,0
2.831,0,0
2.832,0,0
2.833,0,0
2.834,0,0
2.835,0,0
2.836,0,0
2.837,0,0
2.838,0,0
2.839,0,0
2.84,0,0
2.841,0,0
2.842,0,0
2.843,0,0
2.844,0,0
2.845,0,0
2.846,0,0
2.847,0,0
2.848,0,0
2.849,0,0
2.85,0,0
2.851,0,0
2.852,0,0
2.853,0,0
2.854,0,0
2.855,0,0
2.856,0,0
2.857,0,0
2.858,0,0
2.859,0,0
2.86,0,0
2.861,0,0
2.862,0,0
2.863,0,0
2.864,0,0
2.865,0,0
2.866,0,0
2.867,0,0
2.868,0,0
2.869,0,0
2.87,0,0
2.871,0,0
2.872,0,0
2.873,0,0
2.874,0,0
2.875,0,0
2.876,0,0
2.877,0,0
2.878,0,0
2.879,0,0
2.88,0,0
2.881,0,0
2.882,0,0
2.883,0,0
2.884,0,0
2.885,0,0
2.886,0,0
2.887,0,0
2.888,0,0
2.889,0,0
2.89,0,0
2.891,0,0
2.892,0,0
2.893,0,0
2.894,0,0
2.895,0,0
2.896,0,0
2.897,0,0
2.898,0,0
2.899,0,0
2.9,0,0
2.901,0,0
2.902,0,0
2.903,0,0
2.904,0,0
2.905,0,0
2.906,0,0
2.907,0,0
2.908,0,0
2.909,0,0
2.91,0,0
2.911,0,0
2.912,0,0
2.913,0,0
2.914,0,0
2.915,0,0
2.916,0,0
2.917,0,0
2.918,0,0
2.919,0,0
2.92,0,0
2.921,0,0
2.922,0,0
2.923,0,0
2.924,0,0
2.925,0,0
2.926,0,0
2.927,0,0
2.928,0,0
2.929,0,0
2.93,0,0
2.931,0,0
2.932,0,0
2.933,0,0
2.934,0,0
2.935,0,0
2.936,0,0
2.937,0,0
2.938,0,0
2.939,0,0
2.94,0,0
2.941,0,0
2.942,0,0
2.943,0,0
2.944,0,0
2.945,0,0
2.946,0,0
2.947,0,0
2.948,0,0
2.949,0,0
2.95,0,0
2.951,0,0
2.952,0,0
2.953,0,0
2.954,0,0
2.955,0,0
2.956,0,0
2.957,0,0
2.958,0,0
2.959,0,0
2.96,0,0
2.961,0,0
2.962,0,0
2.963,0,0
2.964,0,0
2.965,0,0
2.966,0,0
2.967,0,0
2.968,0,0
2.969,0,0
2.97,0,0
2.971,0,0
2.972,0,0
2.973,0,0
2.974,0,0
2.975,0,0
2.976,0,0
2.977,0,0
2.978,0,0
2.979,0,0
2.98,0,0
2.981,0,0
2.982,0,0
2.983,0,0
2.984,0,0
2.985,0,0
2.986,0,0
2.987,0,0
2.988,0,0
2.989,0,0
2.99,0,0
2.991,0,0
2.992,0,0
2.993,0,0
2.994,0,0
2.995,0,0
2.996,0,0
2.997,0,0
2.998,0,0
2.999,0,0
3,1,0
3.001,1,0
3.002,1,0
3.003,1,0
3.004,1,0
3.005,1,0
3.006,1,0
3.007,1,0
3.008,1,0
3.009,1,0
3.01,1,0
3.011,1,0
3.012,1,0
3.013,1,0
3.014,1,0
3.015,1,0
3.016,1,0
3.017,1,0
3.018,1,0
3.019,1,0
3.02,1,0
3.021,1,0
3.022,1,0
3.023,1,0
3.024,1,0
3.025,1,0
3.026,1,0
3.027,1,0
3.028,1,0
3.029,1,0
3.03,1,0
3.031,1,0
3.032,1,0
3.033,1,0
3.034,1,0
3.035,1,0
3.036,1,0
3.037,1,0
3.038,1,0
3.039,1,0
3.04,1,0
3.041,1,0
3.042,1,0
3.043,1,0
3.044,1,0
3.045,1,0
3.046,1,0
3.047,1,0
3.048,1,0
3.049,1,0
3.05,1,0
3.051,1,0
3.052,1,0
3.053,1,0
3.054,1,0
3.055,1,0
3.056,1,0
3.057,1,0
3.058,1,0
3.059,1,0
3.06,1,0
3.061,1,0
3.062,1,0
3.063,1,0
3.064,1,0
3.065,1,0
3.066,1,0
3.067,1,0
3.068,1,0
3.069,1,0
3.07,1,0
3.071,1,0
3.072,1,0
3.073,1,0
3.074,1,0
3.075,1,0
3.076,1,0
3.077,1,0
3.078,1,0
3.079,1,0
3.08,1,0
3.081,1,0
3.082,1,0
3.083,1,0
3.084,1,0
3.085,1,0
3.086,1,0
3.087,1,0
3.088,1,0
3.089,1,0
3.09,1,0
3.091,1,0
3.092,1,0
3.093,1,0
3.094,1,0
3.095,1,0
3.096,1,0
3.097,1,0
3.098,1,0
3.099,1,0
3.1,1,3
3.101,1,3
3.102,1,3
3.103,1,3
3.104,1,3
3.105,1,3
3.106,1,3
3.107,1,3
3.108,1,3
3.109,1,3
3.11,1,3
3.111,1,3
3.112,1,3
3.113,1,3
3.114,1,3
3.115,1,3
3.116,1,3
3.117,1,3
3.118,1,3
3.119,1,3
3.12,1,3
3.121,1,3
3.122,1,3
3.123,1,3
3.124,1,3
3.125,1,3
3.126,1,3
3.127,1,3
3.128,1,3
3.129,1,3
3.13,1,3
3.131,1,3
3.132,1,3
3.133,1,3
3.134,1,3
3.135,1,3
3.136,1,3
3.137,1,3
3.138,1,3
3.139,1,3
3.14,1,3
3.141,1,3
3.142,1,3
3.143,1,3
3.144,1,3
3.145,1,3
3.146,1,3
3.147,1,3
3.148,1,3
3.149,1,3
3.15,1,3
3.151,1,3
3.152,1,3
3.153,1,3
3.154,1,3
3.155,1,3
3.156,1,3
3.157,1,3
3.158,1,3
3.159,1,3
3.16,1,3
3.161,1,3
3.162,1,3
3.163,1,3
3.164,1,3
3.165,1,3
3.166,1,3
3.167,1,3
3.168,1,3
3.169,1,3
3.17,1,3
3.171,1,3
3.172,1,3
3.173,1,3
3.174,1,3
3.175,1,3
3.176,1,3
3.177,1,3
3.178,1,3
3.179,1,3
3.18,1,3
3.181,1,3
3.182,1,3
3.183,1,3
3.184,1,3
3.185,1,3
3.186,1,3
3.187,1,3
3.188,1,3
3.189,1,3
3.19,1,3
3.191,1,3
3.192,1,3
3.193,1,3
3.194,1,3
3.195,1,3
3.196,1,3
3.197,1,3
3.198,1,3
3.199,1,3
3.2,1,3
3.201,1,3
3.202,1,3
3.203,1,3
3.204,1,3
3.205,1,3
3.206,1,3
3.207,1,3
3.208,1,3
3.209,1,3
3.21,1,3
3.211,1,3
3.212,1,3
3.213,1,3
3.214,1,3
3.215,1,3
3.216,1,3
3.217,1,3
3.218,1,3
3.219,1,3
3.22,1,3
3.221,1,3
3.222,1,3
3.223,1,3
3.224,1,3
3.225,1,3
3.226,1,3
3.227,1,3
3.228,1,3
3.229,1,3
3.23,1,3
3.231,1,3
3.232,1,3
3.233,1,3
3.234,1,3
3.235,1,3
3.236,1,3
3.237,1,3
3.238,1,3
3.239,1,3
3.24,1,3
3.241,1,3
3.242,1,3
3.243,1,3
3.244,1,3
3.245,1,3
3.246,1,3
3.247,1,3
3.248,1,3
3.249,1,3
3.25,1,3
3.251,1,3
3.252,1,3
3.253,1,3
3.254,1,3
3.255,1,3
3.256,1,3
3.257,1,3
3.258,1,3
3.259,1,3
3.26,1,3
3.261,1,3
3.262,1,3
3.263,1,3
3.264,1,3
3.265,1,3
3.266,1,3
3.267,1,3
3.268,1,3
3.269,1,3
3.27,1,3
3.271,1,3
3.272,1,3
3.273,1,3
3.274,1,3
3.275,1,3
3.276,1,3
3.277,1,3
3.278,1,3
3.279,1,3
3.28,1,3
3.281,1,3
3.282,1,3
3.283,1,3
3.284,1,3
3.285,1,3
3.286,1,3
3.287,1,3
3.288,1,3
3.289,1,3
3.29,1,3
3.291,1,3
3.292,1,3
3.293,1,3
3.294,1,3
3.295,1,3
3.296,1,3
3.297,1,3
3.298,1,3
3.299,1,3
3.3,1,3
3.301,1,3
3.302,1,3
3.303,1,3
3.304,1,3
3.305,1,3
3.306,1,3
3.307,1,3
3.308,1,3
3.309,1,3
3.31,1,3
3.311,1,3
3.312,1,3
3.313,1,3
3.314,1,3
3.315,1,3
3.316,1,3
3.317,1,3
3.318,1,3
3.319,1,3
3.32,1,3
3.321,1,3
3.322,1,3
3.323,1,3
3.324,1,3
3.325,1,3
3.326,1,3
3.327,1,3
3.328,1,3
3.329,1,3
3.33,1,3
3.331,1,3
3.332,1,3
3.333,1,3
3.334,1,3
3.335,1,3
3.336,1,3
3.337,1,3
3.338,1,3
3.339,1,3
3.34,1,3
3.341,1,3
3.342,1,3
3.343,1,3
3.344,1,3
3.345,1,3
3.346,1,3
3.347,1,3
3.348,1,3
3.349,1,3
3.35,1,3
3.351,1,3
3.352,1,3
3.353,1,3
3.354,1,3
3.355,1,3
3.356,1,3
3.357,1,3
3.358,1,3
3.359,1,3
3.36,1,3
3.361,1,3
3.362,1,3
3.363,1,3
3.364,1,3
3.365,1,3
3.366,1,3
3.367,1,3
3.368,1,3
3.369,1,3
3.37,1,3
3.371,1,3
3.372,1,3
3.373,1,3
3.374,1,3
3.375,1,3
3.376,1,3
3.377,1,3
3.378,1,3
3.379,1,3
3.38,1,3
3.381,1,3
3.382,1,3
3.383,1,3
3.384,1,3
3.385,1,3
3.386,1,3
3.387,1,3
3.388,1,3
3.389,1,3
3.39,1,3
3.391,1,3
3.392,1,3
3.393,1,3
3.394,1,3
3.395,1,3
3.396,1,3
3.397,1,3
3.398,1,3
3.399,1,3
3.4,1,3
3.401,1,3
3.402,1,3
3.403,1,3
3.404,1,3
3.405,1,3
3.406,1,3
3.407,1,3
3.408,1,3
3.409,1,3
3.41,1,3
3.411,1,3
3.412,1,3
3.413,1,3
3.414,1,3
3.415,1,3
3.416,1,3
3.417,1,3
3.418,1,3
3.419,1,3
3.42,1,3
3.421,1,3
3.422,1,3
3.423,1,3
3.424,1,3
3.425,1,3
3.426,1,3
3.427,1,3
3.428,1,3
3.429,1,3
3.43,1,3
3.431,1,3
3.432,1,3
3.433,1,3
3.434,1,3
3.435,1,3
3.436,1,3
3.437,1,3
3.438,1,3
3.439,1,3
3.44,1,3
3.441,1,3
3.442,1,3
3.443,1,3
3.444,1,3
3.445,1,3
3.446,1,3
3.447,1,3
3.448,1,3
3.449,1,3
3.45,1,3
3.451,1,3
3.452,1,3
3.453,1,3
3.454,1,3
3.455,1,3
3.456,1,3
3.457,1,3
3.458,1,3
3.459,1,3
3.46,1,3
3.461,1,3
3.462,1,3
3.463,1,3
3.464,1,3
3.465,1,3
3.466,1,3
3.467,1,3
3.468,1,3
3.469,1,3
3.47,1,3
3.471,1,3
3.472,1,3
3.473,1,3
3.474,1,3
3.475,1,3
3.476,1,3
3.477,1,3
3.478,1,3
3.479,1,3
3.48,1,3
3.481,1,3
3.482,1,3
3.483,1,3
3.484,1,3
3.485,1,3
3.486,1,3
3.487,1,3
3.488,1,3
3.489,1,3
3.49,1,3
3.491,1,3
3.492,1,3
3.493,1,3
3.494,1,3
3.495,1,3
3.496,1,3
3.497,1,3
3.498,1,3
3.499,1,3
3.5,0,3
3.501,0,3
3.502,0,3
3.503,0,3
3.504,0,3
3.505,0,3
3.506,0,3
3.507,0,3
3.508,0,3
3.509,0,3
3.51,0,3
3.511,0,3
3.512,0,3
3.513,0,3
3.514,0,3
3.515,0,3
3.516,0,3
3.517,0,3
3.518,0,3
3.519,0,3
3.52,0,3
3.521,0,3
3.522,0,3
3.523,0,3
3.524,0,3
3.525,0,3
3.526,0,3
3.527,0,3
3.528,0,3
3.529,0,3
3.53,0,3
3.531,0,3
3.532,0,3
3.533,0,3
3.534,0,3
3.535,0,3
3.536,0,3
3.537,0,3
3.538,0,3
3.539,0,3
3.54,0,3
3.541,0,3
3.542,0,3
3.543,0,3
3.544,0,3
3.545,0,3
3.546,0,3
3.547,0,3
3.548,0,3
3.549,0,3
3.55,0,3
3.551,0,3
3.552,0,3
3.553,0,3
3.554,0,3
3.555,0,3
3.556,0,3
3.557,0,3
3.558,0,3
3.559,0,3
3.56,0,3
3.561,0,3
3.562,0,3
3.563,0,3
3.564,0,3
3.565,0,3
3.566,0,3
3.567,0,3
3.568,0,3
3.569,0,3
3.57,0,3
3.571,0,3
3.572,0,3
3.573,0,3
3.574,0,3
3.575,0,3
3.576,0,3
3.577,0,3
3.578,0,3
3.579,0,3
3.58,0,3
3.581,0,3
3.582,0,3
3.583,0,3
3.584,0,3
3.585,0,3
3.586,0,3
3.587,0,3
3.588,0,3
3.589,0,3
3.59,0,3
3.591,0,3
3.592,0,3
3.593,0,3
3.594,0,3
3.595,0,3
3.596,0,3
3.597,0,3
3.598,0,3
3.599,0,3
3.6,0,0
3.601,0,0
3.602,0,0
3.603,0,0
3.604,0,0
3.605,0,0
3.606,0,0
3.607,0,0
3.608,0,0
3.609,0,0
3.61,0,0
3.611,0,0
3.612,0,0
3.613,0,0
3.614,0,0
3.615,0,0
3.616,0,0
3.617,0,0
3.618,0,0
3.619,0,0
3.62,0,0
3.621,0,0
3.622,0,0
3.623,0,0
3.624,0,0
3.625,0,0
3.626,0,0
3.627,0,0
3.628,0,0
3.629,0,0
3.63,0,0
3.631,0,0
3.632,0,0
3.633,0,0
3.634,0,0
3.635,0,0
3.636,0,0
3.637,0,0
3.638,0,0
3.639,0,0
3.64,0,0
3.641,0,0
3.642,0,0
3.643,0,0
3.644,0,0
3.645,0,0
3.646,0,0
3.647,0,0
3.648,0,0
3.649,0,0
3.65,0,0
3.651,0,0
3.652,0,0
3.653,0,0
3.654,0,0
3.655,0,0
3.656,0,0
3.657,0,0
3.658,0,0
3.659,0,0
3.66,0,0
3.661,0,0
3.662,0,0
3.663,0,0
3.664,0,0
3.665,0,0
3.666,0,0
3.667,0,0
3.668,0,0
3.669,0,0
3.67,0,0
3.671,0,0
3.672,0,0
3.673,0,0
3.674,0,0
3.675,0,0
3.676,0,0
3.677,0,0
3.678,0,0
3.679,0,0
3.68,0,0
3.681,0,0
3.682,0,0
3.683,0,0
3.684,0,0
3.685,0,0
3.686,0,0
3.687,0,0
3.688,0,0
3.689,0,0
3.69,0,0
3.691,0,0
3.692,0,0
3.693,0,0
3.694,0,0
3.695,0,0
3.696,0,0
3.697,0,0
3.698,0,0
3.699,0,0
3.7,0,0
3.701,0,0
3.702,0,0
3.703,0,0
3.704,0,0
3.705,0,0
3.706,0,0
3.707,0,0
3.708,0,0
3.709,0,0
3.71,0,0
3.711,0,0
3.712,0,0
3.713,0,0
3.714,0,0
3.715,0,0
3.716,0,0
3.717,0,0
3.718,0,0
3.719,0,0
3.72,0,0
3.721,0,0
3.722,0,0
3.723,0,0
3.724,0,0
3.725,0,0
3.726,0,0
3.727,0,0
3.728,0,0
3.729,0,0
3.73,0,0
3.731,0,0
3.732,0,0
3.733,0,0
3.734,0,0
3.735,0,0
3.736,0,0
3.737,0,0
3.738,0,0
3.739,0,0
3.74,0,0
3.741,0,0
3.742,0,0
3.743,0,0
3.744,0,0
3.745,0,0
3.746,0,0
3.747,0,0
3.748,0,0
3.749,0,0
3.75,0,0
3.751,0,0
3.752,0,0
3.753,0,0
3.754,0,0
3.755,0,0
3.756,0,0
3.757,0,0
3.758,0,0
3.759,0,0
3.76,0,0
3.761,0,0
3.762,0,0
3.763,0,0
3.764,0,0
3.765,0,0
3.766,0,0
3.767,0,0
3.768,0,0
3.769,0,0
3.77,0,0
3.771,0,0
3.772,0,0
3.773,0,0
3.774,0,0
3.775,0,0
3.776,0,0
3.777,0,0
3.778,0,0
3.779,0,0
3.78,0,0
3.781,0,0
3.782,0,0
3.783,0,0
3.784,0,0
3.785,0,0
3.786,0,0
3.787,0,0
3.788,0,0
3.789,0,0
3.79,0,0
3.791,0,0
3.792,0,0
3.793,0,0
3.794,0,0
3.795,0,0
3.796,0,0
3.797,0,0
3.798,0,0
3.799,0,0
3.8,0,0
3.801,0,0
3.802,0,0
3.803,0,0
3.804,0,0
3.805,0,0
3.806,0,0
3.807,0,0
3.808,0,0
3.809,0,0
3.81,0,0
3.811,0,0
3.812,0,0
3.813,0,0
3.814,0,0
3.815,0,0
3.816,0,0
3.817,0,0
3.818,0,0
3.819,0,0
3.82,0,0
3.821,0,0
3.822,0,0
3.823,0,0
3.824,0,0
3.825,0,0
3.826,0,0
3.827,0,0
3.828,0,0
3.829,0,0
3.83,0,0
3.831,0,0
3.832,0,0
3.833,0,0
3.834,0,0
3.835,0,0
3.836,0,0
3.837,0,0
3.838,0,0
3.839,0,0
3.84,0,0
3.841,0,0
3.842,0,0
3.843,0,0
3.844,0,0
3.845,0,0
3.846,0,0
3.847,0,0
3.848,0,0
3.849,0,0
3.85,0,0
3.851,0,0
3.852,0,0
3.853,0,0
3.854,0,0
3.855,0,0
3.856,0,0
3.857,0,0
3.858,0,0
3.859,0,0
3.86,0,0
3.861,0,0
3.862,0,0
3.863,0,0
3.864,0,0
3.865,0,0
3.866,0,0
3.867,0,0
3.868,0,0
3.869,0,0
3.87,0,0
3.871,0,0
3.872,0,0
3.873,0,0
3.874,0,0
3.875,0,0
3.876,0,0
3.877,0,0
3.878,0,0
3.879,0,0
3.88,0,0
3.881,0,0
3.882,0,0
3.883,0,0
3.884,0,0
3.885,0,0
3.886,0,0
3.887,0,0
3.888,0,0
3.889,0,0
3.89,0,0
3.891,0,0
3.892,0,0
3.893,0,0
3.894,0,0
3.895,0,0
3.896,0,0
3.897,0,0
3.898,0,0
3.899,0,0
3.9,0,0
3.901,0,0
3.902,0,0
3.903,0,0
3.904,0,0
3.905,0,0
3.906,0,0
3.907,0,0
3.908,0,0
3.909,0,0
3.91,0,0
3.911,0,0
3.912,0,0
3.913,0,0
3.914,0,0
3.915,0,0
3.916,0,0
3.917,0,0
3.918,0,0
3.919,0,0
3.92,0,0
3.921,0,0
3.922,0,0
3.923,0,0
3.924,0,0
3.925,0,0
3.926,0,0
3.927,0,0
3.928,0,0
3.929,0,0
3.93,0,0
3.931,0,0
3.932,0,0
3.933,0,0
3.934,0,0
3.935,0,0
3.936,0,0
3.937,0,0
3.938,0,0
3.939,0,0
3.94,0,0
3.941,0,0
3.942,0,0
3.943,0,0
3.944,0,0
3.945,0,0
3.946,0,0
3.947,0,0
3.948,0,0
3.949,0,0
3.95,0,0
3.951,0,0
3.952,0,0
3.953,0,0
3.954,0,0
3.955,0,0
3.956,0,0
3.957,0,0
3.958,0,0
3.959,0,0
3.96,0,0
3.961,0,0
3.962,0,0
3.963,0,0
3.964,0,0
3.965,0,0
3.966,0,0
3.967,0,0
3.968,0,0
3.969,0,0
3.97,0,0
3.971,0,0
3.972,0,0
3.973,0,0
3.974,0,0
3.975,0,0
3.976,0,0
3.977,0,0
3.978,0,0
3.979,0,0
3.98,0,0
3.981,0,0
3.982,0,0
3.983,0,0
3.984,0,0
3.985,0,0
3.986,0,0
3.987,0,0
3.988,0,0
3.989,0,0
3.99,0,0
3.991,0,0
3.992,0,0
3.993,0,0
3.994,0,0
3.995,0,0
3.996,0,0
3.997,0,0
3.998,0,0
3.999,0,0
4,1,0
4.001,1,0
4.002,1,0
4.003,1,0
4.004,1,0
4.005,1,0
4.006,1,0
4.007,1,0
4.008,1,0
4.009,1,0
4.01,1,0
4.011,1,0
4.012,1,0
4.013,1,0
4.014,1,0
4.015,1,0
4.016,1,0
4.017,1,0
4.018,1,0
4.019,1,0
4.02,1,0
4.021,1,0
4.022,1,0
4.023,1,0
4.024,1,0
4.025,1,0
4.026,1,0
4.027,1,0
4.028,1,0
4.029,1,0
4.03,1,0
4.031,1,0
4.032,1,0
4.033,1,0
4.034,1,0
4.035,1,0
4.036,1,0
4.037,1,0
4.038,1,0
4.039,1,0
4.04,1,0
4.041,1,0
4.042,1,0
4.043,1,0
4.044,1,0
4.045,1,0
4.046,1,0
4.047,1,0
4.048,1,0
4.049,1,0
4.05,1,0
4.051,1,0
4.052,1,0
4.053,1,0
4.054,1,0
4.055,1,0
4.056,1,0
4.057,1,0
4.058,1,0
4.059,1,0
4.06,1,0
4.061,1,0
4.062,1,0
4.063,1,0
4.064,1,0
4.065,1,0
4.066,1,0
4.067,1,0
4.068,1,0
4.069,1,0
4.07,1,0
4.071,1,0
4.072,1,0
4.073,1,0
4.074,1,0
4.075,1,0
4.076,1,0
4.077,1,0
4.078,1,0
4.079,1,0
4.08,1,0
4.081,1,0
4.082,1,0
4.083,1,0
4.084,1,0
4.085,1,0
4.086,1,0
4.087,1,0
4.088,1,0
4.089,1,0
4.09,1,0
4.091,1,0
4.092,1,0
4.093,1,0
4.094,1,0
4.095,1,0
4.096,1,0
4.097,1,0
4.098,1,0
4.099,1,0
4.1,1,3
4.101,1,3
4.102,1,3
4.103,1,3
4.104,1,3
4.105,1,3
4.106,1,3
4.107,1,3
4.108,1,3
4.109,1,3
4.11,1,3
4.111,1,3
4.112,1,3
4.113,1,3
4.114,1,3
4.115,1,3
4.116,1,3
4.117,1,3
4.118,1,3
4.119,1,3
4.12,1,3
4.121,1,3
4.122,1,3
4.123,1,3
4.124,1,3
4.125,1,3
4.126,1,3
4.127,1,3
4.128,1,3
4.129,1,3
4.13,1,3
4.131,1,3
4.132,1,3
4.133,1,3
4.134,1,3
4.135,1,3
4.136,1,3
4.137,1,3
4.138,1,3
4.139,1,3
4.14,1,3
4.141,1,3
4.142,1,3
4.143,1,3
4.144,1,3
4.145,1,3
4.146,1,3
4.147,1,3
4.148,1,3
4.149,1,3
4.15,1,3
4.151,1,3
4.152,1,3
4.153,1,3
4.154,1,3
4.155,1,3
4.156,1,3
4.157,1,3
4.158,1,3
4.159,1,3
4.16,1,3
4.161,1,3
4.162,1,3
4.163,1,3
4.164,1,3
4.165,1,3
4.166,1,3
4.167,1,3
4.168,1,3
4.169,1,3
4.17,1,3
4.171,1,3
4.172,1,3
4.173,1,3
4.174,1,3
4.175,1,3
4.176,1,3
4.177,1,3
4.178,1,3
4.179,1,3
4.18,1,3
4.181,1,3
4.182,1,3
4.183,1,3
4.184,1,3
4.185,1,3
4.186,1,3
4.187,1,3
4.188,1,3
4.189,1,3
4.19,1,3
4.191,1,3
4.192,1,3
4.193,1,3
4.194,1,3
4.195,1,3
4.196,1,3
4.197,1,3
4.198,1,3
4.199,1,3
4.2,1,3
4.201,1,3
4.202,1,3
4.203,1,3
4.204,1,3
4.205,1,3
4.206,1,3
4.207,1,3
4.208,1,3
4.209,1,3
4.21,1,3
4.211,1,3
4.212,1,3
4.213,1,3
4.214,1,3
4.215,1,3
4.216,1,3
4.217,1,3
4.218,1,3
4.219,1,3
4.22,1,3
4.221,1,3
4.222,1,3
4.223,1,3
4.224,1,3
4.225,1,3
4.226,1,3
4.227,1,3
4.228,1,3
4.229,1,3
4.23,1,3
4.231,1,3
4.232,1,3
4.233,1,3
4.234,1,3
4.235,1,3
4.236,1,3
4.237,1,3
4.238,1,3
4.239,1,3
4.24,1,3
4.241,1,3
4.242,1,3
4.243,1,3
4.244,1,3
4.245,1,3
4.246,1,3
4.247,1,3
4.248,1,3
4.249,1,3
4.25,1,3
4.251,1,3
4.252,1,3
4.253,1,3
4.254,1,3
4.255,1,3
4.256,1,3
4.257,1,3
4.258,1,3
4.259,1,3
4.26,1,3
4.261,1,3
4.262,1,3
4.263,1,3
4.264,1,3
4.265,1,3
4.266,1,3
4.267,1,3
4.268,1,3
4.269,1,3
4.27,1,3
4.271,1,3
4.272,1,3
4.273,1,3
4.274,1,3
4.275,1,3
4.276,1,3
4.277,1,3
4.278,1,3
4.279,1,3
4.28,1,3
4.281,1,3
4.282,1,3
4.283,1,3
4.284,1,3
4.285,1,3
4.286,1,3
4.287,1,3
4.288,1,3
4.289,1,3
4.29,1,3
4.291,1,3
4.292,1,3
4.293,1,3
4.294,1,3
4.295,1,3
4.296,1,3
4.297,1,3
4.298,1,3
4.299,1,3
4.3,1,3
4.301,1,3
4.302,1,3
4.303,1,3
4.304,1,3
4.305,1,3
4.306,1,3
4.307,1,3
4.308,1,3
4.309,1,3
4.31,1,3
4.311,1,3
4.312,1,3
4.313,1,3
4.314,1,3
4.315,1,3
4.316,1,3
4.317,1,3
4.318,1,3
4.319,1,3
4.32,1,3
4.321,1,3
4.322,1,3
4.323,1,3
4.324,1,3
4.325,1,3
4.326,1,3
4.327,1,3
4.328,1,3
4.329,1,3
4.33,1,3
4.331,1,3
4.332,1,3
4.333,1,3
4.334,1,3
4.335,1,3
4.336,1,3
4.337,1,3
4.338,1,3
4.339,1,3
4.34,1,3
4.341,1,3
4.342,1,3
4.343,1,3
4.344,1,3
4.345,1,3
4.346,1,3
4.347,1,3
4.348,1,3
4.349,1,3
4.35,1,3
4.351,1,3
4.352,1,3
4.353,1,3
4.354,1,3
4.355,1,3
4.356,1,3
4.357,1,3
4.358,1,3
4.359,1,3
4.36,1,3
4.361,1,3
4.362,1,3
4.363,1,3
4.364,1,3
4.365,1,3
4.366,1,3
4.367,1,3
4.368,1,3
4.369,1,3
4.37,1,3
4.371,1,3
4.372,1,3
4.373,1,3
4.374,1,3
4.375,1,3
4.376,1,3
4.377,1,3
4.378,1,3
4.379,1,3
4.38,1,3
4.381,1,3
4.382,1,3
4.383,1,3
4.384,1,3
4.385,1,3
4.386,1,3
4.387,1,3
4.388,1,3
4.389,1,3
4.39,1,3
4.391,1,3
4.392,1,3
4.393,1,3
4.394,1,3
4.395,1,3
4.396,1,3
4.397,1,3
4.398,1,3
4.399,1,3
4.4,1,3
4.401,1,3
4.402,1,3
4.403,1,3
4.404,1,3
4.405,1,3
4.406,1,3
4.407,1,3
4.408,1,3
4.409,1,3
4.41,1,3
4.411,1,3
4.412,1,3
4.413,1,3
4.414,1,3
4.415,1,3
4.416,1,3
4.417,1,3
4.418,1,3
4.419,1,3
4.42,1,3
4.421,1,3
4.422,1,3
4.423,1,3
4.424,1,3
4.425,1,3
4.426,1,3
4.427,1,3
4.428,1,3
4.429,1,3
4.43,1,3
4.431,1,3
4.432,1,3
4.433,1,3
4.434,1,3
4.435,1,3
4.436,1,3
4.437,1,3
4.438,1,3
4.439,1,3
4.44,1,3
4.441,1,3
4.442,1,3
4.443,1,3
4.444,1,3
4.445,1,3
4.446,1,3
4.447,1,3
4.448,1,3
4.449,1,3
4.45,1,3
4.451,1,3
4.452,1,3
4.453,1,3
4.454,1,3
4.455,1,3
4.456,1,3
4.457,1,3
4.458,1,3
4.459,1,3
4.46,1,3
4.461,1,3
4.462,1,3
4.463,1,3
4.464,1,3
4.465,1,3
4.466,1,3
4.467,1,3
4.468,1,3
4.469,1,3
4.47,1,3
4.471,1,3
4.472,1,3
4.473,1,3
4.474,1,3
4.475,1,3
4.476,1,3
4.477,1,3
4.478,1,3
4.479,1,3
4.48,1,3
4.481,1,3
4.482,1,3
4.483,1,3
4.484,1,3
4.485,1,3
4.486,1,3
4.487,1,3
4.488,1,3
4.489,1,3
4.49,1,3
4.491,1,3
4.492,1,3
4.493,1,3
4.494,1,3
4.495,1,3
4.496,1,3
4.497,1,3
4.498,1,3
4.499,1,3
4.5,0,3
4.501,0,3
4.502,0,3
4.503,0,3
4.504,0,3
4.505,0,3
4.506,0,3
4.507,0,3
4.508,0,3
4.509,0,3
4.51,0,3
4.511,0,3
4.512,0,3
4.513,0,3
4.514,0,3
4.515,0,3
4.516,0,3
4.517,0,3
4.518,0,3
4.519,0,3
4.52,0,3
4.521,0,3
4.522,0,3
4.523,0,3
4.524,0,3
4.525,0,3
4.526,0,3
4.527,0,3
4.528,0,3
4.529,0,3
4.53,0,3
4.531,0,3
4.532,0,3
4.533,0,3
4.534,0,3
4.535,0,3
4.536,0,3
4.537,0,3
4.538,0,3
4.539,0,3
4.54,0,3
4.541,0,3
4.542,0,3
4.543,0,3
4.544,0,3
4.545,0,3
4.546,0,3
4.547,0,3
4.548,0,3
4.549,0,3
4.55,0,3
4.551,0,3
4.552,0,3
4.553,0,3
4.554,0,3
4.555,0,3
4.556,0,3
4.557,0,3
4.558,0,3
4.559,0,3
4.56,0,3
4.561,0,3
4.562,0,3
4.563,0,3
4.564,0,3
4.565,0,3
4.566,0,3
4.567,0,3
4.568,0,3
4.569,0,3
4.57,0,3
4.571,0,3
4.572,0,3
4.573,0,3
4.574,0,3
4.575,0,3
4.576,0,3
4.577,0,3
4.578,0,3
4.579,0,3
4.58,0,3
4.581,0,3
4.582,0,3
4.583,0,3
4.584,0,3
4.585,0,3
4.586,0,3
4.587,0,3
4.588,0,3
4.589,0,3
4.59,0,3
4.591,0,3
4.592,0,3
4.593,0,3
4.594,0,3
4.595,0,3
4.596,0,3
4.597,0,3
4.598,0,3
4.599,0,3
4.6,0,0
4.601,0,0
4.602,0,0
4.603,0,0
4.604,0,0
4.605,0,0
4.606,0,0
4.607,0,0
4.608,0,0
4.609,0,0
4.61,0,0
4.611,0,0
4.612,0,0
4.613,0,0
4.614,0,0
4.615,0,0
4.616,0,0
4.617,0,0
4.618,0,0
4.619,0,0
4.62,0,0
4.621,0,0
4.622,0,0
4.623,0,0
4.624,0,0
4.625,0,0
4.626,0,0
4.627,0,0
4.628,0,0
4.629,0,0
4.63,0,0
4.631,0,0
4.632,0,0
4.633,0,0
4.634,0,0
4.635,0,0
4.636,0,0
4.637,0,0
4.638,0,0
4.639,0,0
4.64,0,0
4.641,0,0
4.642,0,0
4.643,0,0
4.644,0,0
4.645,0,0
4.646,0,0
4.647,0,0
4.648,0,0
4.649,0,0
4.65,0,0
4.651,0,0
4.652,0,0
4.653,0,0
4.654,0,0
4.655,0,0
4.656,0,0
4.657,0,0
4.658,0,0
4.659,0,0
4.66,0,0
4.661,0,0
4.662,0,0
4.663,0,0
4.664,0,0
4.665,0,0
4.666,0,0
4.667,0,0
4.668,0,0
4.669,0,0
4.67,0,0
4.671,0,0
4.672,0,0
4.673,0,0
4.674,0,0
4.675,0,0
4.676,0,0
4.677,0,0
4.678,0,0
4.679,0,0
4.68,0,0
4.681,0,0
4.682,0,0
4.683,0,0
4.684,0,0
4.685,0,0
4.686,0,0
4.687,0,0
4.688,0,0
4.689,0,0
4.69,0,0
4.691,0,0
4.692,0,0
4.693,0,0
4.694,0,0
4.695,0,0
4.696,0,0
4.697,0,0
4.698,0,0
4.699,0,0
4.7,0,0
4.701,0,0
4.702,0,0
4.703,0,0
4.704,0,0
4.705,0,0
4.706,0,0
4.707,0,0
4.708,0,0
4.709,0,0
4.71,0,0
4.711,0,0
4.712,0,0
4.713,0,0
4.714,0,0
4.715,0,0
4.716,0,0
4.717,0,0
4.718,0,0
4.719,0,0
4.72,0,0
4.721,0,0
4.722,0,0
4.723,0,0
4.724,0,0
4.725,0,0
4.726,0,0
4.727,0,0
4.728,0,0
4.729,0,0
4.73,0,0
4.731,0,0
4.732,0,0
4.733,0,0
4.734,0,0
4.735,0,0
4.736,0,0
4.737,0,0
4.738,0,0
4.739,0,0
4.74,0,0
4.741,0,0
4.742,0,0
4.743,0,0
4.744,0,0
4.745,0,0
4.746,0,0
4.747,0,0
4.748,0,0
4.749,0,0
4.75,0,0
4.751,0,0
4.752,0,0
4.753,0,0
4.754,0,0
4.755,0,0
4.756,0,0
4.757,0,0
4.758,0,0
4.759,0,0
4.76,0,0
4.761,0,0
4.762,0,0
4.763,0,0
4.764,0,0
4.765,0,0
4.766,0,0
4.767,0,0
4.768,0,0
4.769,0,0
4.77,0,0
4.771,0,0
4.772,0,0
4.773,0,0
4.774,0,0
4.775,0,0
4.776,0,0
4.777,0,0
4.778,0,0
4.779,0,0
4.78,0,0
4.781,0,0
4.782,0,0
4.783,0,0
4.784,0,0
4.785,0,0
4.786,0,0
4.787,0,0
4.788,0,0
4.789,0,0
4.79,0,0
4.791,0,0
4.792,0,0
4.793,0,0
4.794,0,0
4.795,0,0
4.796,0,0
4.797,0,0
4.798,0,0
4.799,0,0
4.8,0,0
4.801,0,0
4.802,0,0
4.803,0,0
4.804,0,0
4.805,0,0
4.806,0,0
4.807,0,0
4.808,0,0
4.809,0,0
4.81,0,0
4.811,0,0
4.812,0,0
4.813,0,0
4.814,0,0
4.815,0,0
4.816,0,0
4.817,0,0
4.818,0,0
4.819,0,0
4.82,0,0
4.821,0,0
4.822,0,0
4.823,0,0
4.824,0,0
4.825,0,0
4.826,0,0
4.827,0,0
4.828,0,0
4.829,0,0
4.83,0,0
4.831,0,0
4.832,0,0
4.833,0,0
4.834,0,0
4.835,0,0
4.836,0,0
4.837,0,0
4.838,0,0
4.839,0,0
4.84,0,0
4.841,0,0
4.842,0,0
4.843,0,0
4.844,0,0
4.845,0,0
4.846,0,0
4.847,0,0
4.848,0,0
4.849,0,0
4.85,0,0
4.851,0,0
4.852,0,0
4.853,0,0
4.854,0,0
4.855,0,0
4.856,0,0
4.857,0,0
4.858,0,0
4.859,0,0
4.86,0,0
4.861,0,0
4.862,0,0
4.863,0,0
4.864,0,0
4.865,0,0
4.866,0,0
4.867,0,0
4.868,0,0
4.869,0,0
4.87,0,0
4.871,0,0
4.872,0,0
4.873,0,0
4.874,0,0
4.875,0,0
4.876,0,0
4.877,0,0
4.878,0,0
4.879,0,0
4.88,0,0
4.881,0,0
4.882,0,0
4.883,0,0
4.884,0,0
4.885,0,0
4.886,0,0
4.887,0,0
4.888,0,0
4.889,0,0
4.89,0,0
4.891,0,0
4.892,0,0
4.893,0,0
4.894,0,0
4.895,0,0
4.896,0,0
4.897,0,0
4.898,0,0
4.899,0,0
4.9,0,0
4.901,0,0
4.902,0,0
4.903,0,0
4.904,0,0
4.905,0,0
4.906,0,0
4.907,0,0
4.908,0,0
4.909,0,0
4.91,0,0
4.911,0,0
4.912,0,0
4.913,0,0
4.914,0,0
4.915,0,0
4.916,0,0
4.917,0,0
4.918,0,0
4.919,0,0
4.92,0,0
4.921,0,0
4.922,0,0
4.923,0,0
4.924,0,0
4.925,0,0
4.926,0,0
4.927,0,0
4.928,0,0
4.929,0,0
4.93,0,0
4.931,0,0
4.932,0,0
4.933,0,0
4.934,0,0
4.935,0,0
4.936,0,0
4.937,0,0
4.938,0,0
4.939,0,0
4.94,0,0
4.941,0,0
4.942,0,0
4.943,0,0
4.944,0,0
4.945,0,0
4.946,0,0
4.947,0,0
4.948,0,0
4.949,0,0
4.95,0,0
4.951,0,0
4.952,0,0
4.953,0,0
4.954,0,0
4.955,0,0
4.956,0,0
4.957,0,0
4.958,0,0
4.959,0,0
4.96,0,0
4.961,0,0
4.962,0,0
4.963,0,0
4.964,0,0
4.965,0,0
4.966,0,0
4.967,0,0
4.968,0,0
4.969,0,0
4.97,0,0
4.971,0,0
4.972,0,0
4.973,0,0
4.974,0,0
4.975,0,0
4.976,0,0
4.977,0,0
4.978,0,0
4.979,0,0
4.98,0,0
4.981,0,0
4.982,0,0
4.983,0,0
4.984,0,0
4.985,0,0
4.986,0,0
4.987,0,0
4.988,0,0
4.989,0,0
4.99,0,0
4.991,0,0
4.992,0,0
4.993,0,0
4.994,0,0
4.995,0,0
4.996,0,0
4.997,0,0
4.998,0,0
4.999,0,0
5,0,0
5.001,0,0
5.002,0,0
5.003,0,0
5.004,0,0
5.005,0,0
5.006,0,0
5.007,0,0
5.008,0,0
5.009,0,0
5.01,0,0
5.011,0,0
5.012,0,0
5.013,0,0
5.014,0,0
5.015,0,0
5.016,0,0
5.017,0,0
5.018,0,0
5.019,0,0
5.02,0,0
5.021,0,0
5.022,0,0
5.023,0,0
5.024,0,0
5.025,0,0
5.026,0,0
5.027,0,0
5.028,0,0
5.029,0,0
5.03,0,0
5.031,0,0
5.032,0,0
5.033,0,0
5.034,0,0
5.035,0,0
5.036,0,0
5.037,0,0
5.038,0,0
5.039,0,0
5.04,0,0
5.041,0,0
5.042,0,0
5.043,0,0
5.044,0,0
5.045,0,0
5.046,0,0
5.047,0,0
5.048,0,0
5.049,0,0
5.05,0,0
5.051,0,0
5.052,0,0
5.053,0,0
5.054,0,0
5.055,0,0
5.056,0,0
5.057,0,0
5.058,0,0
5.059,0,0
5.06,0,0
5.061,0,0
5.062,0,0
5.063,0,0
5.064,0,0
5.065,0,0
5.066,0,0
5.067,0,0
5.068,0,0
5.069,0,0
5.07,0,0
5.071,0,0
5.072,0,0
5.073,0,0
5.074,0,0
5.075,0,0
5.076,0,0
5.077,0,0
5.078,0,0
5.079,0,0
5.08,0,0
5.081,0,0
5.082,0,0
5.083,0,0
5.084,0,0
5.085,0,0
5.086,0,0
5.087,0,0
5.088,0,0
5.089,0,0
5.09,0,0
5.091,0,0
5.092,0,0
5.093,0,0
5.094,0,0
5.095,0,0
5.096,0,0
5.097,0,0
5.098,0,0
5.099,0,0
5.1,0,0
5.101,0,0
5.102,0,0
5.103,0,0
5.104,0,0
5.105,0,0
5.106,0,0
5.107,0,0
5.108,0,0
5.109,0,0
5.11,0,0
5.111,0,0
5.112,0,0
5.113,0,0
5.114,0,0
5.115,0,0
5.116,0,0
5.117,0,0
5.118,0,0
5.119,0,0
5.12,0,0
5.121,0,0
5.122,0,0
5.123,0,0
5.124,0,0
5.125,0,0
5.126,0,0
5.127,0,0
5.128,0,0
5.129,0,0
5.13,0,0
5.131,0,0
5.132,0,0
5.133,0,0
5.134,0,0
5.135,0,0
5.136,0,0
5.137,0,0
5.138,0,0
5.139,0,0
5.14,0,0
5.141,0,0
5.142,0,0
5.143,0,0
5.144,0,0
5.145,0,0
5.146,0,0
5.147,0,0
5.148,0,0
5.149,0,0
5.15,0,0
5.151,0,0
5.152,0,0
5.153,0,0
5.154,0,0
5.155,0,0
5.156,0,0
5.157,0,0
5.158,0,0
5.159,0,0
5.16,0,0
5.161,0,0
5.162,0,0
5.163,0,0
5.164,0,0
5.165,0,0
5.166,0,0
5.167,0,0
5.168,0,0
5.169,0,0
5.17,0,0
5.171,0,0
5.172,0,0
5.173,0,0
5.174,0,0
5.175,0,0
5.176,0,0
5.177,0,0
5.178,0,0
5.179,0,0
5.18,0,0
5.181,0,0
5.182,0,0
5.183,0,0
5.184,0,0
5.185,0,0
5.186,0,0
5.187,0,0
5.188,0,0
5.189,0,0
5.19,0,0
5.191,0,0
5.192,0,0
5.193,0,0
5.194,0,0
5.195,0,0
5.196,0,0
5.197,0,0
5.198,0,0
5.199,0,0
5.2,0,0
5.201,0,0
5.202,0,0
5.203,0,0
5.204,0,0
5.205,0,0
5.206,0,0
5.207,0,0
5.208,0,0
5.209,0,0
5.21,0,0
5.211,0,0
5.212,0,0
5.213,0,0
5.214,0,0
5.215,0,0
5.216,0,0
5.217,0,0
5.218,0,0
5.219,0,0
5.22,0,0
5.221,0,0
5.222,0,0
5.223,0,0
5.224,0,0
5.225,0,0
5.226,0,0
5.227,0,0
5.228,0,0
5.229,0,0
5.23,0,0
5.231,0,0
5.232,0,0
5.233,0,0
5.234,0,0
5.235,0,0
5.236,0,0
5.237,0,0
5.238,0,0
5.239,0,0
5.24,0,0
5.241,0,0
5.242,0,0
5.243,0,0
5.244,0,0
5.245,0,0
5.246,0,0
5.247,0,0
5.248,0,0
5.249,0,0
5.25,0,0
5.251,0,0
5.252,0,0
5.253,0,0
5.254,0,0
5.255,0,0
5.256,0,0
5.257,0,0
5.258,0,0
5.259,0,0
5.26,0,0
5.261,0,0
5.262,0,0
5.263,0,0
5.264,0,0
5.265,0,0
5.266,0,0
5.267,0,0
5.268,0,0
5.269,0,0
5.27,0,0
5.271,0,0
5.272,0,0
5.273,0,0
5.274,0,0
5.275,0,0
5.276,0,0
5.277,0,0
5.278,0,0
5.279,0,0
5.28,0,0
5.281,0,0
5.282,0,0
5.283,0,0
5.284,0,0
5.285,0,0
5.286,0,0
5.287,0,0
5.288,0,0
5.289,0,0
5.29,0,0
5.291,0,0
5.292,0,0
5.293,0,0
5.294,0,0
5.295,0,0
5.296,0,0
5.297,0,0
5.298,0,0
5.299,0,0
5.3,0,0
5.301,0,0
5.302,0,0
5.303,0,0
5.304,0,0
5.305,0,0
5.306,0,0
5.307,0,0
5.308,0,0
5.309,0,0
5.31,0,0
5.311,0,0
5.312,0,0
5.313,0,0
5.314,0,0
5.315,0,0
5.316,0,0
5.317,0,0
5.318,0,0
5.319,0,0
5.32,0,0
5.321,0,0
5.322,0,0
5.323,0,0
5.324,0,0
5.325,0,0
5.326,0,0
5.327,0,0
5.328,0,0
5.329,0,0
5.33,0,0
5.331,0,0
5.332,0,0
5.333,0,0
5.334,0,0
5.335,0,0
5.336,0,0
5.337,0,0
5.338,0,0
5.339,0,0
5.34,0,0
5.341,0,0
5.342,0,0
5.343,0,0
5.344,0,0
5.345,0,0
5.346,0,0
5.347,0,0
5.348,0,0
5.349,0,0
5.35,0,0
5.351,0,0
5.352,0,0
5.353,0,0
5.354,0,0
5.355,0,0
5.356,0,0
5.357,0,0
5.358,0,0
5.359,0,0
5.36,0,0
5.361,0,0
5.362,0,0
5.363,0,0
5.364,0,0
5.365,0,0
5.366,0,0
5.367,0,0
5.368,0,0
5.369,0,0
5.37,0,0
5.371,0,0
5.372,0,0
5.373,0,0
5.374,0,0
5.375,0,0
5.376,0,0
5.377,0,0
5.378,0,0
5.379,0,0
5.38,0,0
5.381,0,0
5.382,0,0
5.383,0,0
5.384,0,0
5.385,0,0
5.386,0,0
5.387,0,0
5.388,0,0
5.389,0,0
5.39,0,0
5.391,0,0
5.392,0,0
5.393,0,0
5.394,0,0
5.395,0,0
5.396,0,0
5.397,0,0
5.398,0,0
5.399,0,0
5.4,0,0
5.401,0,0
5.402,0,0
5.403,0,0
5.404,0,0
5.405,0,0
5.406,0,0
5.407,0,0
5.408,0,0
5.409,0,0
5.41,0,0
5.411,0,0
5.412,0,0
5.413,0,0
5.414,0,0
5.415,0,0
5.416,0,0
5.417,0,0
5.418,0,0
5.419,0,0
5.42,0,0
5.421,0,0
5.422,0,0
5.423,0,0
5.424,0,0
5.425,0,0
5.426,0,0
5.427,0,0
5.428,0,0
5.429,0,0
5.43,0,0
5.431,0,0
5.432,0,0
5.433,0,0
5.434,0,0
5.435,0,0
5.436,0,0
5.437,0,0
5.438,0,0
5.439,0,0
5.44,0,0
5.441,0,0
5.442,0,0
5.443,0,0
5.444,0,0
5.445,0,0
5.446,0,0
5.447,0,0
5.448,0,0
5.449,0,0
5.45,0,0
5.451,0,0
5.452,0,0
5.453,0,0
5.454,0,0
5.455,0,0
5.456,0,0
5.457,0,0
5.458,0,0
5.459,0,0
5.46,0,0
5.461,0,0
5.462,0,0
5.463,0,0
5.464,0,0
5.465,0,0
5.466,0,0
5.467,0,0
5.468,0,0
5.469,0,0
5.47,0,0
5.471,0,0
5.472,0,0
5.473,0,0
5.474,0,0
5.475,0,0
5.476,0,0
5.477,0,0
5.478,0,0
5.479,0,0
5.48,0,0
5.481,0,0
5.482,0,0
5.483,0,0
5.484,0,0
5.485,0,0
5.486,0,0
5.487,0,0
5.488,0,0
5.489,0,0
5.49,0,0
5.491,0,0
5.492,0,0
5.493,0,0
5.494,0,0
5.495,0,0
5.496,0,0
5.497,0,0
5.498,0,0
5.499,0,0
5.5,0,0
5.501,0,0
5.502,0,0
5.503,0,0
5.504,0,0
5.505,0,0
5.506,0,0
5.507,0,0
5.508,0,0
5.509,0,0
5.51,0,0
5.511,0,0
5.512,0,0
5.513,0,0
5.514,0,0
5.515,0,0
5.516,0,0
5.517,0,0
5.518,0,0
5.519,0,0
5.52,0,0
5.521,0,0
5.522,0,0
5.523,0,0
5.524,0,0
5.525,0,0
5.526,0,0
5.527,0,0
5.528,0,0
5.529,0,0
5.53,0,0
5.531,0,0
5.532,0,0
5.533,0,0
5.534,0,0
5.535,0,0
5.536,0,0
5.537,0,0
5.538,0,0
5.539,0,0
5.54,0,0
5.541,0,0
5.542,0,0
5.543,0,0
5.544,0,0
5.545,0,0
5.546,0,0
5.547,0,0
5.548,0,0
5.549,0,0
5.55,0,0
5.551,0,0
5.552,0,0
5.553,0,0
5.554,0,0
5.555,0,0
5.556,0,0
5.557,0,0
5.558,0,0
5.559,0,0
5.56,0,0
5.561,0,0
5.562,0,0
5.563,0,0
5.564,0,0
5.565,0,0
5.566,0,0
5.567,0,0
5.568,0,0
5.569,0,0
5.57,0,0
5.571,0,0
5.572,0,0
5.573,0,0
5.574,0,0
5.575,0,0
5.576,0,0
5.577,0,0
5.578,0,0
5.579,0,0
5.58,0,0
5.581,0,0
5.582,0,0
5.583,0,0
5.584,0,0
5.585,0,0
5.586,0,0
5.587,0,0
5.588,0,0
5.589,0,0
5.59,0,0
5.591,0,0
5.592,0,0
5.593,0,0
5.594,0,0
5.595,0,0
5.596,0,0
5.597,0,0
5.598,0,0
5.599,0,0
5.6,0,0
5.601,0,0
5.602,0,0
5.603,0,0
5.604,0,0
5.605,0,0
5.606,0,0
5.607,0,0
5.608,0,0
5.609,0,0
5.61,0,0
5.611,0,0
5.612,0,0
5.613,0,0
5.614,0,0
5.615,0,0
5.616,0,0
5.617,0,0
5.618,0,0
5.619,0,0
5.62,0,0
5.621,0,0
5.622,0,0
5.623,0,0
5.624,0,0
5.625,0,0
5.626,0,0
5.627,0,0
5.628,0,0
5.629,0,0
5.63,0,0
5.631,0,0
5.632,0,0
5.633,0,0
5.634,0,0
5.635,0,0
5.636,0,0
5.637,0,0
5.638,0,0
5.639,0,0
5.64,0,0
5.641,0,0
5.642,0,0
5.643,0,0
5.644,0,0
5.645,0,0
5.646,0,0
5.647,0,0
5.648,0,0
5.649,0,0
5.65,0,0
5.651,0,0
5.652,0,0
5.653,0,0
5.654,0,0
5.655,0,0
5.656,0,0
5.657,0,0
5.658,0,0
5.659,0,0
5.66,0,0
5.661,0,0
5.662,0,0
5.663,0,0
5.664,0,0
5.665,0,0
5.666,0,0
5.667,0,0
5.668,0,0
5.669,0,0
5.67,0,0
5.671,0,0
5.672,0,0
5.673,0,0
5.674,0,0
5.675,0,0
5.676,0,0
5.677,0,0
5.678,0,0
5.679,0,0
5.68,0,0
5.681,0,0
5.682,0,0
5.683,0,0
5.684,0,0
5.685,0,0
5.686,0,0
5.687,0,0
5.688,0,0
5.689,0,0
5.69,0,0
5.691,0,0
5.692,0,0
5.693,0,0
5.694,0,0
5.695,0,0
5.696,0,0
5.697,0,0
5.698,0,0
5.699,0,0
5.7,0,0
5.701,0,0
5.702,0,0
5.703,0,0
5.704,0,0
5.705,0,0
5.706,0,0
5.707,0,0
5.708,0,0
5.709,0,0
5.71,0,0
5.711,0,0
5.712,0,0
5.713,0,0
5.714,0,0
5.715,0,0
5.716,0,0
5.717,0,0
5.718,0,0
5.719,0,0
5.72,0,0
5.721,0,0
5.722,0,0
5.723,0,0
5.724,0,0
5.725,0,0
5.726,0,0
5.727,0,0
5.728,0,0
5.729,0,0
5.73,0,0
5.731,0,0
5.732,0,0
5.733,0,0
5.734,0,0
5.735,0,0
5.736,0,0
5.737,0,0
5.738,0,0
5.739,0,0
5.74,0,0
5.741,0,0
5.742,0,0
5.743,0,0
5.744,0,0
5.745,0,0
5.746,0,0
5.747,0,0
5.748,0,0
5.749,0,0
5.75,0,0
5.751,0,0
5.752,0,0
5.753,0,0
5.754,0,0
5.755,0,0
5.756,0,0
5.757,0,0
5.758,0,0
5.759,0,0
5.76,0,0
5.761,0,0
5.762,0,0
5.763,0,0
5.764,0,0
5.765,0,0
5.766,0,0
5.767,0,0
5.768,0,0
5.769,0,0
5.77,0,0
5.771,0,0
5.772,0,0
5.773,0,0
5.774,0,0
5.775,0,0
5.776,0,0
5.777,0,0
5.778,0,0
5.779,0,0
5.78,0,0
5.781,0,0
5.782,0,0
5.783,0,0
5.784,0,0
5.785,0,0
5.786,0,0
5.787,0,0
5.788,0,0
5.789,0,0
5.79,0,0
5.791,0,0
5.792,0,0
5.793,0,0
5.794,0,0
5.795,0,0
5.796,0,0
5.797,0,0
5.798,0,0
5.799,0,0
5.8,0,0
5.801,0,0
5.802,0,0
5.803,0,0
5.804,0,0
5.805,0,0
5.806,0,0
5.807,0,0
5.808,0,0
5.809,0,0
5.81,0,0
5.811,0,0
5.812,0,0
5.813,0,0
5.814,0,0
5.815,0,0
5.816,0,0
5.817,0,0
5.818,0,0
5.819,0,0
5.82,0,0
5.821,0,0
5.822,0,0
5.823,0,0
5.824,0,0
5.825,0,0
5.826,0,0
5.827,0,0
5.828,0,0
5.829,0,0
5.83,0,0
5.831,0,0
5.832,0,0
5.833,0,0
5.834,0,0
5.835,0,0
5.836,0,0
5.837,0,0
5.838,0,0
5.839,0,0
5.84,0,0
5.841,0,0
5.842,0,0
5.843,0,0
5.844,0,0
5.845,0,0
5.846,0,0
5.847,0,0
5.848,0,0
5.849,0,0
5.85,0,0
5.851,0,0
5.852,0,0
5.853,0,0
5.854,0,0
5.855,0,0
5.856,0,0
5.857,0,0
5.858,0,0
5.859,0,0
5.86,0,0
5.861,0,0
5.862,0,0
5.863,0,0
5.864,0,0
5.865,0,0
5.866,0,0
5.867,0,0
5.868,0,0
5.869,0,0
5.87,0,0
5.871,0,0
5.872,0,0
5.873,0,0
5.874,0,0
5.875,0,0
5.876,0,0
5.877,0,0
5.878,0,0
5.879,0,0
5.88,0,0
5.881,0,0
5.882,0,0
5.883,0,0
5.884,0,0
5.885,0,0
5.886,0,0
5.887,0,0
5.888,0,0
5.889,0,0
5.89,0,0
5.891,0,0
5.892,0,0
5.893,0,0
5.894,0,0
5.895,0,0
5.896,0,0
5.897,0,0
5.898,0,0
5.899,0,0
5.9,0,0
5.901,0,0
5.902,0,0
5.903,0,0
5.904,0,0
5.905,0,0
5.906,0,0
5.907,0,0
5.908,0,0
5.909,0,0
5.91,0,0
5.911,0,0
5.912,0,0
5.913,0,0
5.914,0,0
5.915,0,0
5.916,0,0
5.917,0,0
5.918,0,0
5.919,0,0
5.92,0,0
5.921,0,0
5.922,0,0
5.923,0,0
5.924,0,0
5.925,0,0
5.926,0,0
5.927,0,0
5.928,0,0
5.929,0,0
5.93,0,0
5.931,0,0
5.932,0,0
5.933,0,0
5.934,0,0
5.935,0,0
5.936,0,0
5.937,0,0
5.938,0,0
5.939,0,0
5.94,0,0
5.941,0,0
5.942,0,0
5.943,0,0
5.944,0,0
5.945,0,0
5.946,0,0
5.947,0,0
5.948,0,0
5.949,0,0
5.95,0,0
5.951,0,0
5.952,0,0
5.953,0,0
5.954,0,0
5.955,0,0
5.956,0,0
5.957,0,0
5.958,0,0
5.959,0,0
5.96,0,0
5.961,0,0
5.962,0,0
5.963,0,0
5.964,0,0
5.965,0,0
5.966,0,0
5.967,0,0
5.968,0,0
5.969,0,0
5.97,0,0
5.971,0,0
5.972,0,0
5.973,0,0
5.974,0,0
5.975,0,0
5.976,0,0
5.977,0,0
5.978,0,0
5.979,0,0
5.98,0,0
5.981,0,0
5.982,0,0
5.983,0,0
5.984,0,0
5.985,0,0
5.986,0,0
5.987,0,0
5.988,0,0
5.989,0,0
5.99,0,0
5.991,0,0
5.992,0,0
5.993,0,0
5.994,0,0
5.995,0,0
5.996,0,0
5.997,0,0
5.998,0,0
5.999,0,0
6,0,0
6.001,0,0
6.002,0,0
6.003,0,0
6.004,0,0
6.005,0,0
6.006,0,0
6.007,0,0
6.008,0,0
6.009,0,0
6.01,0,0
6.011,0,0
6.012,0,0
6.013,0,0
6.014,0,0
6.015,0,0
6.016,0,0
6.017,0,0
6.018,0,0
6.019,0,0
6.02,0,0
6.021,0,0
6.022,0,0
6.023,0,0
6.024,0,0
6.025,0,0
6.026,0,0
6.027,0,0
6.028,0,0
6.029,0,0
6.03,0,0
6.031,0,0
6.032,0,0
6.033,0,0
6.034,0,0
6.035,0,0
6.036,0,0
6.037,0,0
6.038,0,0
6.039,0,0
6.04,0,0
6.041,0,0
6.042,0,0
6.043,0,0
6.044,0,0
6.045,0,0
6.046,0,0
6.047,0,0
6.048,0,0
6.049,0,0
6.05,0,0
6.051,0,0
6.052,0,0
6.053,0,0
6.054,0,0
6.055,0,0
6.056,0,0
6.057,0,0
6.058,0,0
6.059,0,0
6.06,0,0
6.061,0,0
6.062,0,0
6.063,0,0
6.064,0,0
6.065,0,0
6.066,0,0
6.067,0,0
6.068,0,0
6.069,0,0
6.07,0,0
6.071,0,0
6.072,0,0
6.073,0,0
6.074,0,0
6.075,0,0
6.076,0,0
6.077,0,0
6.078,0,0
6.079,0,0
6.08,0,0
6.081,0,0
6.082,0,0
6.083,0,0
6.084,0,0
6.085,0,0
6.086,0,0
6.087,0,0
6.088,0,0
6.089,0,0
6.09,0,0
6.091,0,0
6.092,0,0
6.093,0,0
6.094,0,0
6.095,0,0
6.096,0,0
6.097,0,0
6.098,0,0
6.099,0,0
6.1,0,0
6.101,0,0
6.102,0,0
6.103,0,0
6.104,0,0
6.105,0,0
6.106,0,0
6.107,0,0
6.108,0,0
6.109,0,0
6.11,0,0
6.111,0,0
6.112,0,0
6.113,0,0
6.114,0,0
6.115,0,0
6.116,0,0
6.117,0,0
6.118,0,0
6.119,0,0
6.12,0,0
6.121,0,0
6.122,0,0
6.123,0,0
6.124,0,0
6.125,0,0
6.126,0,0
6.127,0,0
6.128,0,0
6.129,0,0
6.13,0,0
6.131,0,0
6.132,0,0
6.133,0,0
6.134,0,0
6.135,0,0
6.136,0,0
6.137,0,0
6.138,0,0
6.139,0,0
6.14,0,0
6.141,0,0
6.142,0,0
6.143,0,0
6.144,0,0
6.145,0,0
6.146,0,0
6.147,0,0
6.148,0,0
6.149,0,0
6.15,0,0
6.151,0,0
6.152,0,0
6.153,0,0
6.154,0,0
6.155,0,0
6.156,0,0
6.157,0,0
6.158,0,0
6.159,0,0
6.16,0,0
6.161,0,0
6.162,0,0
6.163,0,0
6.164,0,0
6.165,0,0
6.166,0,0
6.167,0,0
6.168,0,0
6.169,0,0
6.17,0,0
6.171,0,0
6.172,0,0
6.173,0,0
6.174,0,0
6.175,0,0
6.176,0,0
6.177,0,0
6.178,0,0
6.179,0,0
6.18,0,0
6.181,0,0
6.182,0,0
6.183,0,0
6.184,0,0
6.185,0,0
6.186,0,0
6.187,0,0
6.188,0,0
6.189,0,0
6.19,0,0
6.191,0,0
6.192,0,0
6.193,0,0
6.194,0,0
6.195,0,0
6.196,0,0
6.197,0,0
6.198,0,0
6.199,0,0
6.2,0,0
6.201,0,0
6.202,0,0
6.203,0,0
6.204,0,0
6.205,0,0
6.206,0,0
6.207,0,0
6.208,0,0
6.209,0,0
6.21,0,0
6.211,0,0
6.212,0,0
6.213,0,0
6.214,0,0
6.215,0,0
6.216,0,0
6.217,0,0
6.218,0,0
6.219,0,0
6.22,0,0
6.221,0,0
6.222,0,0
6.223,0,0
6.224,0,0
6.225,0,0
6.226,0,0
6.227,0,0
6.228,0,0
6.229,0,0
6.23,0,0
6.231,0,0
6.232,0,0
6.233,0,0
6.234,0,0
6.235,0,0
6.236,0,0
6.237,0,0
6.238,0,0
6.239,0,0
6.24,0,0
6.241,0,0
6.242,0,0
6.243,0,0
6.244,0,0
6.245,0,0
6.246,0,0
6.247,0,0
6.248,0,0
6.249,0,0
6.25,0,0
6.251,0,0
6.252,0,0
6.253,0,0
6.254,0,0
6.255,0,0
6.256,0,0
6.257,0,0
6.258,0,0
6.259,0,0
6.26,0,0
6.261,0,0
6.262,0,0
6.263,0,0
6.264,0,0
6.265,0,0
6.266,0,0
6.267,0,0
6.268,0,0
6.269,0,0
6.27,0,0
6.271,0,0
6.272,0,0
6.273,0,0
6.274,0,0
6.275,0,0
6.276,0,0
6.277,0,0
6.278,0,0
6.279,0,0
6.28,0,0
6.281,0,0
6.282,0,0
6.283,0,0
6.284,0,0
6.285,0,0
6.286,0,0
6.287,0,0
6.288,0,0
6.289,0,0
6.29,0,0
6.291,0,0
6.292,0,0
6.293,0,0
6.294,0,0
6.295,0,0
6.296,0,0
6.297,0,0
6.298,0,0
6.299,0,0
6.3,0,0
6.301,0,0
6.302,0,0
6.303,0,0
6.304,0,0
6.305,0,0
6.306,0,0
6.307,0,0
6.308,0,0
6.309,0,0
6.31,0,0
6.311,0,0
6.312,0,0
6.313,0,0
6.314,0,0
6.315,0,0
6.316,0,0
6.317,0,0
6.318,0,0
6.319,0,0
6.32,0,0
6.321,0,0
6.322,0,0
6.323,0,0
6.324,0,0
6.325,0,0
6.326,0,0
6.327,0,0
6.328,0,0
6.329,0,0
6.33,0,0
6.331,0,0
6.332,0,0
6.333,0,0
6.334,0,0
6.335,0,0
6.336,0,0
6.337,0,0
6.338,0,0
6.339,0,0
6.34,0,0
6.341,0,0
6.342,0,0
6.343,0,0
6.344,0,0
6.345,0,0
6.346,0,0
6.347,0,0
6.348,0,0
6.349,0,0
6.35,0,0
6.351,0,0
6.352,0,0
6.353,0,0
6.354,0,0
6.355,0,0
6.356,0,0
6.357,0,0
6.358,0,0
6.359,0,0
6.36,0,0
6.361,0,0
6.362,0,0
6.363,0,0
6.364,0,0
6.365,0,0
6.366,0,0
6.367,0,0
6.368,0,0
6.369,0,0
6.37,0,0
6.371,0,0
6.372,0,0
6.373,0,0
6.374,0,0
6.375,0,0
6.376,0,0
6.377,0,0
6.378,0,0
6.379,0,0
6.38,0,0
6.381,0,0
6.382,0,0
6.383,0,0
6.384,0,0
6.385,0,0
6.386,0,0
6.387,0,0
6.388,0,0
6.389,0,0
6.39,0,0
6.391,0,0
6.392,0,0
6.393,0,0
6.394,0,0
6.395,0,0
6.396,0,0
6.397,0,0
6.398,0,0
6.399,0,0
6.4,0,0
6.401,0,0
6.402,0,0
6.403,0,0
6.404,0,0
6.405,0,0
6.406,0,0
6.407,0,0
6.408,0,0
6.409,0,0
6.41,0,0
6.411,0,0
6.412,0,0
6.413,0,0
6.414,0,0
6.415,0,0
6.416,0,0
6.417,0,0
6.418,0,0
6.419,0,0
6.42,0,0
6.421,0,0
6.422,0,0
6.423,0,0
6.424,0,0
6.425,0,0
6.426,0,0
6.427,0,0
6.428,0,0
6.429,0,0
6.43,0,0
6.431,0,0
6.432,0,0
6.433,0,0
6.434,0,0
6.435,0,0
6.436,0,0
6.437,0,0
6.438,0,0
6.439,0,0
6.44,0,0
6.441,0,0
6.442,0,0
6.443,0,0
6.444,0,0
6.445,0,0
6.446,0,0
6.447,0,0
6.448,0,0
6.449,0,0
6.45,0,0
6.451,0,0
6.452,0,0
6.453,0,0
6.454,0,0
6.455,0,0
6.456,0,0
6.457,0,0
6.458,0,0
6.459,0,0
6.46,0,0
6.461,0,0
6.462,0,0
6.463,0,0
6.464,0,0
6.465,0,0
6.466,0,0
6.467,0,0
6.468,0,0
6.469,0,0
6.47,0,0
6.471,0,0
6.472,0,0
6.473,0,0
6.474,0,0
6.475,0,0
6.476,0,0
6.477,0,0
6.478,0,0
6.479,0,0
6.48,0,0
6.481,0,0
6.482,0,0
6.483,0,0
6.484,0,0
6.485,0,0
6.486,0,0
6.487,0,0
6.488,0,0
6.489,0,0
6.49,0,0
6.491,0,0
6.492,0,0
6.493,0,0
6.494,0,0
6.495,0,0
6.496,0,0
6.497,0,0
6.498,0,0
6.499,0,0
6.5,0,0
6.501,0,0
6.502,0,0
6.503,0,0
6.504,0,0
6.505,0,0
6.506,0,0
6.507,0,0
6.508,0,0
6.509,0,0
6.51,0,0
6.511,0,0
6.512,0,0
6.513,0,0
6.514,0,0
6.515,0,0
6.516,0,0
6.517,0,0
6.518,0,0
6.519,0,0
6.52,0,0
6.521,0,0
6.522,0,0
6.523,0,0
6.524,0,0
6.525,0,0
6.526,0,0
6.527,0,0
6.528,0,0
6.529,0,0
6.53,0,0
6.531,0,0
6.532,0,0
6.533,0,0
6.534,0,0
6.535,0,0
6.536,0,0
6.537,0,0
6.538,0,0
6.539,0,0
6.54,0,0
6.541,0,0
6.542,0,0
6.543,0,0
6.544,0,0
6.545,0,0
6.546,0,0
6.547,0,0
6.548,0,0
6.549,0,0
6.55,0,0
6.551,0,0
6.552,0,0
6.553,0,0
6.554,0,0
6.555,0,0
6.556,0,0
6.557,0,0
6.558,0,0
6.559,0,0
6.56,0,0
6.561,0,0
6.562,0,0
6.563,0,0
6.564,0,0
6.565,0,0
6.566,0,0
6.567,0,0
6.568,0,0
6.569,0,0
6.57,0,0
6.571,0,0
6.572,0,0
6.573,0,0
6.574,0,0
6.575,0,0
6.576,0,0
6.577,0,0
6.578,0,0
6.579,0,0
6.58,0,0
6.581,0,0
6.582,0,0
6.583,0,0
6.584,0,0
6.585,0,0
6.586,0,0
6.587,0,0
6.588,0,0
6.589,0,0
6.59,0,0
6.591,0,0
6.592,0,0
6.593,0,0
6.594,0,0
6.595,0,0
6.596,0,0
6.597,0,0
6.598,0,0
6.599,0,0
6.6,0,0
6.601,0,0
6.602,0,0
6.603,0,0
6.604,0,0
6.605,0,0
6.606,0,0
6.607,0,0
6.608,0,0
6.609,0,0
6.61,0,0
6.611,0,0
6.612,0,0
6.613,0,0
6.614,0,0
6.615,0,0
6.616,0,0
6.617,0,0
6.618,0,0
6.619,0,0
6.62,0,0
6.621,0,0
6.622,0,0
6.623,0,0
6.624,0,0
6.625,0,0
6.626,0,0
6.627,0,0
6.628,0,0
6.629,0,0
6.63,0,0
6.631,0,0
6.632,0,0
6.633,0,0
6.634,0,0
6.635,0,0
6.636,0,0
6.637,0,0
6.638,0,0
6.639,0,0
6.64,0,0
6.641,0,0
6.642,0,0
6.643,0,0
6.644,0,0
6.645,0,0
6.646,0,0
6.647,0,0
6.648,0,0
6.649,0,0
6.65,0,0
6.651,0,0
6.652,0,0
6.653,0,0
6.654,0,0
6.655,0,0
6.656,0,0
6.657,0,0
6.658,0,0
6.659,0,0
6.66,0,0
6.661,0,0
6.662,0,0
6.663,0,0
6.664,0,0
6.665,0,0
6.666,0,0
6.667,0,0
6.668,0,0
6.669,0,0
6.67,0,0
6.671,0,0
6.672,0,0
6.673,0,0
6.674,0,0
6.675,0,0
6.676,0,0
6.677,0,0
6.678,0,0
6.679,0,0
6.68,0,0
6.681,0,0
6.682,0,0
6.683,0,0
6.684,0,0
6.685,0,0
6.686,0,0
6.687,0,0
6.688,0,0
6.689,0,0
6.69,0,0
6.691,0,0
6.692,0,0
6.693,0,0
6.694,0,0
6.695,0,0
6.696,0,0
6.697,0,0
6.698,0,0
6.699,0,0
6.7,0,0
6.701,0,0
6.702,0,0
6.703,0,0
6.704,0,0
6.705,0,0
6.706,0,0
6.707,0,0
6.708,0,0
6.709,0,0
6.71,0,0
6.711,0,0
6.712,0,0
6.713,0,0
6.714,0,0
6.715,0,0
6.716,0,0
6.717,0,0
6.718,0,0
6.719,0,0
6.72,0,0
6.721,0,0
6.722,0,0
6.723,0,0
6.724,0,0
6.725,0,0
6.726,0,0
6.727,0,0
6.728,0,0
6.729,0,0
6.73,0,0
6.731,0,0
6.732,0,0
6.733,0,0
6.734,0,0
6.735,0,0
6.736,0,0
6.737,0,0
6.738,0,0
6.739,0,0
6.74,0,0
6.741,0,0
6.742,0,0
6.743,0,0
6.744,0,0
6.745,0,0
6.746,0,0
6.747,0,0
6.748,0,0
6.749,0,0
6.75,0,0
6.751,0,0
6.752,0,0
6.753,0,0
6.754,0,0
6.755,0,0
6.756,0,0
6.757,0,0
6.758,0,0
6.759,0,0
6.76,0,0
6.761,0,0
6.762,0,0
6.763,0,0
6.764,0,0
6.765,0,0
6.766,0,0
6.767,0,0
6.768,0,0
6.769,0,0
6.77,0,0
6.771,0,0
6.772,0,0
6.773,0,0
6.774,0,0
6.775,0,0
6.776,0,0
6.777,0,0
6.778,0,0
6.779,0,0
6.78,0,0
6.781,0,0
6.782,0,0
6.783,0,0
6.784,0,0
6.785,0,0
6.786,0,0
6.787,0,0
6.788,0,0
6.789,0,0
6.79,0,0
6.791,0,0
6.792,0,0
6.793,0,0
6.794,0,0
6.795,0,0
6.796,0,0
6.797,0,0
6.798,0,0
6.799,0,0
6.8,0,0
6.801,0,0
6.802,0,0
6.803,0,0
6.804,0,0
6.805,0,0
6.806,0,0
6.807,0,0
6.808,0,0
6.809,0,0
6.81,0,0
6.811,0,0
6.812,0,0
6.813,0,0
6.814,0,0
6.815,0,0
6.816,0,0
6.817,0,0
6.818,0,0
6.819,0,0
6.82,0,0
6.821,0,0
6.822,0,0
6.823,0,0
6.824,0,0
6.825,0,0
6.826,0,0
6.827,0,0
6.828,0,0
6.829,0,0
6.83,0,0
6.831,0,0
6.832,0,0
6.833,0,0
6.834,0,0
6.835,0,0
6.836,0,0
6.837,0,0
6.838,0,0
6.839,0,0
6.84,0,0
6.841,0,0
6.842,0,0
6.843,0,0
6.844,0,0
6.845,0,0
6.846,0,0
6.847,0,0
6.848,0,0
6.849,0,0
6.85,0,0
6.851,0,0
6.852,0,0
6.853,0,0
6.854,0,0
6.855,0,0
6.856,0,0
6.857,0,0
6.858,0,0
6.859,0,0
6.86,0,0
6.861,0,0
6.862,0,0
6.863,0,0
6.864,0,0
6.865,0,0
6.866,0,0
6.867,0,0
6.868,0,0
6.869,0,0
6.87,0,0
6.871,0,0
6.872,0,0
6.873,0,0
6.874,0,0
6.875,0,0
6.876,0,0
6.877,0,0
6.878,0,0
6.879,0,0
6.88,0,0
6.881,0,0
6.882,0,0
6.883,0,0
6.884,0,0
6.885,0,0
6.886,0,0
6.887,0,0
6.888,0,0
6.889,0,0
6.89,0,0
6.891,0,0
6.892,0,0
6.893,0,0
6.894,0,0
6.895,0,0
6.896,0,0
6.897,0,0
6.898,0,0
6.899,0,0
6.9,0,0
6.901,0,0
6.902,0,0
6.903,0,0
6.904,0,0
6.905,0,0
6.906,0,0
6.907,0,0
6.908,0,0
6.909,0,0
6.91,0,0
6.911,0,0
6.912,0,0
6.913,0,0
6.914,0,0
6.915,0,0
6.916,0,0
6.917,0,0
6.918,0,0
6.919,0,0
6.92,0,0
6.921,0,0
6.922,0,0
6.923,0,0
6.924,0,0
6.925,0,0
6.926,0,0
6.927,0,0
6.928,0,0
6.929,0,0
6.93,0,0
6.931,0,0
6.932,0,0
6.933,0,0
6.934,0,0
6.935,0,0
6.936,0,0
6.937,0,0
6.938,0,0
6.939,0,0
6.94,0,0
6.941,0,0
6.942,0,0
6.943,0,0
6.944,0,0
6.945,0,0
6.946,0,0
6.947,0,0
6.948,0,0
6.949,0,0
6.95,0,0
6.951,0,0
6.952,0,0
6.953,0,0
6.954,0,0
6.955,0,0
6.956,0,0
6.957,0,0
6.958,0,0
6.959,0,0
6.96,0,0
6.961,0,0
6.962,0,0
6.963,0,0
6.964,0,0
6.965,0,0
6.966,0,0
6.967,0,0
6.968,0,0
6.969,0,0
6.97,0,0
6.971,0,0
6.972,0,0
6.973,0,0
6.974,0,0
6.975,0,0
6.976,0,0
6.977,0,0
6.978,0,0
6.979,0,0
6.98,0,0
6.981,0,0
6.982,0,0
6.983,0,0
6.984,0,0
6.985,0,0
6.986,0,0
6.987,0,0
6.988,0,0
6.989,0,0
6.99,0,0
6.991,0,0
6.992,0,0
6.993,0,0
6.994,0,0
6.995,0,0
6.996,0,0
6.997,0,0
6.998,0,0
6.999,0,0
7,0,0
7.001,0,0
7.002,0,0
7.003,0,0
7.004,0,0
7.005,0,0
7.006,0,0
7.007,0,0
7.008,0,0
7.009,0,0
7.01,0,0
7.011,0,0
7.012,0,0
7.013,0,0
7.014,0,0
7.015,0,0
7.016,0,0
7.017,0,0
7.018,0,0
7.019,0,0
7.02,0,0
7.021,0,0
7.022,0,0
7.023,0,0
7.024,0,0
7.025,0,0
7.026,0,0
7.027,0,0
7.028,0,0
7.029,0,0
7.03,0,0
7.031,0,0
7.032,0,0
7.033,0,0
7.034,0,0
7.035,0,0
7.036,0,0
7.037,0,0
7.038,0,0
7.039,0,0
7.04,0,0
7.041,0,0
7.042,0,0
7.043,0,0
7.044,0,0
7.045,0,0
7.046,0,0
7.047,0,0
7.048,0,0
7.049,0,0
7.05,0,0
7.051,0,0
7.052,0,0
7.053,0,0
7.054,0,0
7.055,0,0
7.056,0,0
7.057,0,0
7.058,0,0
7.059,0,0
7.06,0,0
7.061,0,0
7.062,0,0
7.063,0,0
7.064,0,0
7.065,0,0
7.066,0,0
7.067,0,0
7.068,0,0
7.069,0,0
7.07,0,0
7.071,0,0
7.072,0,0
7.073,0,0
7.074,0,0
7.075,0,0
7.076,0,0
7.077,0,0
7.078,0,0
7.079,0,0
7.08,0,0
7.081,0,0
7.082,0,0
7.083,0,0
7.084,0,0
7.085,0,0
7.086,0,0
7.087,0,0
7.088,0,0
7.089,0,0
7.09,0,0
7.091,0,0
7.092,0,0
7.093,0,0
7.094,0,0
7.095,0,0
7.096,0,0
7.097,0,0
7.098,0,0
7.099,0,0
7.1,0,0
7.101,0,0
7.102,0,0
7.103,0,0
7.104,0,0
7.105,0,0
7.106,0,0
7.107,0,0
7.108,0,0
7.109,0,0
7.11,0,0
7.111,0,0
7.112,0,0
7.113,0,0
7.114,0,0
7.115,0,0
7.116,0,0
7.117,0,0
7.118,0,0
7.119,0,0
7.12,0,0
7.121,0,0
7.122,0,0
7.123,0,0
7.124,0,0
7.125,0,0
7.126,0,0
7.127,0,0
7.128,0,0
7.129,0,0
7.13,0,0
7.131,0,0
7.132,0,0
7.133,0,0
7.134,0,0
7.135,0,0
7.136,0,0
7.137,0,0
7.138,0,0
7.139,0,0
7.14,0,0
7.141,0,0
7.142,0,0
7.143,0,0
7.144,0,0
7.145,0,0
7.146,0,0
7.147,0,0
7.148,0,0
7.149,0,0
7.15,0,0
7.151,0,0
7.152,0,0
7.153,0,0
7.154,0,0
7.155,0,0
7.156,0,0
7.157,0,0
7.158,0,0
7.159,0,0
7.16,0,0
7.161,0,0
7.162,0,0
7.163,0,0
7.164,0,0
7.165,0,0
7.166,0,0
7.167,0,0
7.168,0,0
7.169,0,0
7.17,0,0
7.171,0,0
7.172,0,0
7.173,0,0
7.174,0,0
7.175,0,0
7.176,0,0
7.177,0,0
7.178,0,0
7.179,0,0
7.18,0,0
7.181,0,0
7.182,0,0
7.183,0,0
7.184,0,0
7.185,0,0
7.186,0,0
7.187,0,0
7.188,0,0
7.189,0,0
7.19,0,0
7.191,0,0
7.192,0,0
7.193,0,0
7.194,0,0
7.195,0,0
7.196,0,0
7.197,0,0
7.198,0,0
7.199,0,0
7.2,0,0
7.201,0,0
7.202,0,0
7.203,0,0
7.204,0,0
7.205,0,0
7.206,0,0
7.207,0,0
7.208,0,0
7.209,0,0
7.21,0,0
7.211,0,0
7.212,0,0
7.213,0,0
7.214,0,0
7.215,0,0
7.216,0,0
7.217,0,0
7.218,0,0
7.219,0,0
7.22,0,0
7.221,0,0
7.222,0,0
7.223,0,0
7.224,0,0
7.225,0,0
7.226,0,0
7.227,0,0
7.228,0,0
7.229,0,0
7.23,0,0
7.231,0,0
7.232,0,0
7.233,0,0
7.234,0,0
7.235,0,0
7.236,0,0
7.237,0,0
7.238,0,0
7.239,0,0
7.24,0,0
7.241,0,0
7.242,0,0
7.243,0,0
7.244,0,0
7.245,0,0
7.246,0,0
7.247,0,0
7.248,0,0
7.249,0,0
7.25,0,0
7.251,0,0
7.252,0,0
7.253,0,0
7.254,0,0
7.255,0,0
7.256,0,0
7.257,0,0
7.258,0,0
7.259,0,0
7.26,0,0
7.261,0,0
7.262,0,0
7.263,0,0
7.264,0,0
7.265,0,0
7.266,0,0
7.267,0,0
7.268,0,0
7.269,0,0
7.27,0,0
7.271,0,0
7.272,0,0
7.273,0,0
7.274,0,0
7.275,0,0
7.276,0,0
7.277,0,0
7.278,0,0
7.279,0,0
7.28,0,0
7.281,0,0
7.282,0,0
7.283,0,0
7.284,0,0
7.285,0,0
7.286,0,0
7.287,0,0
7.288,0,0
7.289,0,0
7.29,0,0
7.291,0,0
7.292,0,0
7.293,0,0
7.294,0,0
7.295,0,0
7.296,0,0
7.297,0,0
7.298,0,0
7.299,0,0
7.3,0,0
7.301,0,0
7.302,0,0
7.303,0,0
7.304,0,0
7.305,0,0
7.306,0,0
7.307,0,0
7.308,0,0
7.309,0,0
7.31,0,0
7.311,0,0
7.312,0,0
7.313,0,0
7.314,0,0
7.315,0,0
7.316,0,0
7.317,0,0
7.318,0,0
7.319,0,0
7.32,0,0
7.321,0,0
7.322,0,0
7.323,0,0
7.324,0,0
7.325,0,0
7.326,0,0
7.327,0,0
7.328,0,0
7.329,0,0
7.33,0,0
7.331,0,0
7.332,0,0
7.333,0,0
7.334,0,0
7.335,0,0
7.336,0,0
7.337,0,0
7.338,0,0
7.339,0,0
7.34,0,0
7.341,0,0
7.342,0,0
7.343,0,0
7.344,0,0
7.345,0,0
7.346,0,0
7.347,0,0
7.348,0,0
7.349,0,0
7.35,0,0
7.351,0,0
7.352,0,0
7.353,0,0
7.354,0,0
7.355,0,0
7.356,0,0
7.357,0,0
7.358,0,0
7.359,0,0
7.36,0,0
7.361,0,0
7.362,0,0
7.363,0,0
7.364,0,0
7.365,0,0
7.366,0,0
7.367,0,0
7.368,0,0
7.369,0,0
7.37,0,0
7.371,0,0
7.372,0,0
7.373,0,0
7.374,0,0
7.375,0,0
7.376,0,0
7.377,0,0
7.378,0,0
7.379,0,0
7.38,0,0
7.381,0,0
7.382,0,0
7.383,0,0
7.384,0,0
7.385,0,0
7.386,0,0
7.387,0,0
7.388,0,0
7.389,0,0
7.39,0,0
7.391,0,0
7.392,0,0
7.393,0,0
7.394,0,0
7.395,0,0
7.396,0,0
7.397,0,0
7.398,0,0
7.399,0,0
7.4,0,0
7.401,0,0
7.402,0,0
7.403,0,0
7.404,0,0
7.405,0,0
7.406,0,0
7.407,0,0
7.408,0,0
7.409,0,0
7.41,0,0
7.411,0,0
7.412,0,0
7.413,0,0
7.414,0,0
7.415,0,0
7.416,0,0
7.417,0,0
7.418,0,0
7.419,0,0
7.42,0,0
7.421,0,0
7.422,0,0
7.423,0,0
7.424,0,0
7.425,0,0
7.426,0,0
7.427,0,0
7.428,0,0
7.429,0,0
7.43,0,0
7.431,0,0
7.432,0,0
7.433,0,0
7.434,0,0
7.435,0,0
7.436,0,0
7.437,0,0
7.438,0,0
7.439,0,0
7.44,0,0
7.441,0,0
7.442,0,0
7.443,0,0
7.444,0,0
7.445,0,0
7.446,0,0
7.447,0,0
7.448,0,0
7.449,0,0
7.45,0,0
7.451,0,0
7.452,0,0
7.453,0,0
7.454,0,0
7.455,0,0
7.456,0,0
7.457,0,0
7.458,0,0
7.459,0,0
7.46,0,0
7.461,0,0
7.462,0,0
7.463,0,0
7.464,0,0
7.465,0,0
7.466,0,0
7.467,0,0
7.468,0,0
7.469,0,0
7.47,0,0
7.471,0,0
7.472,0,0
7.473,0,0
7.474,0,0
7.475,0,0
7.476,0,0
7.477,0,0
7.478,0,0
7.479,0,0
7.48,0,0
7.481,0,0
7.482,0,0
7.483,0,0
7.484,0,0
7.485,0,0
7.486,0,0
7.487,0,0
7.488,0,0
7.489,0,0
7.49,0,0
7.491,0,0
7.492,0,0
7.493,0,0
7.494,0,0
7.495,0,0
7.496,0,0
7.497,0,0
7.498,0,0
7.499,0,0
7.5,0,0
7.501,0,0
7.502,0,0
7.503,0,0
7.504,0,0
7.505,0,0
7.506,0,0
7.507,0,0
7.508,0,0
7.509,0,0
7.51,0,0
7.511,0,0
7.512,0,0
7.513,0,0
7.514,0,0
7.515,0,0
7.516,0,0
7.517,0,0
7.518,0,0
7.519,0,0
7.52,0,0
7.521,0,0
7.522,0,0
7.523,0,0
7.524,0,0
7.525,0,0
7.526,0,0
7.527,0,0
7.528,0,0
7.529,0,0
7.53,0,0
7.531,0,0
7.532,0,0
7.533,0,0
7.534,0,0
7.535,0,0
7.536,0,0
7.537,0,0
7.538,0,0
7.539,0,0
7.54,0,0
7.541,0,0
7.542,0,0
7.543,0,0
7.544,0,0
7.545,0,0
7.546,0,0
7.547,0,0
7.548,0,0
7.549,0,0
7.55,0,0
7.551,0,0
7.552,0,0
7.553,0,0
7.554,0,0
7.555,0,0
7.556,0,0
7.557,0,0
7.558,0,0
7.559,0,0
7.56,0,0
7.561,0,0
7.562,0,0
7.563,0,0
7.564,0,0
7.565,0,0
7.566,0,0
7.567,0,0
7.568,0,0
7.569,0,0
7.57,0,0
7.571,0,0
7.572,0,0
7.573,0,0
7.574,0,0
7.575,0,0
7.576,0,0
7.577,0,0
7.578,0,0
7.579,0,0
7.58,0,0
7.581,0,0
7.582,0,0
7.583,0,0
7.584,0,0
7.585,0,0
7.586,0,0
7.587,0,0
7.588,0,0
7.589,0,0
7.59,0,0
7.591,0,0
7.592,0,0
7.593,0,0
7.594,0,0
7.595,0,0
7.596,0,0
7.597,0,0
7.598,0,0
7.599,0,0
7.6,0,0
7.601,0,0
7.602,0,0
7.603,0,0
7.604,0,0
7.605,0,0
7.606,0,0
7.607,0,0
7.608,0,0
7.609,0,0
7.61,0,0
7.611,0,0
7.612,0,0
7.613,0,0
7.614,0,0
7.615,0,0
7.616,0,0
7.617,0,0
7.618,0,0
7.619,0,0
7.62,0,0
7.621,0,0
7.622,0,0
7.623,0,0
7.624,0,0
7.625,0,0
7.626,0,0
7.627,0,0
7.628,0,0
7.629,0,0
7.63,0,0
7.631,0,0
7.632,0,0
7.633,0,0
7.634,0,0
7.635,0,0
7.636,0,0
7.637,0,0
7.638,0,0
7.639,0,0
7.64,0,0
7.641,0,0
7.642,0,0
7.643,0,0
7.644,0,0
7.645,0,0
7.646,0,0
7.647,0,0
7.648,0,0
7.649,0,0
7.65,0,0
7.651,0,0
7.652,0,0
7.653,0,0
7.654,0,0
7.655,0,0
7.656,0,0
7.657,0,0
7.658,0,0
7.659,0,0
7.66,0,0
7.661,0,0
7.662,0,0
7.663,0,0
7.664,0,0
7.665,0,0
7.666,0,0
7.667,0,0
7.668,0,0
7.669,0,0
7.67,0,0
7.671,0,0
7.672,0,0
7.673,0,0
7.674,0,0
7.675,0,0
7.676,0,0
7.677,0,0
7.678,0,0
7.679,0,0
7.68,0,0
7.681,0,0
7.682,0,0
7.683,0,0
7.684,0,0
7.685,0,0
7.686,0,0
7.687,0,0
7.688,0,0
7.689,0,0
7.69,0,0
7.691,0,0
7.692,0,0
7.693,0,0
7.694,0,0
7.695,0,0
7.696,0,0
7.697,0,0
7.698,0,0
7.699,0,0
7.7,0,0
7.701,0,0
7.702,0,0
7.703,0,0
7.704,0,0
7.705,0,0
7.706,0,0
7.707,0,0
7.708,0,0
7.709,0,0
7.71,0,0
7.711,0,0
7.712,0,0
7.713,0,0
7.714,0,0
7.715,0,0
7.716,0,0
7.717,0,0
7.718,0,0
7.719,0,0
7.72,0,0
7.721,0,0
7.722,0,0
7.723,0,0
7.724,0,0
7.725,0,0
7.726,0,0
7.727,0,0
7.728,0,0
7.729,0,0
7.73,0,0
7.731,0,0
7.732,0,0
7.733,0,0
7.734,0,0
7.735,0,0
7.736,0,0
7.737,0,0
7.738,0,0
7.739,0,0
7.74,0,0
7.741,0,0
7.742,0,0
7.743,0,0
7.744,0,0
7.745,0,0
7.746,0,0
7.747,0,0
7.748,0,0
7.749,0,0
7.75,0,0
7.751,0,0
7.752,0,0
7.753,0,0
7.754,0,0
7.755,0,0
7.756,0,0
7.757,0,0
7.758,0,0
7.759,0,0
7.76,0,0
7.761,0,0
7.762,0,0
7.763,0,0
7.764,0,0
7.765,0,0
7.766,0,0
7.767,0,0
7.768,0,0
7.769,0,0
7.77,0,0
7.771,0,0
7.772,0,0
7.773,0,0
7.774,0,0
7.775,0,0
7.776,0,0
7.777,0,0
7.778,0,0
7.779,0,0
7.78,0,0
7.781,0,0
7.782,0,0
7.783,0,0
7.784,0,0
7.785,0,0
7.786,0,0
7.787,0,0
7.788,0,0
7.789,0,0
7.79,0,0
7.791,0,0
7.792,0,0
7.793,0,0
7.794,0,0
7.795,0,0
7.796,0,0
7.797,0,0
7.798,0,0
7.799,0,0
7.8,0,0
7.801,0,0
7.802,0,0
7.803,0,0
7.804,0,0
7.805,0,0
7.806,0,0
7.807,0,0
7.808,0,0
7.809,0,0
7.81,0,0
7.811,0,0
7.812,0,0
7.813,0,0
7.814,0,0
7.815,0,0
7.816,0,0
7.817,0,0
7.818,0,0
7.819,0,0
7.82,0,0
7.821,0,0
7.822,0,0
7.823,0,0
7.824,0,0
7.825,0,0
7.826,0,0
7.827,0,0
7.828,0,0
7.829,0,0
7.83,0,0
7.831,0,0
7.832,0,0
7.833,0,0
7.834,0,0
7.835,0,0
7.836,0,0
7.837,0,0
7.838,0,0
7.839,0,0
7.84,0,0
7.841,0,0
7.842,0,0
7.843,0,0
7.844,0,0
7.845,0,0
7.846,0,0
7.847,0,0
7.848,0,0
7.849,0,0
7.85,0,0
7.851,0,0
7.852,0,0
7.853,0,0
7.854,0,0
7.855,0,0
7.856,0,0
7.857,0,0
7.858,0,0
7.859,0,0
7.86,0,0
7.861,0,0
7.862,0,0
7.863,0,0
7.864,0,0
7.865,0,0
7.866,0,0
7.867,0,0
7.868,0,0
7.869,0,0
7.87,0,0
7.871,0,0
7.872,0,0
7.873,0,0
7.874,0,0
7.875,0,0
7.876,0,0
7.877,0,0
7.878,0,0
7.879,0,0
7.88,0,0
7.881,0,0
7.882,0,0
7.883,0,0
7.884,0,0
7.885,0,0
7.886,0,0
7.887,0,0
7.888,0,0
7.889,0,0
7.89,0,0
7.891,0,0
7.892,0,0
7.893,0,0
7.894,0,0
7.895,0,0
7.896,0,0
7.897,0,0
7.898,0,0
7.899,0,0
7.9,0,0
7.901,0,0
7.902,0,0
7.903,0,0
7.904,0,0
7.905,0,0
7.906,0,0
7.907,0,0
7.908,0,0
7.909,0,0
7.91,0,0
7.911,0,0
7.912,0,0
7.913,0,0
7.914,0,0
7.915,0,0
7.916,0,0
7.917,0,0
7.918,0,0
7.919,0,0
7.92,0,0
7.921,0,0
7.922,0,0
7.923,0,0
7.924,0,0
7.925,0,0
7.926,0,0
7.927,0,0
7.928,0,0
7.929,0,0
7.93,0,0
7.931,0,0
7.932,0,0
7.933,0,0
7.934,0,0
7.935,0,0
7.936,0,0
7.937,0,0
7.938,0,0
7.939,0,0
7.94,0,0
7.941,0,0
7.942,0,0
7.943,0,0
7.944,0,0
7.945,0,0
7.946,0,0
7.947,0,0
7.948,0,0
7.949,0,0
7.95,0,0
7.951,0,0
7.952,0,0
7.953,0,0
7.954,0,0
7.955,0,0
7.956,0,0
7.957,0,0
7.958,0,0
7.959,0,0
7.96,0,0
7.961,0,0
7.962,0,0
7.963,0,0
7.964,0,0
7.965,0,0
7.966,0,0
7.967,0,0
7.968,0,0
7.969,0,0
7.97,0,0
7.971,0,0
7.972,0,0
7.973,0,0
7.974,0,0
7.975,0,0
7.976,0,0
7.977,0,0
7.978,0,0
7.979,0,0
7.98,0,0
7.981,0,0
7.982,0,0
7.983,0,0
7.984,0,0
7.985,0,0
7.986,0,0
7.987,0,0
7.988,0,0
7.989,0,0
7.99,0,0
7.991,0,0
7.992,0,0
7.993,0,0
7.994,0,0
7.995,0,0
7.996,0,0
7.997,0,0
7.998,0,0
7.999,0,0
8,0,0
8.001,0,0
8.002,0,0
8.003,0,0
8.004,0,0
8.005,0,0
8.006,0,0
8.007,0,0
8.008,0,0
8.009,0,0
8.01,0,0
8.011,0,0
8.012,0,0
8.013,0,0
8.014,0,0
8.015,0,0
8.016,0,0
8.017,0,0
8.018,0,0
8.019,0,0
8.02,0,0
8.021,0,0
8.022,0,0
8.023,0,0
8.024,0,0
8.025,0,0
8.026,0,0
8.027,0,0
8.028,0,0
8.029,0,0
8.03,0,0
8.031,0,0
8.032,0,0
8.033,0,0
8.034,0,0
8.035,0,0
8.036,0,0
8.037,0,0
8.038,0,0
8.039,0,0
8.04,0,0
8.041,0,0
8.042,0,0
8.043,0,0
8.044,0,0
8.045,0,0
8.046,0,0
8.047,0,0
8.048,0,0
8.049,0,0
8.05,0,0
8.051,0,0
8.052,0,0
8.053,0,0
8.054,0,0
8.055,0,0
8.056,0,0
8.057,0,0
8.058,0,0
8.059,0,0
8.06,0,0
8.061,0,0
8.062,0,0
8.063,0,0
8.064,0,0
8.065,0,0
8.066,0,0
8.067,0,0
8.068,0,0
8.069,0,0
8.07,0,0
8.071,0,0
8.072,0,0
8.073,0,0
8.074,0,0
8.075,0,0
8.076,0,0
8.077,0,0
8.078,0,0
8.079,0,0
8.08,0,0
8.081,0,0
8.082,0,0
8.083,0,0
8.084,0,0
8.085,0,0
8.086,0,0
8.087,0,0
8.088,0,0
8.089,0,0
8.09,0,0
8.091,0,0
8.092,0,0
8.093,0,0
8.094,0,0
8.095,0,0
8.096,0,0
8.097,0,0
8.098,0,0
8.099,0,0
8.1,0,0
8.101,0,0
8.102,0,0
8.103,0,0
8.104,0,0
8.105,0,0
8.106,0,0
8.107,0,0
8.108,0,0
8.109,0,0
8.11,0,0
8.111,0,0
8.112,0,0
8.113,0,0
8.114,0,0
8.115,0,0
8.116,0,0
8.117,0,0
8.118,0,0
8.119,0,0
8.12,0,0
8.121,0,0
8.122,0,0
8.123,0,0
8.124,0,0
8.125,0,0
8.126,0,0
8.127,0,0
8.128,0,0
8.129,0,0
8.13,0,0
8.131,0,0
8.132,0,0
8.133,0,0
8.134,0,0
8.135,0,0
8.136,0,0
8.137,0,0
8.138,0,0
8.139,0,0
8.14,0,0
8.141,0,0
8.142,0,0
8.143,0,0
8.144,0,0
8.145,0,0
8.146,0,0
8.147,0,0
8.148,0,0
8.149,0,0
8.15,0,0
8.151,0,0
8.152,0,0
8.153,0,0
8.154,0,0
8.155,0,0
8.156,0,0
8.157,0,0
8.158,0,0
8.159,0,0
8.16,0,0
8.161,0,0
8.162,0,0
8.163,0,0
8.164,0,0
8.165,0,0
8.166,0,0
8.167,0,0
8.168,0,0
8.169,0,0
8.17,0,0
8.171,0,0
8.172,0,0
8.173,0,0
8.174,0,0
8.175,0,0
8.176,0,0
8.177,0,0
8.178,0,0
8.179,0,0
8.18,0,0
8.181,0,0
8.182,0,0
8.183,0,0
8.184,0,0
8.185,0,0
8.186,0,0
8.187,0,0
8.188,0,0
8.189,0,0
8.19,0,0
8.191,0,0
8.192,0,0
8.193,0,0
8.194,0,0
8.195,0,0
8.196,0,0
8.197,0,0
8.198,0,0
8.199,0,0
8.2,0,0
8.201,0,0
8.202,0,0
8.203,0,0
8.204,0,0
8.205,0,0
8.206,0,0
8.207,0,0
8.208,0,0
8.209,0,0
8.21,0,0
8.211,0,0
8.212,0,0
8.213,0,0
8.214,0,0
8.215,0,0
8.216,0,0
8.217,0,0
8.218,0,0
8.219,0,0
8.22,0,0
8.221,0,0
8.222,0,0
8.223,0,0
8.224,0,0
8.225,0,0
8.226,0,0
8.227,0,0
8.228,0,0
8.229,0,0
8.23,0,0
8.231,0,0
8.232,0,0
8.233,0,0
8.234,0,0
8.235,0,0
8.236,0,0
8.237,0,0
8.238,0,0
8.239,0,0
8.24,0,0
8.241,0,0
8.242,0,0
8.243,0,0
8.244,0,0
8.245,0,0
8.246,0,0
8.247,0,0
8.248,0,0
8.249,0,0
8.25,0,0
8.251,0,0
8.252,0,0
8.253,0,0
8.254,0,0
8.255,0,0
8.256,0,0
8.257,0,0
8.258,0,0
8.259,0,0
8.26,0,0
8.261,0,0
8.262,0,0
8.263,0,0
8.264,0,0
8.265,0,0
8.266,0,0
8.267,0,0
8.268,0,0
8.269,0,0
8.27,0,0
8.271,0,0
8.272,0,0
8.273,0,0
8.274,0,0
8.275,0,0
8.276,0,0
8.277,0,0
8.278,0,0
8.279,0,0
8.28,0,0
8.281,0,0
8.282,0,0
8.283,0,0
8.284,0,0
8.285,0,0
8.286,0,0
8.287,0,0
8.288,0,0
8.289,0,0
8.29,0,0
8.291,0,0
8.292,0,0
8.293,0,0
8.294,0,0
8.295,0,0
8.296,0,0
8.297,0,0
8.298,0,0
8.299,0,0
8.3,0,0
8.301,0,0
8.302,0,0
8.303,0,0
8.304,0,0
8.305,0,0
8.306,0,0
8.307,0,0
8.308,0,0
8.309,0,0
8.31,0,0
8.311,0,0
8.312,0,0
8.313,0,0
8.314,0,0
8.315,0,0
8.316,0,0
8.317,0,0
8.318,0,0
8.319,0,0
8.32,0,0
8.321,0,0
8.322,0,0
8.323,0,0
8.324,0,0
8.325,0,0
8.326,0,0
8.327,0,0
8.328,0,0
8.329,0,0
8.33,0,0
8.331,0,0
8.332,0,0
8.333,0,0
8.334,0,0
8.335,0,0
8.336,0,0
8.337,0,0
8.338,0,0
8.339,0,0
8.34,0,0
8.341,0,0
8.342,0,0
8.343,0,0
8.344,0,0
8.345,0,0
8.346,0,0
8.347,0,0
8.348,0,0
8.349,0,0
8.35,0,0
8.351,0,0
8.352,0,0
8.353,0,0
8.354,0,0
8.355,0,0
8.356,0,0
8.357,0,0
8.358,0,0
8.359,0,0
8.36,0,0
8.361,0,0
8.362,0,0
8.363,0,0
8.364,0,0
8.365,0,0
8.366,0,0
8.367,0,0
8.368,0,0
8.369,0,0
8.37,0,0
8.371,0,0
8.372,0,0
8.373,0,0
8.374,0,0
8.375,0,0
8.376,0,0
8.377,0,0
8.378,0,0
8.379,0,0
8.38,0,0
8.381,0,0
8.382,0,0
8.383,0,0
8.384,0,0
8.385,0,0
8.386,0,0
8.387,0,0
8.388,0,0
8.389,0,0
8.39,0,0
8.391,0,0
8.392,0,0
8.393,0,0
8.394,0,0
8.395,0,0
8.396,0,0
8.397,0,0
8.398,0,0
8.399,0,0
8.4,0,0
8.401,0,0
8.402,0,0
8.403,0,0
8.404,0,0
8.405,0,0
8.406,0,0
8.407,0,0
8.408,0,0
8.409,0,0
8.41,0,0
8.411,0,0
8.412,0,0
8.413,0,0
8.414,0,0
8.415,0,0
8.416,0,0
8.417,0,0
8.418,0,0
8.419,0,0
8.42,0,0
8.421,0,0
8.422,0,0
8.423,0,0
8.424,0,0
8.425,0,0
8.426,0,0
8.427,0,0
8.428,0,0
8.429,0,0
8.43,0,0
8.431,0,0
8.432,0,0
8.433,0,0
8.434,0,0
8.435,0,0
8.436,0,0
8.437,0,0
8.438,0,0
8.439,0,0
8.44,0,0
8.441,0,0
8.442,0,0
8.443,0,0
8.444,0,0
8.445,0,0
8.446,0,0
8.447,0,0
8.448,0,0
8.449,0,0
8.45,0,0
8.451,0,0
8.452,0,0
8.453,0,0
8.454,0,0
8.455,0,0
8.456,0,0
8.457,0,0
8.458,0,0
8.459,0,0
8.46,0,0
8.461,0,0
8.462,0,0
8.463,0,0
8.464,0,0
8.465,0,0
8.466,0,0
8.467,0,0
8.468,0,0
8.469,0,0
8.47,0,0
8.471,0,0
8.472,0,0
8.473,0,0
8.474,0,0
8.475,0,0
8.476,0,0
8.477,0,0
8.478,0,0
8.479,0,0
8.48,0,0
8.481,0,0
8.482,0,0
8.483,0,0
8.484,0,0
8.485,0,0
8.486,0,0
8.487,0,0
8.488,0,0
8.489,0,0
8.49,0,0
8.491,0,0
8.492,0,0
8.493,0,0
8.494,0,0
8.495,0,0
8.496,0,0
8.497,0,0
8.498,0,0
8.499,0,0
8.5,0,0
8.501,0,0
8.502,0,0
8.503,0,0
8.504,0,0
8.505,0,0
8.506,0,0
8.507,0,0
8.508,0,0
8.509,0,0
8.51,0,0
8.511,0,0
8.512,0,0
8.513,0,0
8.514,0,0
8.515,0,0
8.516,0,0
8.517,0,0
8.518,0,0
8.519,0,0
8.52,0,0
8.521,0,0
8.522,0,0
8.523,0,0
8.524,0,0
8.525,0,0
8.526,0,0
8.527,0,0
8.528,0,0
8.529,0,0
8.53,0,0
8.531,0,0
8.532,0,0
8.533,0,0
8.534,0,0
8.535,0,0
8.536,0,0
8.537,0,0
8.538,0,0
8.539,0,0
8.54,0,0
8.541,0,0
8.542,0,0
8.543,0,0
8.544,0,0
8.545,0,0
8.546,0,0
8.547,0,0
8.548,0,0
8.549,0,0
8.55,0,0
8.551,0,0
8.552,0,0
8.553,0,0
8.554,0,0
8.555,0,0
8.556,0,0
8.557,0,0
8.558,0,0
8.559,0,0
8.56,0,0
8.561,0,0
8.562,0,0
8.563,0,0
8.564,0,0
8.565,0,0
8.566,0,0
8.567,0,0
8.568,0,0
8.569,0,0
8.57,0,0
8.571,0,0
8.572,0,0
8.573,0,0
8.574,0,0
8.575,0,0
8.576,0,0
8.577,0,0
8.578,0,0
8.579,0,0
8.58,0,0
8.581,0,0
8.582,0,0
8.583,0,0
8.584,0,0
8.585,0,0
8.586,0,0
8.587,0,0
8.588,0,0
8.589,0,0
8.59,0,0
8.591,0,0
8.592,0,0
8.593,0,0
8.594,0,0
8.595,0,0
8.596,0,0
8.597,0,0
8.598,0,0
8.599,0,0
8.6,0,0
8.601,0,0
8.602,0,0
8.603,0,0
8.604,0,0
8.605,0,0
8.606,0,0
8.607,0,0
8.608,0,0
8.609,0,0
8.61,0,0
8.611,0,0
8.612,0,0
8.613,0,0
8.614,0,0
8.615,0,0
8.616,0,0
8.617,0,0
8.618,0,0
8.619,0,0
8.62,0,0
8.621,0,0
8.622,0,0
8.623,0,0
8.624,0,0
8.625,0,0
8.626,0,0
8.627,0,0
8.628,0,0
8.629,0,0
8.63,0,0
8.631,0,0
8.632,0,0
8.633,0,0
8.634,0,0
8.635,0,0
8.636,0,0
8.637,0,0
8.638,0,0
8.639,0,0
8.64,0,0
8.641,0,0
8.642,0,0
8.643,0,0
8.644,0,0
8.645,0,0
8.646,0,0
8.647,0,0
8.648,0,0
8.649,0,0
8.65,0,0
8.651,0,0
8.652,0,0
8.653,0,0
8.654,0,0
8.655,0,0
8.656,0,0
8.657,0,0
8.658,0,0
8.659,0,0
8.66,0,0
8.661,0,0
8.662,0,0
8.663,0,0
8.664,0,0
8.665,0,0
8.666,0,0
8.667,0,0
8.668,0,0
8.669,0,0
8.67,0,0
8.671,0,0
8.672,0,0
8.673,0,0
8.674,0,0
8.675,0,0
8.676,0,0
8.677,0,0
8.678,0,0
8.679,0,0
8.68,0,0
8.681,0,0
8.682,0,0
8.683,0,0
8.684,0,0
8.685,0,0
8.686,0,0
8.687,0,0
8.688,0,0
8.689,0,0
8.69,0,0
8.691,0,0
8.692,0,0
8.693,0,0
8.694,0,0
8.695,0,0
8.696,0,0
8.697,0,0
8.698,0,0
8.699,0,0
8.7,0,0
8.701,0,0
8.702,0,0
8.703,0,0
8.704,0,0
8.705,0,0
8.706,0,0
8.707,0,0
8.708,0,0
8.709,0,0
8.71,0,0
8.711,0,0
8.712,0,0
8.713,0,0
8.714,0,0
8.715,0,0
8.716,0,0
8.717,0,0
8.718,0,0
8.719,0,0
8.72,0,0
8.721,0,0
8.722,0,0
8.723,0,0
8.724,0,0
8.725,0,0
8.726,0,0
8.727,0,0
8.728,0,0
8.729,0,0
8.73,0,0
8.731,0,0
8.732,0,0
8.733,0,0
8.734,0,0
8.735,0,0
8.736,0,0
8.737,0,0
8.738,0,0
8.739,0,0
8.74,0,0
8.741,0,0
8.742,0,0
8.743,0,0
8.744,0,0
8.745,0,0
8.746,0,0
8.747,0,0
8.748,0,0
8.749,0,0
8.75,0,0
8.751,0,0
8.752,0,0
8.753,0,0
8.754,0,0
8.755,0,0
8.756,0,0
8.757,0,0
8.758,0,0
8.759,0,0
8.76,0,0
8.761,0,0
8.762,0,0
8.763,0,0
8.764,0,0
8.765,0,0
8.766,0,0
8.767,0,0
8.768,0,0
8.769,0,0
8.77,0,0
8.771,0,0
8.772,0,0
8.773,0,0
8.774,0,0
8.775,0,0
8.776,0,0
8.777,0,0
8.778,0,0
8.779,0,0
8.78,0,0
8.781,0,0
8.782,0,0
8.783,0,0
8.784,0,0
8.785,0,0
8.786,0,0
8.787,0,0
8.788,0,0
8.789,0,0
8.79,0,0
8.791,0,0
8.792,0,0
8.793,0,0
8.794,0,0
8.795,0,0
8.796,0,0
8.797,0,0
8.798,0,0
8.799,0,0
8.8,0,0
8.801,0,0
8.802,0,0
8.803,0,0
8.804,0,0
8.805,0,0
8.806,0,0
8.807,0,0
8.808,0,0
8.809,0,0
8.81,0,0
8.811,0,0
8.812,0,0
8.813,0,0
8.814,0,0
8.815,0,0
8.816,0,0
8.817,0,0
8.818,0,0
8.819,0,0
8.82,0,0
8.821,0,0
8.822,0,0
8.823,0,0
8.824,0,0
8.825,0,0
8.826,0,0
8.827,0,0
8.828,0,0
8.829,0,0
8.83,0,0
8.831,0,0
8.832,0,0
8.833,0,0
8.834,0,0
8.835,0,0
8.836,0,0
8.837,0,0
8.838,0,0
8.839,0,0
8.84,0,0
8.841,0,0
8.842,0,0
8.843,0,0
8.844,0,0
8.845,0,0
8.846,0,0
8.847,0,0
8.848,0,0
8.849,0,0
8.85,0,0
8.851,0,0
8.852,0,0
8.853,0,0
8.854,0,0
8.855,0,0
8.856,0,0
8.857,0,0
8.858,0,0
8.859,0,0
8.86,0,0
8.861,0,0
8.862,0,0
8.863,0,0
8.864,0,0
8.865,0,0
8.866,0,0
8.867,0,0
8.868,0,0
8.869,0,0
8.87,0,0
8.871,0,0
8.872,0,0
8.873,0,0
8.874,0,0
8.875,0,0
8.876,0,0
8.877,0,0
8.878,0,0
8.879,0,0
8.88,0,0
8.881,0,0
8.882,0,0
8.883,0,0
8.884,0,0
8.885,0,0
8.886,0,0
8.887,0,0
8.888,0,0
8.889,0,0
8.89,0,0
8.891,0,0
8.892,0,0
8.893,0,0
8.894,0,0
8.895,0,0
8.896,0,0
8.897,0,0
8.898,0,0
8.899,0,0
8.9,0,0
8.901,0,0
8.902,0,0
8.903,0,0
8.904,0,0
8.905,0,0
8.906,0,0
8.907,0,0
8.908,0,0
8.909,0,0
8.91,0,0
8.911,0,0
8.912,0,0
8.913,0,0
8.914,0,0
8.915,0,0
8.916,0,0
8.917,0,0
8.918,0,0
8.919,0,0
8.92,0,0
8.921,0,0
8.922,0,0
8.923,0,0
8.924,0,0
8.925,0,0
8.926,0,0
8.927,0,0
8.928,0,0
8.929,0,0
8.93,0,0
8.931,0,0
8.932,0,0
8.933,0,0
8.934,0,0
8.935,0,0
8.936,0,0
8.937,0,0
8.938,0,0
8.939,0,0
8.94,0,0
8.941,0,0
8.942,0,0
8.943,0,0
8.944,0,0
8.945,0,0
8.946,0,0
8.947,0,0
8.948,0,0
8.949,0,0
8.95,0,0
8.951,0,0
8.952,0,0
8.953,0,0
8.954,0,0
8.955,0,0
8.956,0,0
8.957,0,0
8.958,0,0
8.959,0,0
8.96,0,0
8.961,0,0
8.962,0,0
8.963,0,0
8.964,0,0
8.965,0,0
8.966,0,0
8.967,0,0
8.968,0,0
8.969,0,0
8.97,0,0
8.971,0,0
8.972,0,0
8.973,0,0
8.974,0,0
8.975,0,0
8.976,0,0
8.977,0,0
8.978,0,0
8.979,0,0
8.98,0,0
8.981,0,0
8.982,0,0
8.983,0,0
8.984,0,0
8.985,0,0
8.986,0,0
8.987,0,0
8.988,0,0
8.989,0,0
8.99,0,0
8.991,0,0
8.992,0,0
8.993,0,0
8.994,0,0
8.995,0,0
8.996,0,0
8.997,0,0
8.998,0,0
8.999,0,0
9,0,0
9.001,0,0
9.002,0,0
9.003,0,0
9.004,0,0
9.005,0,0
9.006,0,0
9.007,0,0
9.008,0,0
9.009,0,0
9.01,0,0
9.011,0,0
9.012,0,0
9.013,0,0
9.014,0,0
9.015,0,0
9.016,0,0
9.017,0,0
9.018,0,0
9.019,0,0
9.02,0,0
9.021,0,0
9.022,0,0
9.023,0,0
9.024,0,0
9.025,0,0
9.026,0,0
9.027,0,0
9.028,0,0
9.029,0,0
9.03,0,0
9.031,0,0
9.032,0,0
9.033,0,0
9.034,0,0
9.035,0,0
9.036,0,0
9.037,0,0
9.038,0,0
9.039,0,0
9.04,0,0
9.041,0,0
9.042,0,0
9.043,0,0
9.044,0,0
9.045,0,0
9.046,0,0
9.047,0,0
9.048,0,0
9.049,0,0
9.05,0,0
9.051,0,0
9.052,0,0
9.053,0,0
9.054,0,0
9.055,0,0
9.056,0,0
9.057,0,0
9.058,0,0
9.059,0,0
9.06,0,0
9.061,0,0
9.062,0,0
9.063,0,0
9.064,0,0
9.065,0,0
9.066,0,0
9.067,0,0
9.068,0,0
9.069,0,0
9.07,0,0
9.071,0,0
9.072,0,0
9.073,0,0
9.074,0,0
9.075,0,0
9.076,0,0
9.077,0,0
9.078,0,0
9.079,0,0
9.08,0,0
9.081,0,0
9.082,0,0
9.083,0,0
9.084,0,0
9.085,0,0
9.086,0,0
9.087,0,0
9.088,0,0
9.089,0,0
9.09,0,0
9.091,0,0
9.092,0,0
9.093,0,0
9.094,0,0
9.095,0,0
9.096,0,0
9.097,0,0
9.098,0,0
9.099,0,0
9.1,0,0
9.101,0,0
9.102,0,0
9.103,0,0
9.104,0,0
9.105,0,0
9.106,0,0
9.107,0,0
9.108,0,0
9.109,0,0
9.11,0,0
9.111,0,0
9.112,0,0
9.113,0,0
9.114,0,0
9.115,0,0
9.116,0,0
9.117,0,0
9.118,0,0
9.119,0,0
9.12,0,0
9.121,0,0
9.122,0,0
9.123,0,0
9.124,0,0
9.125,0,0
9.126,0,0
9.127,0,0
9.128,0,0
9.129,0,0
9.13,0,0
9.131,0,0
9.132,0,0
9.133,0,0
9.134,0,0
9.135,0,0
9.136,0,0
9.137,0,0
9.138,0,0
9.139,0,0
9.14,0,0
9.141,0,0
9.142,0,0
9.143,0,0
9.144,0,0
9.145,0,0
9.146,0,0
9.147,0,0
9.148,0,0
9.149,0,0
9.15,0,0
9.151,0,0
9.152,0,0
9.153,0,0
9.154,0,0
9.155,0,0
9.156,0,0
9.157,0,0
9.158,0,0
9.159,0,0
9.16,0,0
9.161,0,0
9.162,0,0
9.163,0,0
9.164,0,0
9.165,0,0
9.166,0,0
9.167,0,0
9.168,0,0
9.169,0,0
9.17,0,0
9.171,0,0
9.172,0,0
9.173,0,0
9.174,0,0
9.175,0,0
9.176,0,0
9.177,0,0
9.178,0,0
9.179,0,0
9.18,0,0
9.181,0,0
9.182,0,0
9.183,0,0
9.184,0,0
9.185,0,0
9.186,0,0
9.187,0,0
9.188,0,0
9.189,0,0
9.19,0,0
9.191,0,0
9.192,0,0
9.193,0,0
9.194,0,0
9.195,0,0
9.196,0,0
9.197,0,0
9.198,0,0
9.199,0,0
9.2,0,0
9.201,0,0
9.202,0,0
9.203,0,0
9.204,0,0
9.205,0,0
9.206,0,0
9.207,0,0
9.208,0,0
9.209,0,0
9.21,0,0
9.211,0,0
9.212,0,0
9.213,0,0
9.214,0,0
9.215,0,0
9.216,0,0
9.217,0,0
9.218,0,0
9.219,0,0
9.22,0,0
9.221,0,0
9.222,0,0
9.223,0,0
9.224,0,0
9.225,0,0
9.226,0,0
9.227,0,0
9.228,0,0
9.229,0,0
9.23,0,0
9.231,0,0
9.232,0,0
9.233,0,0
9.234,0,0
9.235,0,0
9.236,0,0
9.237,0,0
9.238,0,0
9.239,0,0
9.24,0,0
9.241,0,0
9.242,0,0
9.243,0,0
9.244,0,0
9.245,0,0
9.246,0,0
9.247,0,0
9.248,0,0
9.249,0,0
9.25,0,0
9.251,0,0
9.252,0,0
9.253,0,0
9.254,0,0
9.255,0,0
9.256,0,0
9.257,0,0
9.258,0,0
9.259,0,0
9.26,0,0
9.261,0,0
9.262,0,0
9.263,0,0
9.264,0,0
9.265,0,0
9.266,0,0
9.267,0,0
9.268,0,0
9.269,0,0
9.27,0,0
9.271,0,0
9.272,0,0
9.273,0,0
9.274,0,0
9.275,0,0
9.276,0,0
9.277,0,0
9.278,0,0
9.279,0,0
9.28,0,0
9.281,0,0
9.282,0,0
9.283,0,0
9.284,0,0
9.285,0,0
9.286,0,0
9.287,0,0
9.288,0,0
9.289,0,0
9.29,0,0
9.291,0,0
9.292,0,0
9.293,0,0
9.294,0,0
9.295,0,0
9.296,0,0
9.297,0,0
9.298,0,0
9.299,0,0
9.3,0,0
9.301,0,0
9.302,0,0
9.303,0,0
9.304,0,0
9.305,0,0
9.306,0,0
9.307,0,0
9.308,0,0
9.309,0,0
9.31,0,0
9.311,0,0
9.312,0,0
9.313,0,0
9.314,0,0
9.315,0,0
9.316,0,0
9.317,0,0
9.318,0,0
9.319,0,0
9.32,0,0
9.321,0,0
9.322,0,0
9.323,0,0
9.324,0,0
9.325,0,0
9.326,0,0
9.327,0,0
9.328,0,0
9.329,0,0
9.33,0,0
9.331,0,0
9.332,0,0
9.333,0,0
9.334,0,0
9.335,0,0
9.336,0,0
9.337,0,0
9.338,0,0
9.339,0,0
9.34,0,0
9.341,0,0
9.342,0,0
9.343,0,0
9.344,0,0
9.345,0,0
9.346,0,0
9.347,0,0
9.348,0,0
9.349,0,0
9.35,0,0
9.351,0,0
9.352,0,0
9.353,0,0
9.354,0,0
9.355,0,0
9.356,0,0
9.357,0,0
9.358,0,0
9.359,0,0
9.36,0,0
9.361,0,0
9.362,0,0
9.363,0,0
9.364,0,0
9.365,0,0
9.366,0,0
9.367,0,0
9.368,0,0
9.369,0,0
9.37,0,0
9.371,0,0
9.372,0,0
9.373,0,0
9.374,0,0
9.375,0,0
9.376,0,0
9.377,0,0
9.378,0,0
9.379,0,0
9.38,0,0
9.381,0,0
9.382,0,0
9.383,0,0
9.384,0,0
9.385,0,0
9.386,0,0
9.387,0,0
9.388,0,0
9.389,0,0
9.39,0,0
9.391,0,0
9.392,0,0
9.393,0,0
9.394,0,0
9.395,0,0
9.396,0,0
9.397,0,0
9.398,0,0
9.399,0,0
9.4,0,0
9.401,0,0
9.402,0,0
9.403,0,0
9.404,0,0
9.405,0,0
9.406,0,0
9.407,0,0
9.408,0,0
9.409,0,0
9.41,0,0
9.411,0,0
9.412,0,0
9.413,0,0
9.414,0,0
9.415,0,0
9.416,0,0
9.417,0,0
9.418,0,0
9.419,0,0
9.42,0,0
9.421,0,0
9.422,0,0
9.423,0,0
9.424,0,0
9.425,0,0
9.426,0,0
9.427,0,0
9.428,0,0
9.429,0,0
9.43,0,0
9.431,0,0
9.432,0,0
9.433,0,0
9.434,0,0
9.435,0,0
9.436,0,0
9.437,0,0
9.438,0,0
9.439,0,0
9.44,0,0
9.441,0,0
9.442,0,0
9.443,0,0
9.444,0,0
9.445,0,0
9.446,0,0
9.447,0,0
9.448,0,0
9.449,0,0
9.45,0,0
9.451,0,0
9.452,0,0
9.453,0,0
9.454,0,0
9.455,0,0
9.456,0,0
9.457,0,0
9.458,0,0
9.459,0,0
9.46,0,0
9.461,0,0
9.462,0,0
9.463,0,0
9.464,0,0
9.465,0,0
9.466,0,0
9.467,0,0
9.468,0,0
9.469,0,0
9.47,0,0
9.471,0,0
9.472,0,0
9.473,0,0
9.474,0,0
9.475,0,0
9.476,0,0
9.477,0,0
9.478,0,0
9.479,0,0
9.48,0,0
9.481,0,0
9.482,0,0
9.483,0,0
9.484,0,0
9.485,0,0
9.486,0,0
9.487,0,0
9.488,0,0
9.489,0,0
9.49,0,0
9.491,0,0
9.492,0,0
9.493,0,0
9.494,0,0
9.495,0,0
9.496,0,0
9.497,0,0
9.498,0,0
9.499,0,0
9.5,0,0
9.501,0,0
9.502,0,0
9.503,0,0
9.504,0,0
9.505,0,0
9.506,0,0
9.507,0,0
9.508,0,0
9.509,0,0
9.51,0,0
9.511,0,0
9.512,0,0
9.513,0,0
9.514,0,0
9.515,0,0
9.516,0,0
9.517,0,0
9.518,0,0
9.519,0,0
9.52,0,0
9.521,0,0
9.522,0,0
9.523,0,0
9.524,0,0
9.525,0,0
9.526,0,0
9.527,0,0
9.528,0,0
9.529,0,0
9.53,0,0
9.531,0,0
9.532,0,0
9.533,0,0
9.534,0,0
9.535,0,0
9.536,0,0
9.537,0,0
9.538,0,0
9.539,0,0
9.54,0,0
9.541,0,0
9.542,0,0
9.543,0,0
9.544,0,0
9.545,0,0
9.546,0,0
9.547,0,0
9.548,0,0
9.549,0,0
9.55,0,0
9.551,0,0
9.552,0,0
9.553,0,0
9.554,0,0
9.555,0,0
9.556,0,0
9.557,0,0
9.558,0,0
9.559,0,0
9.56,0,0
9.561,0,0
9.562,0,0
9.563,0,0
9.564,0,0
9.565,0,0
9.566,0,0
9.567,0,0
9.568,0,0
9.569,0,0
9.57,0,0
9.571,0,0
9.572,0,0
9.573,0,0
9.574,0,0
9.575,0,0
9.576,0,0
9.577,0,0
9.578,0,0
9.579,0,0
9.58,0,0
9.581,0,0
9.582,0,0
9.583,0,0
9.584,0,0
9.585,0,0
9.586,0,0
9.587,0,0
9.588,0,0
9.589,0,0
9.59,0,0
9.591,0,0
9.592,0,0
9.593,0,0
9.594,0,0
9.595,0,0
9.596,0,0
9.597,0,0
9.598,0,0
9.599,0,0
9.6,0,0
9.601,0,0
9.602,0,0
9.603,0,0
9.604,0,0
9.605,0,0
9.606,0,0
9.607,0,0
9.608,0,0
9.609,0,0
9.61,0,0
9.611,0,0
9.612,0,0
9.613,0,0
9.614,0,0
9.615,0,0
9.616,0,0
9.617,0,0
9.618,0,0
9.619,0,0
9.62,0,0
9.621,0,0
9.622,0,0
9.623,0,0
9.624,0,0
9.625,0,0
9.626,0,0
9.627,0,0
9.628,0,0
9.629,0,0
9.63,0,0
9.631,0,0
9.632,0,0
9.633,0,0
9.634,0,0
9.635,0,0
9.636,0,0
9.637,0,0
9.638,0,0
9.639,0,0
9.64,0,0
9.641,0,0
9.642,0,0
9.643,0,0
9.644,0,0
9.645,0,0
9.646,0,0
9.647,0,0
9.648,0,0
9.649,0,0
9.65,0,0
9.651,0,0
9.652,0,0
9.653,0,0
9.654,0,0
9.655,0,0
9.656,0,0
9.657,0,0
9.658,0,0
9.659,0,0
9.66,0,0
9.661,0,0
9.662,0,0
9.663,0,0
9.664,0,0
9.665,0,0
9.666,0,0
9.667,0,0
9.668,0,0
9.669,0,0
9.67,0,0
9.671,0,0
9.672,0,0
9.673,0,0
9.674,0,0
9.675,0,0
9.676,0,0
9.677,0,0
9.678,0,0
9.679,0,0
9.68,0,0
9.681,0,0
9.682,0,0
9.683,0,0
9.684,0,0
9.685,0,0
9.686,0,0
9.687,0,0
9.688,0,0
9.689,0,0
9.69,0,0
9.691,0,0
9.692,0,0
9.693,0,0
9.694,0,0
9.695,0,0
9.696,0,0
9.697,0,0
9.698,0,0
9.699,0,0
9.7,0,0
9.701,0,0
9.702,0,0
9.703,0,0
9.704,0,0
9.705,0,0
9.706,0,0
9.707,0,0
9.708,0,0
9.709,0,0
9.71,0,0
9.711,0,0
9.712,0,0
9.713,0,0
9.714,0,0
9.715,0,0
9.716,0,0
9.717,0,0
9.718,0,0
9.719,0,0
9.72,0,0
9.721,0,0
9.722,0,0
9.723,0,0
9.724,0,0
9.725,0,0
9.726,0,0
9.727,0,0
9.728,0,0
9.729,0,0
9.73,0,0
9.731,0,0
9.732,0,0
9.733,0,0
9.734,0,0
9.735,0,0
9.736,0,0
9.737,0,0
9.738,0,0
9.739,0,0
9.74,0,0
9.741,0,0
9.742,0,0
9.743,0,0
9.744,0,0
9.745,0,0
9.746,0,0
9.747,0,0
9.748,0,0
9.749,0,0
9.75,0,0
9.751,0,0
9.752,0,0
9.753,0,0
9.754,0,0
9.755,0,0
9.756,0,0
9.757,0,0
9.758,0,0
9.759,0,0
9.76,0,0
9.761,0,0
9.762,0,0
9.763,0,0
9.764,0,0
9.765,0,0
9.766,0,0
9.767,0,0
9.768,0,0
9.769,0,0
9.77,0,0
9.771,0,0
9.772,0,0
9.773,0,0
9.774,0,0
9.775,0,0
9.776,0,0
9.777,0,0
9.778,0,0
9.779,0,0
9.78,0,0
9.781,0,0
9.782,0,0
9.783,0,0
9.784,0,0
9.785,0,0
9.786,0,0
9.787,0,0
9.788,0,0
9.789,0,0
9.79,0,0
9.791,0,0
9.792,0,0
9.793,0,0
9.794,0,0
9.795,0,0
9.796,0,0
9.797,0,0
9.798,0,0
9.799,0,0
9.8,0,0
9.801,0,0
9.802,0,0
9.803,0,0
9.804,0,0
9.805,0,0
9.806,0,0
9.807,0,0
9.808,0,0
9.809,0,0
9.81,0,0
9.811,0,0
9.812,0,0
9.813,0,0
9.814,0,0
9.815,0,0
9.816,0,0
9.817,0,0
9.818,0,0
9.819,0,0
9.82,0,0
9.821,0,0
9.822,0,0
9.823,0,0
9.824,0,0
9.825,0,0
9.826,0,0
9.827,0,0
9.828,0,0
9.829,0,0
9.83,0,0
9.831,0,0
9.832,0,0
9.833,0,0
9.834,0,0
9.835,0,0
9.836,0,0
9.837,0,0
9.838,0,0
9.839,0,0
9.84,0,0
9.841,0,0
9.842,0,0
9.843,0,0
9.844,0,0
9.845,0,0
9.846,0,0
9.847,0,0
9.848,0,0
9.849,0,0
9.85,0,0
9.851,0,0
9.852,0,0
9.853,0,0
9.854,0,0
9.855,0,0
9.856,0,0
9.857,0,0
9.858,0,0
9.859,0,0
9.86,0,0
9.861,0,0
9.862,0,0
9.863,0,0
9.864,0,0
9.865,0,0
9.866,0,0
9.867,0,0
9.868,0,0
9.869,0,0
9.87,0,0
9.871,0,0
9.872,0,0
9.873,0,0
9.874,0,0
9.875,0,0
9.876,0,0
9.877,0,0
9.878,0,0
9.879,0,0
9.88,0,0
9.881,0,0
9.882,0,0
9.883,0,0
9.884,0,0
9.885,0,0
9.886,0,0
9.887,0,0
9.888,0,0
9.889,0,0
9.89,0,0
9.891,0,0
9.892,0,0
9.893,0,0
9.894,0,0
9.895,0,0
9.896,0,0
9.897,0,0
9.898,0,0
9.899,0,0
9.9,0,0
9.901,0,0
9.902,0,0
9.903,0,0
9.904,0,0
9.905,0,0
9.906,0,0
9.907,0,0
9.908,0,0
9.909,0,0
9.91,0,0
9.911,0,0
9.912,0,0
9.913,0,0
9.914,0,0
9.915,0,0
9.916,0,0
9.917,0,0
9.918,0,0
9.919,0,0
9.92,0,0
9.921,0,0
9.922,0,0
9.923,0,0
9.924,0,0
9.925,0,0
9.926,0,0
9.927,0,0
9.928,0,0
9.929,0,0
9.93,0,0
9.931,0,0
9.932,0,0
9.933,0,0
9.934,0,0
9.935,0,0
9.936,0,0
9.937,0,0
9.938,0,0
9.939,0,0
9.94,0,0
9.941,0,0
9.942,0,0
9.943,0,0
9.944,0,0
9.945,0,0
9.946,0,0
9.947,0,0
9.948,0,0
9.949,0,0
9.95,0,0
9.951,0,0
9.952,0,0
9.953,0,0
9.954,0,0
9.955,0,0
9.956,0,0
9.957,0,0
9.958,0,0
9.959,0,0
9.96,0,0
9.961,0,0
9.962,0,0
9.963,0,0
9.964,0,0
9.965,0,0
9.966,0,0
9.967,0,0
9.968,0,0
9.969,0,0
9.97,0,0
9.971,0,0
9.972,0,0
9.973,0,0
9.974,0,0
9.975,0,0
9.976,0,0
9.977,0,0
9.978,0,0
9.979,0,0
9.98,0,0
9.981,0,0
9.982,0,0
9.983,0,0
9.984,0,0
9.985,0,0
9.986,0,0
9.987,0,0
9.988,0,0
9.989,0,0
9.99,0,0
9.991,0,0
9.992,0,0
9.993,0,0
9.994,0,0
9.995,0,0
9.996,0,0
9.997,0,0
9.998,0,0
9.999,0,0
10,0,0
