"time","outputs[1]","outputs[2]","outputs[3]","outputs[4]"
0.000000000000000000,10.000000000000000000,0.000000000000000000,0.000000000000000000,0.000000000000000000
0.000000000000000000,10.000000000000000000,0.000000000000000000,0.000000000000000000,0.000000000000000000
0.003006012024048096,9.971358308425765300,0.030060084432641205,0.000000000000000000,0.000000000000000000
0.006012024048096192,9.945541093929588100,0.060119830355600770,0.000000000000000000,0.000000000000000000
0.009018036072144289,9.922510606990696800,0.090178808835842825,0.000000000000000000,0.000000000000000000
0.012024048096192385,9.902204806386393400,0.120236590956540530,0.000000000000000000,0.000000000000000000
0.015030060120240480,9.884537504398327500,0.150292747818630610,0.000000000000000000,0.000000000000000000
0.018036072144288578,9.869398784548916800,0.180346850543117170,0.000000000000000000,0.000000000000000000
0.021042084168336674,9.856655985490803600,0.210398470280186290,0.000000000000000000,0.000000000000000000
0.024048096192384769,9.846154542108351400,0.240447178213521880,0.000000000000000000,0.000000000000000000
0.027054108216432865,9.837721265954646900,0.270492545573373770,0.000000000000000000,0.000000000000000000
0.030060120240480961,9.831164538413306200,0.300534143637413040,0.000000000000000000,0.000000000000000000
0.033066132264529056,9.826275200524293000,0.330571543733736320,0.000000000000000000,0.000000000000000000
0.036072144288577156,9.822829197858510500,0.360604317250662940,0.000000000000000000,0.000000000000000000
0.039078156312625255,9.820589849547268100,0.390632035643074690,0.000000000000000000,0.000000000000000000
0.042084168336673354,9.819310605918873900,0.420654270440300290,0.000000000000000000,0.000000000000000000
0.045090180360721453,9.818735684886288300,0.450670593247851190,0.000000000000000000,0.000000000000000000
0.048096192384769552,9.818602782237492800,0.480680575754871660,0.000000000000000000,0.000000000000000000
0.051102204408817652,9.818645873953766300,0.510683789741416930,0.000000000000000000,0.000000000000000000
0.054108216432865751,9.818598226134735500,0.540679807086170250,0.000000000000000000,0.000000000000000000
0.057114228456913850,9.818193307012714800,0.570668199768807230,0.000000000000000000,0.000000000000000000
0.060120240480961949,9.817167498964119300,0.600648539876857620,0.000000000000000000,0.000000000000000000
0.063126252505010041,9.815263193994095300,0.630620399613837310,0.000000000000000000,0.000000000000000000
0.066132264529058141,9.812231162254258600,0.660583351305573110,0.000000000000000000,0.000000000000000000
0.069138276553106240,9.807831734851955500,0.690536967403565180,0.000000000000000000,0.000000000000000000
0.072144288577154339,9.801837178960600000,0.720480820491235850,0.000000000000000000,0.000000000000000000
0.075150300601202438,9.794034671587057900,0.750414483293332270,0.000000000000000000,0.000000000000000000
0.078156312625250537,9.784227718446992100,0.780337528680483890,0.000000000000000000,0.000000000000000000
0.081162324649298637,9.772237376806581100,0.810249529673689570,0.000000000000000000,0.000000000000000000
0.084168336673346736,9.757904020491935200,0.840150059449781380,0.000000000000000000,0.000000000000000000
0.087174348697394835,9.741089535629958700,0.870038691352072240,0.000000000000000000,0.000000000000000000
0.090180360721442934,9.721678028732101900,0.899914998893801440,0.000000000000000000,0.000000000000000000
0.093186372745491033,9.699576542733112200,0.929778555763163820,0.000000000000000000,0.000000000000000000
0.096192384769539133,9.674716235722479900,0.959628935827586680,0.000000000000000000,0.000000000000000000
0.099198396793587232,9.647053105011908200,0.989465713145559760,0.000000000000000000,0.000000000000000000
0.102204408817635330,9.616568277496460500,1.019288461971271400,0.000000000000000000,0.000000000000000000
0.105210420841683430,9.583267822793009900,1.049096756757506200,0.000000000000000000,0.000000000000000000
0.108216432865731530,9.547183343732491800,1.078890172161947500,0.000000000000000000,0.000000000000000000
0.111222444889779630,9.508372011508853900,1.108668283050595600,0.000000000000000000,0.000000000000000000
0.114228456913827730,9.466914497535224600,1.138430664514762800,0.000000000000000000,0.000000000000000000
0.117234468937875830,9.422914880845494800,1.168176891871942600,0.000000000000000000,0.000000000000000000
0.120240480961923930,9.376500624329642300,1.197906540665913100,0.000000000000000000,0.000000000000000000
0.123246492985972030,9.327820837900144800,1.227619186676239400,0.000000000000000000,0.000000000000000000
0.126252505010020110,9.277045729090581000,1.257314405924006500,0.000000000000000000,0.000000000000000000
0.129258517034068210,9.224363452439167300,1.286991774681685200,0.000000000000000000,0.000000000000000000
0.132264529058116310,9.169978729634236100,1.316650869478374300,0.000000000000000000,0.000000000000000000
0.135270541082164410,9.114112461010796200,1.346291267100982600,0.000000000000000000,0.000000000000000000
0.138276553106212510,9.056999057531300000,1.375912544602936100,0.000000000000000000,0.000000000000000000
0.141282565130260610,8.998884332869696600,1.405514279310312600,0.000000000000000000,0.000000000000000000
0.144288577154308710,8.940022182037969500,1.435096048830722700,0.000000000000000000,0.000000000000000000
0.147294589178356810,8.880673922084044500,1.464657431055087300,0.000000000000000000,0.000000000000000000
0.150300601202404900,8.821105728918322300,1.494198004164361700,0.000000000000000000,0.000000000000000000
0.153306613226453000,8.761585898742358900,1.523717346636513500,0.000000000000000000,0.000000000000000000
0.156312625250501100,8.702381633531942400,1.553215037254609200,0.000000000000000000,0.000000000000000000
0.159318637274549200,8.643758131395058400,1.582690655109146400,0.000000000000000000,0.000000000000000000
0.162324649298597300,8.585975941552623800,1.612143779604648100,0.000000000000000000,0.000000000000000000
0.165330661322645400,8.529287949169459500,1.641573990467583900,0.000000000000000000,0.000000000000000000
0.168336673346693500,8.473937063936851600,1.670980867752574200,0.000000000000000000,0.000000000000000000
0.171342685370741600,8.420155000063848800,1.700363991845891900,0.000000000000000000,0.000000000000000000
0.174348697394789700,8.368160014234369700,1.729722943471486300,0.000000000000000000,0.000000000000000000
0.177354709418837800,8.318154030437590100,1.759057303700365200,0.000000000000000000,0.000000000000000000
0.180360721442885900,8.270321461978952000,1.788366653954533500,0.000000000000000000,0.000000000000000000
0.183366733466934000,8.224827913399506600,1.817650576011820200,0.000000000000000000,0.000000000000000000
0.186372745490982090,8.181818535596262300,1.846908652011447300,0.000000000000000000,0.000000000000000000
0.189378757515030190,8.141416069841962900,1.876140464464349800,0.000000000000000000,0.000000000000000000
0.192384769539078290,8.103720388417194400,1.905345596255724000,0.000000000000000000,0.000000000000000000
0.195390781563126390,8.068807681701148500,1.934523630650716300,0.000000000000000000,0.000000000000000000
0.198396793587174490,8.036729513171316300,1.963674151298681500,0.000000000000000000,0.000000000000000000
0.201402805611222590,8.007512344512614200,1.992796742245307200,0.000000000000000000,0.000000000000000000
0.204408817635270690,7.981157418039535900,2.021890987935154100,0.000000000000000000,0.000000000000000000
0.207414829659318790,7.957640879835866000,2.050956473215166800,0.000000000000000000,0.000000000000000000
0.210420841683366890,7.936913463507717200,2.079992783341622100,0.000000000000000000,0.000000000000000000
0.213426853707414990,7.918901477860925000,2.108999503988324700,0.000000000000000000,0.000000000000000000
0.216432865731463090,7.903507649079561000,2.137976221253650600,0.000000000000000000,0.000000000000000000
0.219438877755511190,7.890611401873193200,2.166922521661938500,0.000000000000000000,0.000000000000000000
0.222444889779559280,7.880069945480285800,2.195837992170870800,0.000000000000000000,0.000000000000000000
0.225450901803607380,7.871719503944948600,2.224722220177329100,0.000000000000000000,0.000000000000000000
0.228456913827655480,7.865378033018275000,2.253574793527447700,0.000000000000000000,0.000000000000000000
0.231462925851703580,7.860845489560556800,2.282395300517613200,0.000000000000000000,0.000000000000000000
0.234468937875751680,7.857905705360745500,2.311183329900708700,0.000000000000000000,0.000000000000000000
0.237474949899799780,7.856328188822222300,2.339938470892187500,0.000000000000000000,0.000000000000000000
0.240480961923847880,7.855871626273922100,2.368660313179519000,0.000000000000000000,0.000000000000000000
0.243486973947895980,7.856284746859057800,2.397348446924575200,0.000000000000000000,0.000000000000000000
0.246492985971944080,7.857308421264320900,2.426002462769142100,0.000000000000000000,0.000000000000000000
0.249498997995992180,7.858678147223372400,2.454621951841332400,0.000000000000000000,0.000000000000000000
0.252505010020040280,7.860127602461590300,2.483206505764261600,0.000000000000000000,0.000000000000000000
0.255511022044088380,7.861389602012848400,2.511755716658417000,0.000000000000000000,0.000000000000000000
0.258517034068136480,7.862198570383409200,2.540269177147659100,0.000000000000000000,0.000000000000000000
0.261523046092184570,7.862293470287241300,2.568746480366423100,0.000000000000000000,0.000000000000000000
0.264529058116232670,7.861420542976746100,2.597187219966603100,0.000000000000000000,0.000000000000000000
0.267535070140280770,7.859334443874633500,2.625590990120531700,0.000000000000000000,0.000000000000000000
0.270541082164328870,7.855800656475900600,2.653957385527014000,0.000000000000000000,0.000000000000000000
0.273547094188376970,7.850598474968395000,2.682286001419892200,0.000000000000000000,0.000000000000000000
0.276553106212425070,7.843522451212548300,2.710576433572320400,0.000000000000000000,0.000000000000000000
0.279559118236473170,7.834383812597177000,2.738828278301251200,0.000000000000000000,0.000000000000000000
0.282565130260521270,7.823012328862309200,2.767041132473147400,0.000000000000000000,0.000000000000000000
0.285571142284569370,7.809258598154682000,2.795214593513432300,0.000000000000000000,0.000000000000000000
0.288577154308617470,7.792994589353056300,2.823348259408928800,0.000000000000000000,0.000000000000000000
0.291583166332665570,7.774114817128580800,2.851441728713373500,0.000000000000000000,0.000000000000000000
0.294589178356713670,7.752537452045352500,2.879494600552853400,0.000000000000000000,0.000000000000000000
0.297595190380761760,7.728205323510203500,2.907506474635972000,0.000000000000000000,0.000000000000000000
0.300601202404809860,7.701086039180123200,2.935476951255504100,0.000000000000000000,0.000000000000000000
0.303607214428857960,7.671172191161891100,2.963405631295021400,0.000000000000000000,0.000000000000000000
0.306613226452906060,7.638482284121258700,2.991292116229499400,0.000000000000000000,0.000000000000000000
0.309619238476954160,7.603059512996138900,3.019136008140651800,0.000000000000000000,0.000000000000000000
0.312625250501002260,7.564971490910767000,3.046936909720631800,0.000000000000000000,0.000000000000000000
0.315631262525050360,7.524310231820337900,3.074694424272122400,0.000000000000000000,0.000000000000000000
0.318637274549098460,7.481190952975205200,3.102408155716188900,0.000000000000000000,0.000000000000000000
0.321643286573146560,7.435752119388705900,3.130077708596538300,0.000000000000000000,0.000000000000000000
0.324649298597194660,7.388152445628364300,3.157702688090064500,0.000000000000000000,0.000000000000000000
0.327655310621242760,7.338569628928675900,3.185282700012026500,0.000000000000000000,0.000000000000000000
0.330661322645290860,7.287200187377964200,3.212817350816544500,0.000000000000000000,0.000000000000000000
0.333667334669338960,7.234257130861538900,3.240306247604467900,0.000000000000000000,0.000000000000000000
0.336673346693387050,7.179968161968012000,3.267748998129160800,0.000000000000000000,0.000000000000000000
0.339679358717435150,7.124572398261674900,3.295145210804969700,0.000000000000000000,0.000000000000000000
0.342685370741483250,7.068319612236067900,3.322494494709284900,0.000000000000000000,0.000000000000000000
0.345691382765531350,7.011468011065607800,3.349796459588186200,0.000000000000000000,0.000000000000000000
0.348697394789579450,6.954281656135116800,3.377050715862788300,0.000000000000000000,0.000000000000000000
0.351703406813627550,6.897027158976476900,3.404256874636975500,0.000000000000000000,0.000000000000000000
0.354709418837675650,6.839972699374160700,3.431414547699700400,0.000000000000000000,0.000000000000000000
0.357715430861723750,6.783385449377586700,3.458523347530948500,0.000000000000000000,0.000000000000000000
0.360721442885771850,6.727528464003114500,3.485582887309005300,0.000000000000000000,0.000000000000000000
0.363727454909819950,6.672658406347154300,3.512592780915845000,0.000000000000000000,0.000000000000000000
0.366733466933868050,6.619024050585033500,3.539552642940777500,0.000000000000000000,0.000000000000000000
0.369739478957916150,6.566863877389512700,3.566462088686178000,0.000000000000000000,0.000000000000000000
0.372745490981964240,6.516402948478215300,3.593320734175844400,0.000000000000000000,0.000000000000000000
0.375751503006012340,6.467851897287677500,3.620128196157813800,0.000000000000000000,0.000000000000000000
0.378757515030060440,6.421405083811152700,3.646884092109481800,0.000000000000000000,0.000000000000000000
0.381763527054108540,6.377238487186872400,3.673588040244238700,0.000000000000000000,0.000000000000000000
0.384769539078156640,6.335507804616224100,3.700239659518400600,0.000000000000000000,0.000000000000000000
0.387775551102204740,6.296347863745713100,3.726838569633824900,0.000000000000000000,0.000000000000000000
0.390781563126252840,6.259871135410684000,3.753384391043248500,0.000000000000000000,0.000000000000000000
0.393787575150300940,6.226166473895056600,3.779876744958270900,0.000000000000000000,0.000000000000000000
0.396793587174349040,6.195298389692234200,3.806315253354563700,0.000000000000000000,0.000000000000000000
0.399799599198397140,6.167306828551701900,3.832699538974071000,0.000000000000000000,0.000000000000000000
0.400000000000000020,6.165543504951225300,3.834456554201789200,0.000000000000000000,0.000000000000000000
0.400000000000000020,6.165543504951222600,3.834456554201793700,0.000000000000000000,0.000000000000000000
0.403006012024048120,6.140635916316050200,3.830722467004117800,0.030060120240481006,0.000000000000000000
0.406012024048096220,6.118607259203915100,3.826933379821555000,0.060120240480961963,0.000000000000000000
0.409018036072144320,6.099420056408366300,3.823088917786360100,0.090180360721442976,0.000000000000000000
0.412024048096192420,6.083012275052281500,3.819188706823435800,0.120240480961924010,0.000000000000000000
0.415030060120240520,6.069297369620302100,3.815232373650661000,0.150300601202404930,0.000000000000000000
0.418036072144288620,6.058165193351488400,3.811219545786098900,0.180360721442886150,0.000000000000000000
0.421042084168336720,6.049483237753325000,3.807149851555148100,0.210420841683367190,0.000000000000000000
0.424048096192384820,6.043097629386050300,3.803022920094369000,0.240480961923848210,0.000000000000000000
0.425652842335703500,6.040569516300863000,3.800796214131927400,0.256528423357035240,0.000000000000000000
0.425652842335703500,6.040569516300862100,3.800796214131926900,0.256528423357040180,0.000000000000000000
0.428658854359751600,6.037362069714717400,3.796580770786876200,0.286588543597521170,0.000000000000000000
0.431664866383799690,6.035975088458549500,3.792307154169306300,0.316648663838002160,0.000000000000000000
0.434670878407847790,6.036191729455138600,3.787974996326197300,0.346708784078483270,0.000000000000000000
0.437676890431895890,6.037781360329963900,3.783583930139776900,0.376768904318964150,0.000000000000000000
0.440682902455943990,6.040501255086711700,3.779133589331871200,0.406829024559445250,0.000000000000000000
0.443688914479992090,6.044098989357676600,3.774623608469844300,0.436889144799926130,0.000000000000000000
0.446694926504040190,6.048315646532591600,3.770053622973865700,0.466949265040407120,0.000000000000000000
0.449700938528088290,6.052886844289701300,3.765423269119223500,0.497009385280888230,0.000000000000000000
0.452706950552136390,6.057545226650471900,3.760732184041859000,0.527069505521369000,0.000000000000000000
0.455712962576184490,6.062023662145921100,3.755980005745315400,0.557129625761850100,0.000000000000000000
0.458718974600232590,6.066057368651105900,3.751166373105326600,0.587189746002331310,0.000000000000000000
0.461724986624280690,6.069385621239197400,3.746290925873555700,0.617249866242812200,0.000000000000000000
0.464730998648328790,6.071754353883406500,3.741353304683250300,0.647309986483293080,0.000000000000000000
0.467737010672376890,6.072919336237779600,3.736353151056558600,0.677370106723774290,0.000000000000000000
0.470743022696424980,6.072647113985001800,3.731290107406730600,0.707430226964255060,0.000000000000000000
0.473749034720473080,6.070717660101657000,3.726163817044537900,0.737490347204735830,0.000000000000000000
0.476755046744521180,6.066926343440616900,3.720973924183397200,0.767550467445217040,0.000000000000000000
0.477407668619581890,6.065838581222156000,3.719838731829713000,0.774076686195823820,0.000000000000000000
0.477407668619581890,6.065838581222156000,3.719838731829713000,0.774076686195829370,0.000000000000000000
0.480413680643629990,6.059530109766408000,3.714570949291911500,0.804136806436310360,0.000000000000000000
0.483419692667678090,6.050969489307629300,3.709238778682003400,0.834196926676791570,0.000000000000000000
0.486425704691726190,6.040013144016315400,3.703841867151702200,0.864257046917272230,0.000000000000000000
0.489431716715774290,6.026539368425097200,3.698379862776478300,0.894317167157753000,0.000000000000000000
0.492437728739822390,6.010449288594527300,3.692852414559732100,0.924377287398234660,0.000000000000000000
0.495443740763870490,5.991667922644451100,3.687259172437801000,0.954437407638715870,0.000000000000000000
0.498449752787918590,5.970145068414959500,3.681599787288417000,0.984497527879196870,0.000000000000000000
0.501455764811966630,5.945855383572350700,3.675873910932372400,1.014557648119677200,0.000000000000000000
0.504461776836014670,5.918798682065331100,3.670081196138937700,1.044617768360157900,0.000000000000000000
0.507467788860062720,5.889000567508593200,3.664221296627522900,1.074677888600638300,0.000000000000000000
0.510473800884110760,5.856511176493350000,3.658293867080606000,1.104738008841118500,0.000000000000000000
0.513479812908158810,5.821405008514640900,3.652298563145669700,1.134798129081599200,0.000000000000000000
0.516485824932206850,5.783780804412026000,3.646235041435760000,1.164858249322079800,0.000000000000000000
0.519491836956254890,5.743760323873233100,3.640102959537358600,1.194918369562560000,0.000000000000000000
0.522497848980302940,5.701487993004391800,3.633901976013739000,1.224978489803040200,0.000000000000000000
0.525503861004350980,5.657127880971053500,3.627631750414507500,1.255038610043520900,0.000000000000000000
0.528509873028399020,5.610863172418810100,3.621291943277542600,1.285098730284001300,0.000000000000000000
0.531515885052447070,5.562895336907718800,3.614882216131328100,1.315158850524481600,0.000000000000000000
0.534521897076495110,5.513441762678016100,3.608402231502142700,1.345218970764962400,0.000000000000000000
0.537527909100543160,5.462733305190909900,3.601851652919666700,1.375279091005442200,0.000000000000000000
0.540533921124591200,5.411012297016608100,3.595230144921649700,1.405339211245922600,0.000000000000000000
0.543539933148639240,5.358531219982386200,3.588537373056789100,1.435399331486403500,0.000000000000000000
0.546545945172687290,5.305550282467134300,3.581773003890095900,1.465459451726884000,0.000000000000000000
0.549551957196735330,5.252334012859454200,3.574936705009763100,1.495519571967364000,0.000000000000000000
0.552557969220783370,5.199149888945733300,3.568028145029938300,1.525579692207844600,0.000000000000000000
0.555563981244831420,5.146266149658230500,3.561046993595071700,1.555639812448325100,0.000000000000000000
0.558569993268879460,5.093948832634962000,3.553992921385770400,1.585699932688805700,0.000000000000000000
0.561576005292927500,5.042459119726300000,3.546865600124090800,1.615760052929285900,0.000000000000000000
0.564582017316975550,4.992051913200653800,3.539664702576430100,1.645820173169767000,0.000000000000000000
0.567588029341023590,4.942973371236215400,3.532389902558450000,1.675880293410247200,0.000000000000000000
0.570594041365071640,4.895457811515717200,3.525040874941828100,1.705940413650727500,0.000000000000000000
0.573600053389119680,4.849726563101131500,3.517617295656836800,1.736000533891208300,0.000000000000000000
0.576606065413167720,4.805985994786905000,3.510118841696754800,1.766060654131688600,0.000000000000000000
0.579612077437215770,4.764425146428688000,3.502545191123949100,1.796120774372169200,0.000000000000000000
0.582618089461263810,4.725214109677194700,3.494896023074386600,1.826180894612649200,0.000000000000000000
0.585624101485311850,4.688503008499767900,3.487171017760808400,1.856241014853129900,0.000000000000000000
0.588630113509359900,4.654420455038653000,3.479369856477316300,1.886301135093610500,0.000000000000000000
0.591636125533407940,4.623071956440301600,3.471492221606511800,1.916361255334090700,0.000000000000000000
0.594642137557455990,4.594539508306923800,3.463537796621667400,1.946421375574571000,0.000000000000000000
0.597648149581504030,4.568880757044631500,3.455506266090917500,1.976481495815051600,0.000000000000000000
0.600654161605552070,4.546128365254118000,3.447397315682248800,2.006541616055531800,0.000000000000000000
0.603660173629600120,4.526289768486529800,3.439210632170627900,2.036601736296012300,0.000000000000000000
0.606666185653648160,4.509347155752646300,3.430945903438833400,2.066661856536493100,0.000000000000000000
0.609672197677696200,4.495257583830682100,3.422602818482866700,2.096721976776973100,0.000000000000000000
0.612678209701744250,4.483953396394631400,3.414181067417446400,2.126782097017454000,0.000000000000000000
0.614297441573768870,4.478987293183512200,3.409611860849265600,2.142974415737700400,0.000000000000000000
0.614297441573768870,4.478987293183512200,3.409611860849265200,2.142974415737708000,0.000000000000000000
0.617303453597816910,4.471781540945574600,3.401068466394100200,2.173034535978188900,0.000000000000000000
0.620309465621864950,4.467082797448085800,3.392445624185811900,2.203094656218669300,0.000000000000000000
0.623315477645913000,4.464742337735738300,3.383743028331324800,2.233154776459148800,0.000000000000000000
0.626321489669961040,4.464591225083615300,3.374960374075825600,2.263214896699629700,0.000000000000000000
0.629327501694009080,4.466441445213855700,3.366097357805926600,2.293275016940110600,0.000000000000000000
0.632333513718057130,4.470087488039657900,3.357153677054314200,2.323335137180590600,0.000000000000000000
0.635339525742105170,4.475309335021307800,3.348129030506361100,2.353395257421071500,0.000000000000000000
0.638345537766153210,4.481873422610654200,3.339023118002240100,2.383455377661551000,0.000000000000000000
0.641351549790201260,4.489534580102504600,3.329835640540998600,2.413515497902031900,0.000000000000000000
0.644357561814249300,4.498038665526427900,3.320566300285748600,2.443575618142513200,0.000000000000000000
0.647363573838297350,4.507125291373909300,3.311214800568701700,2.473635738382992300,0.000000000000000000
0.650369585862345390,4.516529165378815800,3.301780845893594200,2.503695858623473700,0.000000000000000000
0.653375597886393430,4.525982604620800500,3.292264141940223900,2.533755978863953200,0.000000000000000000
0.656381609910441480,4.535218904441690000,3.282664395570366300,2.563816099104434100,0.000000000000000000
0.659387621934489520,4.543973781274940100,3.272981314830302000,2.593876219344913200,0.000000000000000000
0.662393633958537560,4.551987629265426000,3.263214608954785800,2.623936339585394100,0.000000000000000000
0.665399645982585610,4.559008537686918500,3.253363988372465900,2.653996459825875000,0.000000000000000000
0.668405658006633650,4.564794358782030800,3.243429164709728900,2.684056580066354900,0.000000000000000000
0.671411670030681700,4.569114310659602800,3.233409850793723900,2.714116700306836700,0.000000000000000000
0.674417682054729740,4.571751404783863200,3.223305760657091800,2.744176820547315800,0.000000000000000000
0.677423694078777780,4.572504883599203000,3.213116609543262800,2.774236940787796300,0.000000000000000000
0.680429706102825830,4.571191190943582500,3.202842113908735300,2.804297061028276700,0.000000000000000000
0.683435718126873870,4.567645769501276700,3.192481991427079400,2.834357181268757600,0.000000000000000000
0.686441730150921910,4.561725082972754900,3.182035960994900500,2.864417301509238500,0.000000000000000000
0.689447742174969960,4.553307443590041400,3.171503742734399300,2.894477421749718900,0.000000000000000000
0.690488339420510580,4.549792976863346700,3.167837650613648300,2.904883394205125800,0.000000000000000000
0.690488339420510580,4.549792976863343200,3.167837650613645600,2.904883394205134600,0.000000000000000000
0.693494351444558620,4.537862353686293200,3.157188968900802400,2.934943514445614600,0.000000000000000000
0.696500363468606660,4.523240898454508500,3.146453447551376100,2.965003634686095500,0.000000000000000000
0.699506375492654710,4.505887010391884200,3.135630810818554900,2.995063754926575500,0.000000000000000000
0.702512387516702750,4.485784209484240400,3.124720784198809400,3.025123875167055500,0.000000000000000000
0.705518399540750800,4.462941229752610500,3.113723094434462300,3.055183995407536800,0.000000000000000000
0.708524411564798840,4.437392040571023900,3.102637469519324800,3.085244115648015900,0.000000000000000000
0.709793196512152220,4.425809395007297200,3.097931965121549300,3.097931965121549800,0.000000000000000000
0.709793196512152220,4.425809395007290100,3.097931965121547100,3.097931965121558200,0.000000000000000000
0.712799208536200270,4.396518892780985500,3.107356454274996500,3.107356454275008100,0.000000000000000000
0.715805220560248310,4.364706752262423900,3.116736649045772200,3.116736649045783300,0.000000000000000000
0.718811232584296360,4.330489491423360700,3.126072415585810400,3.126072415585821500,0.000000000000000000
0.721817244608344400,4.294005599992396500,3.135363620681381700,3.135363620681393300,0.000000000000000000
0.724823256632392440,4.255414915349807500,3.144610131753952800,3.144610131753963400,0.000000000000000000
0.727829268656440490,4.214897153630614600,3.153811816862550600,3.153811816862562200,0.000000000000000000
0.730835280680488530,4.172649584753969500,3.162968544706260800,3.162968544706271900,0.000000000000000000
0.733841292704536570,4.128885417425469700,3.172080184625944100,3.172080184625954800,0.000000000000000000
0.736847304728584620,4.083832624628360700,3.181146606605354900,3.181146606605366000,0.000000000000000000
0.739853316752632660,4.037731739337314000,3.190167681273305100,3.190167681273316600,0.000000000000000000
0.742859328776680710,3.990832744570481000,3.199143279906240300,3.199143279906251400,0.000000000000000000
0.745865340800728750,3.943393765747903700,3.208073274429329200,3.208073274429341200,0.000000000000000000
0.748871352824776790,3.895678926590260700,3.216957537418185800,3.216957537418197300,0.000000000000000000
0.751877364848824840,3.847955358856239600,3.225795942101186600,3.225795942101197200,0.000000000000000000
0.754883376872872880,3.800490796064188700,3.234588362361286300,3.234588362361297900,0.000000000000000000
0.757889388896920920,3.753551916835414600,3.243334672737277400,3.243334672737288900,0.000000000000000000
0.760895400920968970,3.707401601936027600,3.252034748425849800,3.252034748425860900,0.000000000000000000
0.763901412945017010,3.662295983603547400,3.260688465283845700,3.260688465283856800,0.000000000000000000
0.766907424969065050,3.618483082302485600,3.269295699829337700,3.269295699829347900,0.000000000000000000
0.769913436993113100,3.576200454324920800,3.277856329243441300,3.277856329243452800,0.000000000000000000
0.772919449017161140,3.535672314287928900,3.286370231372770100,3.286370231372781200,0.000000000000000000
0.775925461041209190,3.497108306429309800,3.294837284730508700,3.294837284730520300,0.000000000000000000
0.778931473065257230,3.460701638773123100,3.303257368498067500,3.303257368498078600,0.000000000000000000
0.781937485089305270,3.426626833303466800,3.311630362527404600,3.311630362527415700,0.000000000000000000
0.784943497113353320,3.395038461226288300,3.319956147342429300,3.319956147342440800,0.000000000000000000
0.787949509137401360,3.366069965194854200,3.328234604140463100,3.328234604140473800,0.000000000000000000
0.790955521161449400,3.339832165924486500,3.336465614794305700,3.336465614794317200,0.000000000000000000
0.791263100446302550,3.337305142727905700,3.337305142727905700,3.337305142727916300,0.000000000000000000
0.791263100446302550,3.337305142727899500,3.337305142727908300,3.337305142727919000,0.000000000000000000
0.794269112470350590,3.335048381291646700,3.335048381291656000,3.335048381291665800,0.000000000000000000
0.797275124494398630,3.333721896326612200,3.333721896326621100,3.333721896326631300,0.000000000000000000
0.799999999999973950,3.333333364042194300,3.333333364042203200,3.333333364042213400,0.000000000000000000
0.799999999999973950,3.333333364042194700,3.333333364042202300,3.333333364042214300,0.000000000000000000
0.800000000000000040,3.333333364042194700,3.333333364042202300,3.333333364042214300,0.000000000000000000
0.800000000000000040,3.333333364042194300,3.333333364042201800,3.333333364042213800,0.000000000000000000
0.803006012024048090,3.333806143556614200,3.333806143556621300,3.333806143556633700,0.000000000000000000
0.806012024048096130,3.335220262280039100,3.335220262280046600,3.335220262280057700,0.000000000000000000
0.809018036072144180,3.337563124760114500,3.337563124760123000,3.337563124760134500,0.000000000000000000
0.812024048096192220,3.340813847089386900,3.340813847089393600,3.340813847089405500,0.000000000000000000
0.815030060120240260,3.344943464201903400,3.344943464201910900,3.344943464201923300,0.000000000000000000
0.818036072144288310,3.349915169233505200,3.349915169233512700,3.349915169233524700,0.000000000000000000
0.821042084168336350,3.355684660713188300,3.355684660713196700,3.355684660713208300,0.000000000000000000
0.824048096192384390,3.362200520874326000,3.362200520874333500,3.362200520874346800,0.000000000000000000
0.827054108216432440,3.369404682853466100,3.369404682853473600,3.369404682853485200,0.000000000000000000
0.827505723236434120,3.370542588773004500,3.370542588773012000,3.370542588773024000,0.000000000000000000
0.827505723236434120,3.370542588773005400,3.370542588773013400,3.370542588773024900,0.000000000000000000
0.830511735260482160,3.378458715198799000,3.378458715198807000,3.378458715198819000,0.000000000000000000
0.831167241417544940,3.380259655288438700,3.380259655288446300,3.380259655288457800,0.000000000000000000
0.831167241417544940,3.380259655288439200,3.380259655288447600,3.380259655288458700,0.000000000000000000
0.831167241417555490,3.380259655288473800,3.380259655288474300,3.380259655288485400,0.000000000000000000
0.831167241417555490,3.380259655288476100,3.380259655288476100,3.380259655288487200,0.000000000000000000
0.834173253441603530,3.390891751866786500,3.387795882234605500,3.387795882234616100,0.000000000000000000
0.837179265465651580,3.402975342096609800,3.395282932821899600,3.395282932821910700,0.000000000000000000
0.840185277489699620,3.416269181195628100,3.402720700215664100,3.402720700215674700,0.000000000000000000
0.843191289513747670,3.430522730089019300,3.410109078284854000,3.410109078284865100,0.000000000000000000
0.846197301537795710,3.445477554064148700,3.417447961603014200,3.417447961603026700,0.000000000000000000
0.849203313561843750,3.460869505375724100,3.424737245449730200,3.424737245449740900,0.000000000000000000
0.852209325585891800,3.476431826610397700,3.431976825812585100,3.431976825812597100,0.000000000000000000
0.855215337609939840,3.491897185961406500,3.439166599388431900,3.439166599388442600,0.000000000000000000
0.858221349633987880,3.506999597703498200,3.446306463584574200,3.446306463584585300,0.000000000000000000
0.861227361658035930,3.521477385133573400,3.453396316520601400,3.453396316520612500,0.000000000000000000
0.864233373682083970,3.535075617936547200,3.460436057029908400,3.460436057029919500,0.000000000000000000
0.867239385706132020,3.547547702205480200,3.467425584660705200,3.467425584660716700,0.000000000000000000
0.870245397730180060,3.558657951967526800,3.474364799677678300,3.474364799677689900,0.000000000000000000
0.873251409754228100,3.568184143733768900,3.481253603063739100,3.481253603063750600,0.000000000000000000
0.876196202777878910,3.575780311824659400,3.487953135612639400,3.487953135612650100,0.000000000000000000
0.876196202777878910,3.575780311824661600,3.487953135612641600,3.487953135612652700,0.000000000000000000
0.879202214801926950,3.581574803223838400,3.494741853180532300,3.494741853180543400,0.000000000000000000
0.882208226825974990,3.585218162804436800,3.501479868352366700,3.501479868352377800,0.000000000000000000
0.885214238850023040,3.586558180848926200,3.508167084981999500,3.508167084982010600,0.000000000000000000
0.888220250874071080,3.585463956519538100,3.514803407648057200,3.514803407648068800,0.000000000000000000
0.891226262898119130,3.581827039442651000,3.521388741655117700,3.521388741655129300,0.000000000000000000
0.894232274922167170,3.575562644989824800,3.527922993035468300,3.527922993035479800,0.000000000000000000
0.897238286946215210,3.566610429548528600,3.534406068550595600,3.534406068550606700,0.000000000000000000
0.900000000000000020,3.555985714707341000,3.540317078107355200,3.540317078107366300,0.000000000000000000
0.900000000000000020,3.555985714707336200,3.540317078107357900,3.540317078107370300,0.000000000000000000
0.903006012024048070,3.541798130752596800,3.531671642432164600,3.531671642432177000,0.030060120240480621
0.906012024048096110,3.524889408527268000,3.522974762933823300,3.522974762933835300,0.060120240480961235
0.906599721971185770,3.521268437944435400,3.521268437944435900,3.521268437944447900,0.065997219711857832
0.906599721971185770,3.521268437944429700,3.521268437944432800,3.521268437944447400,0.065997219711867838
0.909605733995233810,3.508726143089788300,3.508726143089790500,3.508726143089805100,0.096057339952348261
0.912611746019281860,3.495281023038106800,3.495281023038108600,3.495281023038124200,0.126117460192828710
0.915617758043329900,3.480963595726683100,3.480963595726684900,3.480963595726700900,0.156177580433309150
0.918623770067377940,3.465812165339120700,3.465812165339124300,3.465812165339138900,0.186237700673789590
0.921629782091425990,3.449872448831276600,3.449872448831279300,3.449872448831294000,0.216297820914269990
0.924635794115474030,3.433197220491237100,3.433197220491240200,3.433197220491255800,0.246357941154750510
0.927641806139522070,3.415845767684856100,3.415845767684857500,3.415845767684873500,0.276418061395231120
0.930647818163570120,3.397883439400440200,3.397883439400442500,3.397883439400458000,0.306478181635711330
0.933653830187618160,3.379381005077450000,3.379381005077452200,3.379381005077466900,0.336538301876191770
0.936659842211666200,3.360414067024538400,3.360414067024541000,3.360414067024556100,0.366598422116672210
0.939665854235714250,3.341062345994715100,3.341062345994717300,3.341062345994732800,0.396658542357152640
0.942671866259762290,3.321409013509725400,3.321409013509728500,3.321409013509743600,0.426718662597633140
0.945677878283810340,3.301539908542447500,3.301539908542450200,3.301539908542465700,0.456778782838113680
0.948683890307858380,3.281542809912631600,3.281542809912634700,3.281542809912649800,0.486838903078594010
0.951689902331906420,3.261506623323337200,3.261506623323339800,3.261506623323355400,0.516899023319074450
0.954695914355954470,3.241520616734204600,3.241520616734207700,3.241520616734222800,0.546959143559554660
0.957701926380002510,3.221673596257242300,3.221673596257244500,3.221673596257260500,0.577019263800035320
0.960707938404050550,3.202053140757694200,3.202053140757696400,3.202053140757711500,0.607079384040515870
0.963713950428098600,3.182744804644850300,3.182744804644853000,3.182744804644868500,0.637139504280996300
0.966719962452146640,3.163831361044814100,3.163831361044818100,3.163831361044831900,0.667199624521476740
0.969725974476194690,3.145392067722405200,3.145392067722407400,3.145392067722422500,0.697259744761956960
0.972731986500242730,3.127501949472208100,3.127501949472210700,3.127501949472226300,0.727319865002437500
0.975737998524290770,3.110231147954452400,3.110231147954454700,3.110231147954469800,0.757379985242917830
0.978744010548338820,3.093644271338836100,3.093644271338838300,3.093644271338853000,0.787440105483398380
0.981750022572386860,3.077799851729952100,3.077799851729954700,3.077799851729969400,0.817500225723878930
0.984756034596434900,3.062749783878284700,3.062749783878286900,3.062749783878302900,0.847560345964359470
0.987762046620482950,3.048538899311510300,3.048538899311513500,3.048538899311528100,0.877620466204839690
0.990768058644530990,3.035204543189027300,3.035204543189030900,3.035204543189045500,0.907680586445320240
0.993774070668579030,3.022776252445846400,3.022776252445848600,3.022776252445863700,0.937740706685800450
0.996780082692627080,3.011275488246048000,3.011275488246050200,3.011275488246065300,0.967800826926281110
0.998935644938436900,3.003607193689575600,3.003607193689578300,3.003607193689593400,0.989356449384378610
0.998935644938436900,3.003607193689572100,3.003607193689575200,3.003607193689590300,0.989356449384389710
1.000333289232151000,2.998894885099213400,2.998894885099216500,2.998894885099231600,1.003332892321531000
1.000333289232151000,2.998894885099211200,2.998894885099213900,2.998894885099229400,1.003332892321542100
1.000333289232156800,2.998894885099194300,2.998894885099194300,2.998894885099209900,1.003332892321599800
1.000333289232156800,2.998894885099190800,2.998894885099189900,2.998894885099205400,1.003332892321610900
1.003339301256204900,2.991381551094883600,2.988487758759078800,2.988487758759095200,1.033393012562090000
1.006345313280252900,2.986797405361314000,2.978026576394467600,2.978026576394483100,1.063453132802571100
1.009351325304300900,2.985101973617481100,2.967511272810930700,2.967511272810945800,1.093513253043051400
1.012357337328349000,2.986230127109370500,2.956941783586464200,2.956941783586479700,1.123573373283531400
1.015363349352397000,2.990092448407818600,2.946318045072132000,2.946318045072147100,1.153633493524012200
1.018369361376445100,2.996575709246387800,2.935639994392817100,2.935639994392832600,1.183693613764492900
1.021375373400493100,3.005545029117846900,2.924907569448927700,2.924907569448944100,1.213753734004973100
1.024381385424541200,3.016844157691773700,2.914120708916604600,2.914120708916620100,1.243813854245453300
1.027387397448589200,3.030296762766611100,2.903279352248533000,2.903279352248548900,1.273873974485933800
1.030393409472637200,3.045708117874713400,2.892383439675001400,2.892383439675017400,1.303934094726414200
1.033399421496685300,3.062867660100622800,2.881432912205048600,2.881432912205064100,1.333994214966894600
1.036405433520733300,3.081549913261706600,2.870427711626875900,2.870427711626891500,1.364054335207375100
1.039411445544781400,3.101516503904562200,2.859367780508729900,2.859367780508745000,1.394114455447855500
1.042417457568829400,3.122518914673611000,2.848253062199936500,2.848253062199951600,1.424174575688335500
1.045423469592877500,3.144300527362588100,2.837083500831646200,2.837083500831661300,1.454234695928815900
1.048429481616925500,3.166598345783914900,2.825859041317436900,2.825859041317452900,1.484294816169296400
1.051435493640973600,3.189145827921863000,2.814579629354272400,2.814579629354287100,1.514354936409777300
1.054441505665021600,3.211675584320065300,2.803245211423368100,2.803245211423383200,1.544415056650258100
1.057447517689069600,3.233920961992156500,2.791855734790709600,2.791855734790724700,1.574475176890738300
1.060453529713117700,3.255618726564408300,2.780411147507893900,2.780411147507909000,1.604535297131218300
1.063459541737165700,3.276512007070945000,2.768911398413068000,2.768911398413083100,1.634595417371698800
1.066465553761213800,3.296351741188561700,2.757356437131386300,2.757356437131401900,1.664655537612179000
1.069471565785261800,3.314899037886384300,2.745746214075768700,2.745746214075784200,1.694715657852660100
1.072477577809309900,3.331928016909524400,2.734080680447851900,2.734080680447867500,1.724775778093140500
1.075483589833357900,3.347227046606263000,2.722359788238426900,2.722359788238442000,1.754835898333620300
1.078489601857405900,3.360600686648120800,2.710583490228112500,2.710583490228128100,1.784896018574101000
1.081495613881454000,3.371872009192894200,2.698751739988285900,2.698751739988301000,1.814956138814582300
1.084501625905502000,3.380883720162391800,2.686864491881555000,2.686864491881570500,1.845016259055062500
1.087507637929550100,3.387499451080581400,2.674921701062324100,2.674921701062340100,1.875076379295542700
1.090513649953598100,3.391605295131077600,2.662923323477612800,2.662923323477627900,1.905136499536022900
1.093519661977646200,3.393110841824003900,2.650869315867733400,2.650869315867749000,1.935196619776503600
1.096525674001694200,3.391949648448590700,2.638759635766700900,2.638759635766716500,1.965256740016983800
1.099531686025742200,3.388080079118097400,2.626594241502768800,2.626594241502783900,1.995316860257463600
1.102537698049790300,3.381485662909124600,2.614373092199451200,2.614373092199466800,2.025376980497944200
1.105543710073838300,3.372175180734891000,2.602096147775816000,2.602096147775831100,2.055437100738424700
1.107437506272096300,3.364929230223422600,2.594332971669227400,2.594332971669242900,2.074375062721001600
1.107437506272096300,3.364929230223416800,2.594332971669222100,2.594332971669238000,2.074375062721016200
1.110443518296144300,3.351275534829270000,2.581964997192584700,2.581964997192600600,2.104435182961496700
1.113449530320192300,3.335048394598765700,2.569541125984200500,2.569541125984216000,2.134495303201977100
1.116455542344240400,3.316345939472526500,2.557061320855811300,2.557061320855826800,2.164555423442457500
1.119461554368288400,3.295289327117390900,2.544525545417291000,2.544525545417308400,2.194615543682937500
1.122467566392336500,3.272021874870366900,2.531933764077076700,2.531933764077092700,2.224675663923418900
1.125473578416384500,3.246707885695670400,2.519285942042698500,2.519285942042714500,2.254735784163898900
1.128479590440432600,3.219530182427263700,2.506582045321558400,2.506582045321574800,2.284795904404378900
1.131485602464480600,3.190689516889628800,2.493822040721097400,2.493822040721113400,2.314856024644860200
1.134491614488528600,3.160402746310415600,2.481005895849304600,2.481005895849320200,2.344916144885339700
1.137497626512576700,3.128900443800751900,2.468133579115297000,2.468133579115313400,2.374976265125820600
1.140503638536624700,3.096424655310464800,2.455205059729791600,2.455205059729807200,2.405036385366300600
1.143509650560672800,3.063227571688311300,2.442220307705377500,2.442220307705393400,2.435096505606782800
1.144006758329731500,3.057686182726037800,2.440067583297354000,2.440067583297369500,2.440067583297369100
1.144006758329731500,3.057686182726024400,2.440067583297349100,2.440067583297365100,2.440067583297383300
1.147012770353779600,3.023976121371730700,2.441387409584741900,2.441387409584757900,2.441387409584776500
1.150018782377827600,2.990113035704061500,2.442669705990610000,2.442669705990625500,2.442669705990644100
1.153024794401875700,2.956364198729913200,2.443914454217596800,2.443914454217612300,2.443914454217631000
1.156030806425923700,2.922997096607356000,2.445121636504105700,2.445121636504121700,2.445121636504140400
1.159036818449971800,2.890277121682780900,2.446291235624542500,2.446291235624559000,2.446291235624576700
1.162042830474019800,2.858464496080091800,2.447423234889640800,2.447423234889656700,2.447423234889675400
1.165048842498067800,2.827812391600878600,2.448517618146651500,2.448517618146667500,2.448517618146685200
1.168054854522115900,2.798564976636048300,2.449574369779539100,2.449574369779554700,2.449574369779573800
1.171060866546163900,2.770954626965014700,2.450593474709276800,2.450593474709293200,2.450593474709311000
1.174066878570212000,2.745200042253447500,2.451574918394035400,2.451574918394051400,2.451574918394069600
1.177072890594260000,2.721504703648603300,2.452518686829345800,2.452518686829361400,2.452518686829380000
1.180078902618308100,2.700054613235237400,2.453424766548354600,2.453424766548370200,2.453424766548388800
1.183084914642356100,2.681016571192909000,2.454293144622017800,2.454293144622033700,2.454293144622051500
1.186090926666404100,2.664537145288651900,2.455123808659238600,2.455123808659254600,2.455123808659272800
1.189096938690452200,2.650741123643809400,2.455916746807057700,2.455916746807074200,2.455916746807092400
1.192102950714500200,2.639730135805210300,2.456671947750883600,2.456671947750899600,2.456671947750918200
1.195108962738548300,2.631582210664503900,2.457389400714566500,2.457389400714582900,2.457389400714600700
1.198114974762596300,2.626350808189507300,2.458069095460602100,2.458069095460618100,2.458069095460636300
1.201120986786644400,2.624064404232647500,2.458711022290269700,2.458711022290285300,2.458711022290303000
1.202564885830414300,2.624015115107189500,2.459005933195054000,2.459005933195070000,2.459005933195088200
1.202564885830414300,2.624015115107190000,2.459005933195054400,2.459005933195070900,2.459005933195088600
1.205570897854462400,2.626086876157912400,2.459591934119885100,2.459591934119901500,2.459591934119919300
1.208576909878510400,2.631065260172958300,2.460140145398590900,2.460140145398606900,2.460140145398625100
1.211582921902558500,2.638891328658542700,2.460650559208630700,2.460650559208647200,2.460650559208664500
1.214588933926606500,2.649481820466730800,2.461123168266802400,2.461123168266819300,2.461123168266836600
1.217594945950654500,2.662729776596358900,2.461557965829335600,2.461557965829351200,2.461557965829369400
1.220600957974702600,2.678505129993304000,2.461954945691977600,2.461954945691994000,2.461954945692011800
1.223606969998750600,2.696656993225000000,2.462314102190146700,2.462314102190163100,2.462314102190180900
1.226612982022798700,2.717014176507511500,2.462635430198963700,2.462635430198981000,2.462635430198998800
1.229618994046846700,2.739386538696837500,2.462918925133317200,2.462918925133333700,2.462918925133351400
1.232625006070894800,2.763566898672257900,2.463164582947944000,2.463164582947960000,2.463164582947978700
1.235631018094942800,2.789333548592073200,2.463372400137505500,2.463372400137521900,2.463372400137540100
1.238637030118990800,2.816451297218919100,2.463542373736607300,2.463542373736623800,2.463542373736640600
1.241643042143038900,2.844673666802088000,2.463674501319852000,2.463674501319867500,2.463674501319886200
1.244649054167086900,2.873745830757195900,2.463768781001884900,2.463768781001901300,2.463768781001919100
1.247655066191135000,2.903406210207329300,2.463825211437407500,2.463825211437423500,2.463825211437440800
1.250633696728621800,2.933115144434175600,2.463843793391461600,2.463843793391478100,2.463843793391495800
1.250633696728621800,2.933115144434186700,2.463843793391460800,2.463843793391476700,2.463843793391495000
1.250706022090164700,2.933838237750069600,2.463843793391460800,2.463843793391476700,2.463843793391495000
1.250706022090164700,2.933838237750082900,2.463843793391460800,2.463843793391476700,2.463843793391495000
1.250713254223293300,2.933910541109396400,2.463843793391460300,2.463843793391476700,2.463843793391495000
1.250713254223293300,2.933910541109410200,2.463843793391460800,2.463843793391476700,2.463843793391495000
1.253719266247341300,2.963886782845667900,2.463843793391460800,2.463843793391477200,2.463843793391495000
1.256725278271389400,2.993532146781757900,2.463843793391460800,2.463843793391476300,2.463843793391495000
1.259731290295437400,3.022582702387995600,2.463843793391460800,2.463843793391476700,2.463843793391494500
1.262737302319485400,3.050779583188856200,2.463843793391460800,2.463843793391476700,2.463843793391495000
1.265743314343533500,3.077871259812364100,2.463843793391460300,2.463843793391476300,2.463843793391494500
1.268749326367581500,3.103616486192173300,2.463843793391460300,2.463843793391476700,2.463843793391494500
1.271755338391629600,3.127785898411311800,2.463843793391460800,2.463843793391476300,2.463843793391495000
1.274761350415677600,3.150163896543618100,2.463843793391460800,2.463843793391476700,2.463843793391495400
1.277767362439725700,3.170551142689900000,2.463843793391461200,2.463843793391477200,2.463843793391495800
1.280773374463773700,3.188766074249340700,2.463843793391460800,2.463843793391476700,2.463843793391495000
1.283779386487821700,3.204646227828619400,2.463843793391460800,2.463843793391476300,2.463843793391494500
1.286785398511869800,3.218050041679821700,2.463843793391460300,2.463843793391476700,2.463843793391494500
1.289791410535917800,3.228858222981171500,2.463843793391461600,2.463843793391477600,2.463843793391496300
1.292797422559965900,3.236974395287556000,2.463843793391460800,2.463843793391477200,2.463843793391495000
1.295803434584013900,3.242326149957561700,2.463843793391460300,2.463843793391476300,2.463843793391494100
1.298809446608062000,3.244865865339555500,2.463843793391460800,2.463843793391477200,2.463843793391495400
1.301815458632110000,3.244570869893333300,2.463843793391461600,2.463843793391477600,2.463843793391495800
1.304821470656158100,3.241443742077554400,2.463843793391460300,2.463843793391476700,2.463843793391495400
1.307827482680206100,3.235512623958437800,2.463843793391460800,2.463843793391476700,2.463843793391494500
1.310833494704254100,3.226830222269560200,2.463843793391460800,2.463843793391477200,2.463843793391495400
1.313839506728302200,3.215473710583113500,2.463843793391460300,2.463843793391476300,2.463843793391494500
1.316845518752350200,3.201544298219821400,2.463843793391459900,2.463843793391476300,2.463843793391494100
1.319851530776398300,3.185166403013955700,2.463843793391461200,2.463843793391476700,2.463843793391495000
1.322857542800446300,3.166486098861003700,2.463843793391460800,2.463843793391476300,2.463843793391495000
1.325863554824494400,3.145669404396076500,2.463843793391460800,2.463843793391476700,2.463843793391495400
1.328869566848542400,3.122901896859650700,2.463843793391461200,2.463843793391477600,2.463843793391495800
1.331875578872590400,3.098386717759039400,2.463843793391460300,2.463843793391476300,2.463843793391494100
1.334881590896638500,3.072342356771474900,2.463843793391460800,2.463843793391477200,2.463843793391495400
1.337887602920686500,3.045000615348008000,2.463843793391460800,2.463843793391476300,2.463843793391494500
1.340893614944734600,3.016605262415490000,2.463843793391460300,2.463843793391475900,2.463843793391494100
1.343899626968782600,2.987409617205473800,2.463843793391460800,2.463843793391476300,2.463843793391495000
1.346905638992830700,2.957673532115823600,2.463843793391461200,2.463843793391476700,2.463843793391495000
1.349911651016878700,2.927662025328448400,2.463843793391460800,2.463843793391476700,2.463843793391494500
1.352917663040926800,2.897642829144590100,2.463843793391460800,2.463843793391476700,2.463843793391495000
1.355923675064974800,2.867883216660843000,2.463843793391460800,2.463843793391476700,2.463843793391495000
1.358929687089022800,2.838648351801305500,2.463843793391460800,2.463843793391476700,2.463843793391495000
1.361935699113070900,2.810199017348455000,2.463843793391460300,2.463843793391476700,2.463843793391495000
1.364941711137118900,2.782788579729312600,2.463843793391461200,2.463843793391477600,2.463843793391495400
1.367947723161167000,2.756661220866456500,2.463843793391459900,2.463843793391475900,2.463843793391494100
1.370953735185215000,2.732049993093650800,2.463843793391460800,2.463843793391477200,2.463843793391495000
1.373959747209263100,2.709174139964727800,2.463843793391460800,2.463843793391476700,2.463843793391494500
1.376965759233311100,2.688237397770078600,2.463843793391461200,2.463843793391477200,2.463843793391495400
1.379971771257359100,2.669426505105474400,2.463843793391460300,2.463843793391477200,2.463843793391495000
1.382977783281407200,2.652909108123983300,2.463843793391460800,2.463843793391476700,2.463843793391495000
1.385983795305455200,2.638832255948074600,2.463843793391460800,2.463843793391476700,2.463843793391495000
1.388989807329503300,2.627321476886706400,2.463843793391461200,2.463843793391476700,2.463843793391495000
1.391995819353551300,2.618479435097913900,2.463843793391460800,2.463843793391476700,2.463843793391495000
1.395001831377599400,2.612384802224816800,2.463843793391460800,2.463843793391476700,2.463843793391495000
1.398007843401647400,2.609091946429026500,2.463843793391460300,2.463843793391476300,2.463843793391495000
1.401013855425695500,2.608630197966558500,2.463843793391460800,2.463843793391476700,2.463843793391495000
1.404019867449743500,2.611003664138114500,2.463843793391460800,2.463843793391476700,2.463843793391495400
1.407025879473791500,2.616191225632417300,2.463843793391460800,2.463843793391476700,2.463843793391495000
1.410031891497839600,2.624146697549706100,2.463843793391459900,2.463843793391476700,2.463843793391494500
1.413037903521887600,2.634799019177082700,2.463843793391460300,2.463843793391476700,2.463843793391494100
1.416043915545935700,2.648053355168026100,2.463843793391460300,2.463843793391475900,2.463843793391494500
1.419049927569983700,2.663791698296249100,2.463843793391461200,2.463843793391477200,2.463843793391495400
1.422055939594031800,2.681873699624945500,2.463843793391460800,2.463843793391477200,2.463843793391495000
1.425061951618079800,2.702138021422679800,2.463843793391460300,2.463843793391476700,2.463843793391495000
1.428067963642127800,2.724404386649247600,2.463843793391460800,2.463843793391476700,2.463843793391495000
1.431073975666175900,2.748474347291241400,2.463843793391461200,2.463843793391476700,2.463843793391495000
1.434079987690223900,2.774133121358233600,2.463843793391461200,2.463843793391477200,2.463843793391495400
1.437085999714272000,2.801152222817615100,2.463843793391460800,2.463843793391477200,2.463843793391495400
1.440092011738320000,2.829291008431053200,2.463843793391460800,2.463843793391477200,2.463843793391495400
1.443098023762368100,2.858298490010243500,2.463843793391460800,2.463843793391476700,2.463843793391495000
1.446104035786416100,2.887916151282812600,2.463843793391461200,2.463843793391476700,2.463843793391495400
1.449110047810464200,2.917880289976489700,2.463843793391459900,2.463843793391475900,2.463843793391494500
1.452116059834512200,2.947923708095402600,2.463843793391460300,2.463843793391476300,2.463843793391495000
1.455122071858560200,2.977778552845516300,2.463843793391460300,2.463843793391476300,2.463843793391494100
1.458128083882608300,3.007179039890953000,2.463843793391459900,2.463843793391476700,2.463843793391493600
1.461134095906656300,3.035863047651092400,2.463843793391460800,2.463843793391476300,2.463843793391495000
1.464140107930704400,3.063574776778049500,2.463843793391460300,2.463843793391476700,2.463843793391494500
1.467146119954752400,3.090067541486785100,2.463843793391460800,2.463843793391476700,2.463843793391495400
1.470152131978800500,3.115105186339010200,2.463843793391461200,2.463843793391476700,2.463843793391494500
1.473158144002848500,3.138464370435457800,2.463843793391460300,2.463843793391476700,2.463843793391494500
1.476164156026896500,3.159937171376357300,2.463843793391460800,2.463843793391476700,2.463843793391495000
1.479170168050944600,3.179332213227084000,2.463843793391461200,2.463843793391477200,2.463843793391495000
1.482176180074992600,3.196476459319137500,2.463843793391460800,2.463843793391476700,2.463843793391495000
1.485182192099040700,3.211217280060432600,2.463843793391460800,2.463843793391476700,2.463843793391494500
1.488188204123088700,3.223423349264257000,2.463843793391461600,2.463843793391477600,2.463843793391495800
1.491194216147136800,3.232985782865474900,2.463843793391461200,2.463843793391477200,2.463843793391495400
1.494200228171184800,3.239819358395279000,2.463843793391460300,2.463843793391476300,2.463843793391494500
1.497206240195232900,3.243863272768151800,2.463843793391460300,2.463843793391476300,2.463843793391494500
1.500000000000000000,3.245088474905426100,2.463843793391460800,2.463843793391476700,2.463843793391494500
